instrument-self-tests	Set up job	﻿2026-10-08T14:14:13.8721682Z Current runner version: '2.337.0'
instrument-self-tests	Set up job	2026-10-08T14:14:13.8749939Z ##[group]Runner Image Provisioner
instrument-self-tests	Set up job	2026-10-08T14:14:13.8750862Z Hosted Compute Agent
instrument-self-tests	Set up job	2026-10-08T14:14:13.8751610Z Version: 20261002.596
instrument-self-tests	Set up job	2026-10-08T14:14:13.8752247Z Commit: c3d12f3313a95f25162a1503be624f3b0617f8c0
instrument-self-tests	Set up job	2026-10-08T14:14:13.8753029Z Build Date: 2026-10-02T22:28:27Z
instrument-self-tests	Set up job	2026-10-08T14:14:13.8753744Z Worker ID: {5483537c-d8a4-4417-b9af-8d7a0dbc2627}
instrument-self-tests	Set up job	2026-10-08T14:14:13.8754486Z Region: westus2
instrument-self-tests	Set up job	2026-10-08T14:14:13.8755493Z Cloud: Azure
instrument-self-tests	Set up job	2026-10-08T14:14:13.8756099Z ##[endgroup]
instrument-self-tests	Set up job	2026-10-08T14:14:13.8757623Z ##[group]Operating System
instrument-self-tests	Set up job	2026-10-08T14:14:13.8758439Z Ubuntu
instrument-self-tests	Set up job	2026-10-08T14:14:13.8759005Z 24.04.5
instrument-self-tests	Set up job	2026-10-08T14:14:13.8759573Z LTS
instrument-self-tests	Set up job	2026-10-08T14:14:13.8760091Z ##[endgroup]
instrument-self-tests	Set up job	2026-10-08T14:14:13.8760633Z ##[group]Runner Image
instrument-self-tests	Set up job	2026-10-08T14:14:13.8761286Z Image: ubuntu-24.04
instrument-self-tests	Set up job	2026-10-08T14:14:13.8761894Z Version: 20261004.327.1
instrument-self-tests	Set up job	2026-10-08T14:14:13.8762992Z Included Software: https://github.com/actions/runner-images/blob/ubuntu24/20261004.327/images/ubuntu/Ubuntu2404-Readme.md
instrument-self-tests	Set up job	2026-10-08T14:14:13.8764722Z Image Release: https://github.com/actions/runner-images/releases/tag/ubuntu24%2F20261004.327
instrument-self-tests	Set up job	2026-10-08T14:14:13.8766015Z ##[endgroup]
instrument-self-tests	Set up job	2026-10-08T14:14:13.8767165Z ##[group]GITHUB_TOKEN Permissions
instrument-self-tests	Set up job	2026-10-08T14:14:13.8769092Z Contents: read
instrument-self-tests	Set up job	2026-10-08T14:14:13.8769731Z Metadata: read
instrument-self-tests	Set up job	2026-10-08T14:14:13.8770367Z ##[endgroup]
instrument-self-tests	Set up job	2026-10-08T14:14:13.8772623Z Secret source: Actions
instrument-self-tests	Set up job	2026-10-08T14:14:13.8773667Z Cache mode: write
instrument-self-tests	Set up job	2026-10-08T14:14:13.8774388Z Prepare workflow directory
instrument-self-tests	Set up job	2026-10-08T14:14:13.9197618Z Prepare all required actions
instrument-self-tests	Set up job	2026-10-08T14:14:13.9260161Z Getting action download info
instrument-self-tests	Set up job	2026-10-08T14:14:14.2861249Z Download action repository 'actions/checkout@fbc6f3992d24b796d5a048ff273f7fcc4a7b6c09' (SHA:fbc6f3992d24b796d5a048ff273f7fcc4a7b6c09)
instrument-self-tests	Set up job	2026-10-08T14:14:14.3853528Z Download action repository 'actions/setup-node@a0853c24544627f65ddf259abe73b1d18a591444' (SHA:a0853c24544627f65ddf259abe73b1d18a591444)
instrument-self-tests	Set up job	2026-10-08T14:14:14.6165786Z Complete job name: instrument-self-tests
instrument-self-tests	Run actions/checkout@fbc6f3992d24b796d5a048ff273f7fcc4a7b6c09	﻿2026-10-08T14:14:14.7047713Z ##[group]Run actions/checkout@fbc6f3992d24b796d5a048ff273f7fcc4a7b6c09
instrument-self-tests	Run actions/checkout@fbc6f3992d24b796d5a048ff273f7fcc4a7b6c09	2026-10-08T14:14:14.7048905Z with:
instrument-self-tests	Run actions/checkout@fbc6f3992d24b796d5a048ff273f7fcc4a7b6c09	2026-10-08T14:14:14.7049360Z   fetch-depth: 0
instrument-self-tests	Run actions/checkout@fbc6f3992d24b796d5a048ff273f7fcc4a7b6c09	2026-10-08T14:14:14.7049823Z   fetch-tags: true
instrument-self-tests	Run actions/checkout@fbc6f3992d24b796d5a048ff273f7fcc4a7b6c09	2026-10-08T14:14:14.7050325Z   repository: tvofi/heatpump_optimizer
instrument-self-tests	Run actions/checkout@fbc6f3992d24b796d5a048ff273f7fcc4a7b6c09	2026-10-08T14:14:14.7054128Z   token: ***
instrument-self-tests	Run actions/checkout@fbc6f3992d24b796d5a048ff273f7fcc4a7b6c09	2026-10-08T14:14:14.7054566Z   ssh-strict: true
instrument-self-tests	Run actions/checkout@fbc6f3992d24b796d5a048ff273f7fcc4a7b6c09	2026-10-08T14:14:14.7055234Z   ssh-user: git
instrument-self-tests	Run actions/checkout@fbc6f3992d24b796d5a048ff273f7fcc4a7b6c09	2026-10-08T14:14:14.7055701Z   persist-credentials: true
instrument-self-tests	Run actions/checkout@fbc6f3992d24b796d5a048ff273f7fcc4a7b6c09	2026-10-08T14:14:14.7056193Z   clean: true
instrument-self-tests	Run actions/checkout@fbc6f3992d24b796d5a048ff273f7fcc4a7b6c09	2026-10-08T14:14:14.7056640Z   sparse-checkout-cone-mode: true
instrument-self-tests	Run actions/checkout@fbc6f3992d24b796d5a048ff273f7fcc4a7b6c09	2026-10-08T14:14:14.7057170Z   show-progress: true
instrument-self-tests	Run actions/checkout@fbc6f3992d24b796d5a048ff273f7fcc4a7b6c09	2026-10-08T14:14:14.7057618Z   lfs: false
instrument-self-tests	Run actions/checkout@fbc6f3992d24b796d5a048ff273f7fcc4a7b6c09	2026-10-08T14:14:14.7058035Z   submodules: false
instrument-self-tests	Run actions/checkout@fbc6f3992d24b796d5a048ff273f7fcc4a7b6c09	2026-10-08T14:14:14.7058489Z   set-safe-directory: true
instrument-self-tests	Run actions/checkout@fbc6f3992d24b796d5a048ff273f7fcc4a7b6c09	2026-10-08T14:14:14.7058997Z   allow-unsafe-pr-checkout: false
instrument-self-tests	Run actions/checkout@fbc6f3992d24b796d5a048ff273f7fcc4a7b6c09	2026-10-08T14:14:14.7059893Z env:
instrument-self-tests	Run actions/checkout@fbc6f3992d24b796d5a048ff273f7fcc4a7b6c09	2026-10-08T14:14:14.7060331Z   HPO_JOB_GRADES: nothing
instrument-self-tests	Run actions/checkout@fbc6f3992d24b796d5a048ff273f7fcc4a7b6c09	2026-10-08T14:14:14.7060826Z ##[endgroup]
instrument-self-tests	Run actions/checkout@fbc6f3992d24b796d5a048ff273f7fcc4a7b6c09	2026-10-08T14:14:14.8084444Z Syncing repository: tvofi/heatpump_optimizer
instrument-self-tests	Run actions/checkout@fbc6f3992d24b796d5a048ff273f7fcc4a7b6c09	2026-10-08T14:14:14.8087634Z ##[group]Getting Git version info
instrument-self-tests	Run actions/checkout@fbc6f3992d24b796d5a048ff273f7fcc4a7b6c09	2026-10-08T14:14:14.8088964Z Working directory is '/home/runner/work/heatpump_optimizer/heatpump_optimizer'
instrument-self-tests	Run actions/checkout@fbc6f3992d24b796d5a048ff273f7fcc4a7b6c09	2026-10-08T14:14:14.8090791Z [command]/usr/bin/git version
instrument-self-tests	Run actions/checkout@fbc6f3992d24b796d5a048ff273f7fcc4a7b6c09	2026-10-08T14:14:14.8152252Z git version 2.55.0
instrument-self-tests	Run actions/checkout@fbc6f3992d24b796d5a048ff273f7fcc4a7b6c09	2026-10-08T14:14:14.8175443Z ##[endgroup]
instrument-self-tests	Run actions/checkout@fbc6f3992d24b796d5a048ff273f7fcc4a7b6c09	2026-10-08T14:14:14.8202684Z Temporarily overriding HOME='/home/runner/work/_temp/d0e86645-9fd0-4263-a4d0-7a06b56bf996' before making global git config changes
instrument-self-tests	Run actions/checkout@fbc6f3992d24b796d5a048ff273f7fcc4a7b6c09	2026-10-08T14:14:14.8210035Z Adding repository directory to the temporary git global config as a safe directory
instrument-self-tests	Run actions/checkout@fbc6f3992d24b796d5a048ff273f7fcc4a7b6c09	2026-10-08T14:14:14.8211582Z [command]/usr/bin/git config --global --add safe.directory /home/runner/work/heatpump_optimizer/heatpump_optimizer
instrument-self-tests	Run actions/checkout@fbc6f3992d24b796d5a048ff273f7fcc4a7b6c09	2026-10-08T14:14:14.8267723Z Deleting the contents of '/home/runner/work/heatpump_optimizer/heatpump_optimizer'
instrument-self-tests	Run actions/checkout@fbc6f3992d24b796d5a048ff273f7fcc4a7b6c09	2026-10-08T14:14:14.8272744Z ##[group]Initializing the repository
instrument-self-tests	Run actions/checkout@fbc6f3992d24b796d5a048ff273f7fcc4a7b6c09	2026-10-08T14:14:14.8278897Z [command]/usr/bin/git init /home/runner/work/heatpump_optimizer/heatpump_optimizer
instrument-self-tests	Run actions/checkout@fbc6f3992d24b796d5a048ff273f7fcc4a7b6c09	2026-10-08T14:14:14.8418448Z hint: Using 'master' as the name for the initial branch. This default branch name
instrument-self-tests	Run actions/checkout@fbc6f3992d24b796d5a048ff273f7fcc4a7b6c09	2026-10-08T14:14:14.8420569Z hint: will change to "main" in Git 3.0. To configure the initial branch name
instrument-self-tests	Run actions/checkout@fbc6f3992d24b796d5a048ff273f7fcc4a7b6c09	2026-10-08T14:14:14.8429586Z hint: to use in all of your new repositories, which will suppress this warning,
instrument-self-tests	Run actions/checkout@fbc6f3992d24b796d5a048ff273f7fcc4a7b6c09	2026-10-08T14:14:14.8431219Z hint: call:
instrument-self-tests	Run actions/checkout@fbc6f3992d24b796d5a048ff273f7fcc4a7b6c09	2026-10-08T14:14:14.8432234Z hint:
instrument-self-tests	Run actions/checkout@fbc6f3992d24b796d5a048ff273f7fcc4a7b6c09	2026-10-08T14:14:14.8433407Z hint: 	git config --global init.defaultBranch <name>
instrument-self-tests	Run actions/checkout@fbc6f3992d24b796d5a048ff273f7fcc4a7b6c09	2026-10-08T14:14:14.8434840Z hint:
instrument-self-tests	Run actions/checkout@fbc6f3992d24b796d5a048ff273f7fcc4a7b6c09	2026-10-08T14:14:14.8436541Z hint: Names commonly chosen instead of 'master' are 'main', 'trunk' and
instrument-self-tests	Run actions/checkout@fbc6f3992d24b796d5a048ff273f7fcc4a7b6c09	2026-10-08T14:14:14.8438503Z hint: 'development'. The just-created branch can be renamed via this command:
instrument-self-tests	Run actions/checkout@fbc6f3992d24b796d5a048ff273f7fcc4a7b6c09	2026-10-08T14:14:14.8440428Z hint:
instrument-self-tests	Run actions/checkout@fbc6f3992d24b796d5a048ff273f7fcc4a7b6c09	2026-10-08T14:14:14.8441455Z hint: 	git branch -m <name>
instrument-self-tests	Run actions/checkout@fbc6f3992d24b796d5a048ff273f7fcc4a7b6c09	2026-10-08T14:14:14.8442504Z hint:
instrument-self-tests	Run actions/checkout@fbc6f3992d24b796d5a048ff273f7fcc4a7b6c09	2026-10-08T14:14:14.8443778Z hint: Disable this message with "git config set advice.defaultBranchName false"
instrument-self-tests	Run actions/checkout@fbc6f3992d24b796d5a048ff273f7fcc4a7b6c09	2026-10-08T14:14:14.8446390Z Initialized empty Git repository in /home/runner/work/heatpump_optimizer/heatpump_optimizer/.git/
instrument-self-tests	Run actions/checkout@fbc6f3992d24b796d5a048ff273f7fcc4a7b6c09	2026-10-08T14:14:14.8450267Z [command]/usr/bin/git remote add origin https://github.com/tvofi/heatpump_optimizer
instrument-self-tests	Run actions/checkout@fbc6f3992d24b796d5a048ff273f7fcc4a7b6c09	2026-10-08T14:14:14.8505562Z ##[endgroup]
instrument-self-tests	Run actions/checkout@fbc6f3992d24b796d5a048ff273f7fcc4a7b6c09	2026-10-08T14:14:14.8506909Z ##[group]Disabling automatic garbage collection
instrument-self-tests	Run actions/checkout@fbc6f3992d24b796d5a048ff273f7fcc4a7b6c09	2026-10-08T14:14:14.8510340Z [command]/usr/bin/git config --local gc.auto 0
instrument-self-tests	Run actions/checkout@fbc6f3992d24b796d5a048ff273f7fcc4a7b6c09	2026-10-08T14:14:14.8546678Z ##[endgroup]
instrument-self-tests	Run actions/checkout@fbc6f3992d24b796d5a048ff273f7fcc4a7b6c09	2026-10-08T14:14:14.8547969Z ##[group]Setting up auth
instrument-self-tests	Run actions/checkout@fbc6f3992d24b796d5a048ff273f7fcc4a7b6c09	2026-10-08T14:14:14.8554472Z [command]/usr/bin/git config --local --name-only --get-regexp core\.sshCommand
instrument-self-tests	Run actions/checkout@fbc6f3992d24b796d5a048ff273f7fcc4a7b6c09	2026-10-08T14:14:14.8590691Z [command]/usr/bin/git submodule foreach --recursive sh -c "git config --local --name-only --get-regexp 'core\.sshCommand' && git config --local --unset-all 'core.sshCommand' || :"
instrument-self-tests	Run actions/checkout@fbc6f3992d24b796d5a048ff273f7fcc4a7b6c09	2026-10-08T14:14:14.9019912Z [command]/usr/bin/git config --local --name-only --get-regexp http\.https\:\/\/github\.com\/\.extraheader
instrument-self-tests	Run actions/checkout@fbc6f3992d24b796d5a048ff273f7fcc4a7b6c09	2026-10-08T14:14:14.9057218Z [command]/usr/bin/git submodule foreach --recursive sh -c "git config --local --name-only --get-regexp 'http\.https\:\/\/github\.com\/\.extraheader' && git config --local --unset-all 'http.https://github.com/.extraheader' || :"
instrument-self-tests	Run actions/checkout@fbc6f3992d24b796d5a048ff273f7fcc4a7b6c09	2026-10-08T14:14:14.9289365Z [command]/usr/bin/git config --local --name-only --get-regexp ^includeIf\.gitdir:
instrument-self-tests	Run actions/checkout@fbc6f3992d24b796d5a048ff273f7fcc4a7b6c09	2026-10-08T14:14:14.9329583Z [command]/usr/bin/git submodule foreach --recursive git config --local --show-origin --name-only --get-regexp remote.origin.url
instrument-self-tests	Run actions/checkout@fbc6f3992d24b796d5a048ff273f7fcc4a7b6c09	2026-10-08T14:14:14.9586587Z [command]/usr/bin/git config --local http.https://github.com/.extraheader AUTHORIZATION: basic ***
instrument-self-tests	Run actions/checkout@fbc6f3992d24b796d5a048ff273f7fcc4a7b6c09	2026-10-08T14:14:14.9640596Z ##[endgroup]
instrument-self-tests	Run actions/checkout@fbc6f3992d24b796d5a048ff273f7fcc4a7b6c09	2026-10-08T14:14:14.9641691Z ##[group]Fetching the repository
instrument-self-tests	Run actions/checkout@fbc6f3992d24b796d5a048ff273f7fcc4a7b6c09	2026-10-08T14:14:14.9657521Z [command]/usr/bin/git -c protocol.version=2 fetch --prune --no-recurse-submodules origin +refs/heads/*:refs/remotes/origin/* +refs/tags/*:refs/tags/* +42ee5eee9cb2e3df0a46a510a90f9c6d96c0d8c9:refs/remotes/pull/2061/merge
instrument-self-tests	Run actions/checkout@fbc6f3992d24b796d5a048ff273f7fcc4a7b6c09	2026-10-08T14:14:22.0412695Z From https://github.com/tvofi/heatpump_optimizer
instrument-self-tests	Run actions/checkout@fbc6f3992d24b796d5a048ff273f7fcc4a7b6c09	2026-10-08T14:14:22.0416183Z  * [new branch]        bus/approvals           -> origin/bus/approvals
instrument-self-tests	Run actions/checkout@fbc6f3992d24b796d5a048ff273f7fcc4a7b6c09	2026-10-08T14:14:22.0418854Z  * [new branch]        cursor/r9-eg-entry-config-9aac -> origin/cursor/r9-eg-entry-config-9aac
instrument-self-tests	Run actions/checkout@fbc6f3992d24b796d5a048ff273f7fcc4a7b6c09	2026-10-08T14:14:22.0421231Z  * [new branch]        cursor/r9-sw-1-resume-826f -> origin/cursor/r9-sw-1-resume-826f
instrument-self-tests	Run actions/checkout@fbc6f3992d24b796d5a048ff273f7fcc4a7b6c09	2026-10-08T14:14:22.0423002Z  * [new branch]        cursor/r9-sw-2-actuation-6d19 -> origin/cursor/r9-sw-2-actuation-6d19
instrument-self-tests	Run actions/checkout@fbc6f3992d24b796d5a048ff273f7fcc4a7b6c09	2026-10-08T14:14:22.0424828Z  * [new branch]        fix/r9-ci-1-autofix-skip -> origin/fix/r9-ci-1-autofix-skip
instrument-self-tests	Run actions/checkout@fbc6f3992d24b796d5a048ff273f7fcc4a7b6c09	2026-10-08T14:14:22.0426655Z  * [new branch]        fix/r9-ci-2b            -> origin/fix/r9-ci-2b
instrument-self-tests	Run actions/checkout@fbc6f3992d24b796d5a048ff273f7fcc4a7b6c09	2026-10-08T14:14:22.0428116Z  * [new branch]        fix/r9-ci-2b-carry      -> origin/fix/r9-ci-2b-carry
instrument-self-tests	Run actions/checkout@fbc6f3992d24b796d5a048ff273f7fcc4a7b6c09	2026-10-08T14:14:22.0429636Z  * [new branch]        fix/r9-eg-entry-config  -> origin/fix/r9-eg-entry-config
instrument-self-tests	Run actions/checkout@fbc6f3992d24b796d5a048ff273f7fcc4a7b6c09	2026-10-08T14:14:22.0431721Z  * [new branch]        fix/r9-nightly-ha-on-pr -> origin/fix/r9-nightly-ha-on-pr
instrument-self-tests	Run actions/checkout@fbc6f3992d24b796d5a048ff273f7fcc4a7b6c09	2026-10-08T14:14:22.0433748Z  * [new branch]        fix/r9-ro-9a-pr         -> origin/fix/r9-ro-9a-pr
instrument-self-tests	Run actions/checkout@fbc6f3992d24b796d5a048ff273f7fcc4a7b6c09	2026-10-08T14:14:22.0435438Z  * [new branch]        fix/r9-ux-actions       -> origin/fix/r9-ux-actions
instrument-self-tests	Run actions/checkout@fbc6f3992d24b796d5a048ff273f7fcc4a7b6c09	2026-10-08T14:14:22.0436984Z  * [new branch]        fix/r9-ux9              -> origin/fix/r9-ux9
instrument-self-tests	Run actions/checkout@fbc6f3992d24b796d5a048ff273f7fcc4a7b6c09	2026-10-08T14:14:22.0438594Z  * [new branch]        handoff-body/r9-ci-1    -> origin/handoff-body/r9-ci-1
instrument-self-tests	Run actions/checkout@fbc6f3992d24b796d5a048ff273f7fcc4a7b6c09	2026-10-08T14:14:22.0440676Z  * [new branch]        handoff-body/r9-ci-1-autofix-skip -> origin/handoff-body/r9-ci-1-autofix-skip
instrument-self-tests	Run actions/checkout@fbc6f3992d24b796d5a048ff273f7fcc4a7b6c09	2026-10-08T14:14:22.0442843Z  * [new branch]        handoff-body/r9-ci-2a   -> origin/handoff-body/r9-ci-2a
instrument-self-tests	Run actions/checkout@fbc6f3992d24b796d5a048ff273f7fcc4a7b6c09	2026-10-08T14:14:22.0444542Z  * [new branch]        handoff-body/r9-ci-2b   -> origin/handoff-body/r9-ci-2b
instrument-self-tests	Run actions/checkout@fbc6f3992d24b796d5a048ff273f7fcc4a7b6c09	2026-10-08T14:14:22.0446567Z  * [new branch]        handoff-body/r9-ci-2b-carry -> origin/handoff-body/r9-ci-2b-carry
instrument-self-tests	Run actions/checkout@fbc6f3992d24b796d5a048ff273f7fcc4a7b6c09	2026-10-08T14:14:22.0448624Z  * [new branch]        handoff-body/r9-closures-eg-b7 -> origin/handoff-body/r9-closures-eg-b7
instrument-self-tests	Run actions/checkout@fbc6f3992d24b796d5a048ff273f7fcc4a7b6c09	2026-10-08T14:14:22.0450761Z  * [new branch]        handoff-body/r9-dbg-1   -> origin/handoff-body/r9-dbg-1
instrument-self-tests	Run actions/checkout@fbc6f3992d24b796d5a048ff273f7fcc4a7b6c09	2026-10-08T14:14:22.0452432Z  * [new branch]        handoff-body/r9-dbg-2   -> origin/handoff-body/r9-dbg-2
instrument-self-tests	Run actions/checkout@fbc6f3992d24b796d5a048ff273f7fcc4a7b6c09	2026-10-08T14:14:22.0453903Z  * [new branch]        handoff-body/r9-eg-a4   -> origin/handoff-body/r9-eg-a4
instrument-self-tests	Run actions/checkout@fbc6f3992d24b796d5a048ff273f7fcc4a7b6c09	2026-10-08T14:14:22.0455781Z  * [new branch]        handoff-body/r9-eg-b7-harness -> origin/handoff-body/r9-eg-b7-harness
instrument-self-tests	Run actions/checkout@fbc6f3992d24b796d5a048ff273f7fcc4a7b6c09	2026-10-08T14:14:22.0457727Z  * [new branch]        handoff-body/r9-eg-coordinator-seams -> origin/handoff-body/r9-eg-coordinator-seams
instrument-self-tests	Run actions/checkout@fbc6f3992d24b796d5a048ff273f7fcc4a7b6c09	2026-10-08T14:14:22.0459798Z  * [new branch]        handoff-body/r9-eg-entry-config -> origin/handoff-body/r9-eg-entry-config
instrument-self-tests	Run actions/checkout@fbc6f3992d24b796d5a048ff273f7fcc4a7b6c09	2026-10-08T14:14:22.0461382Z  * [new branch]        handoff-body/r9-eg-solve-inputs -> origin/handoff-body/r9-eg-solve-inputs
instrument-self-tests	Run actions/checkout@fbc6f3992d24b796d5a048ff273f7fcc4a7b6c09	2026-10-08T14:14:22.0462465Z  * [new branch]        handoff-body/r9-fixer-cap -> origin/handoff-body/r9-fixer-cap
instrument-self-tests	Run actions/checkout@fbc6f3992d24b796d5a048ff273f7fcc4a7b6c09	2026-10-08T14:14:22.0463418Z  * [new branch]        handoff-body/r9-gittmp  -> origin/handoff-body/r9-gittmp
instrument-self-tests	Run actions/checkout@fbc6f3992d24b796d5a048ff273f7fcc4a7b6c09	2026-10-08T14:14:22.0464424Z  * [new branch]        handoff-body/r9-main-closures -> origin/handoff-body/r9-main-closures
instrument-self-tests	Run actions/checkout@fbc6f3992d24b796d5a048ff273f7fcc4a7b6c09	2026-10-08T14:14:22.0466124Z  * [new branch]        handoff-body/r9-nightly-bdr -> origin/handoff-body/r9-nightly-bdr
instrument-self-tests	Run actions/checkout@fbc6f3992d24b796d5a048ff273f7fcc4a7b6c09	2026-10-08T14:14:22.0467262Z  * [new branch]        handoff-body/r9-nightly-ha -> origin/handoff-body/r9-nightly-ha
instrument-self-tests	Run actions/checkout@fbc6f3992d24b796d5a048ff273f7fcc4a7b6c09	2026-10-08T14:14:22.0468338Z  * [new branch]        handoff-body/r9-nightly-ha-on-pr -> origin/handoff-body/r9-nightly-ha-on-pr
instrument-self-tests	Run actions/checkout@fbc6f3992d24b796d5a048ff273f7fcc4a7b6c09	2026-10-08T14:14:22.0470279Z  * [new branch]        handoff-body/r9-prepr-selftest -> origin/handoff-body/r9-prepr-selftest
instrument-self-tests	Run actions/checkout@fbc6f3992d24b796d5a048ff273f7fcc4a7b6c09	2026-10-08T14:14:22.0472080Z  * [new branch]        handoff-body/r9-rca-1985 -> origin/handoff-body/r9-rca-1985
instrument-self-tests	Run actions/checkout@fbc6f3992d24b796d5a048ff273f7fcc4a7b6c09	2026-10-08T14:14:22.0473635Z  * [new branch]        handoff-body/r9-rca-1990 -> origin/handoff-body/r9-rca-1990
instrument-self-tests	Run actions/checkout@fbc6f3992d24b796d5a048ff273f7fcc4a7b6c09	2026-10-08T14:14:22.0475657Z  * [new branch]        handoff-body/r9-rca-2004 -> origin/handoff-body/r9-rca-2004
instrument-self-tests	Run actions/checkout@fbc6f3992d24b796d5a048ff273f7fcc4a7b6c09	2026-10-08T14:14:22.0477700Z  * [new branch]        handoff-body/r9-rca-bugclasses -> origin/handoff-body/r9-rca-bugclasses
instrument-self-tests	Run actions/checkout@fbc6f3992d24b796d5a048ff273f7fcc4a7b6c09	2026-10-08T14:14:22.0479987Z  * [new branch]        handoff-body/r9-rca-stamp-race -> origin/handoff-body/r9-rca-stamp-race
instrument-self-tests	Run actions/checkout@fbc6f3992d24b796d5a048ff273f7fcc4a7b6c09	2026-10-08T14:14:22.0482022Z  * [new branch]        handoff-body/r9-rca-stress-recording -> origin/handoff-body/r9-rca-stress-recording
instrument-self-tests	Run actions/checkout@fbc6f3992d24b796d5a048ff273f7fcc4a7b6c09	2026-10-08T14:14:22.0483561Z  * [new branch]        handoff-body/r9-record-automerge -> origin/handoff-body/r9-record-automerge
instrument-self-tests	Run actions/checkout@fbc6f3992d24b796d5a048ff273f7fcc4a7b6c09	2026-10-08T14:14:22.0485524Z  * [new branch]        handoff-body/r9-record-path -> origin/handoff-body/r9-record-path
instrument-self-tests	Run actions/checkout@fbc6f3992d24b796d5a048ff273f7fcc4a7b6c09	2026-10-08T14:14:22.0486622Z  * [new branch]        handoff-body/r9-ro-10   -> origin/handoff-body/r9-ro-10
instrument-self-tests	Run actions/checkout@fbc6f3992d24b796d5a048ff273f7fcc4a7b6c09	2026-10-08T14:14:22.0487528Z  * [new branch]        handoff-body/r9-ro-11   -> origin/handoff-body/r9-ro-11
instrument-self-tests	Run actions/checkout@fbc6f3992d24b796d5a048ff273f7fcc4a7b6c09	2026-10-08T14:14:22.0488422Z  * [new branch]        handoff-body/r9-ro-12   -> origin/handoff-body/r9-ro-12
instrument-self-tests	Run actions/checkout@fbc6f3992d24b796d5a048ff273f7fcc4a7b6c09	2026-10-08T14:14:22.0489453Z  * [new branch]        handoff-body/r9-ro-8    -> origin/handoff-body/r9-ro-8
instrument-self-tests	Run actions/checkout@fbc6f3992d24b796d5a048ff273f7fcc4a7b6c09	2026-10-08T14:14:22.0490370Z  * [new branch]        handoff-body/r9-ro-9a   -> origin/handoff-body/r9-ro-9a
instrument-self-tests	Run actions/checkout@fbc6f3992d24b796d5a048ff273f7fcc4a7b6c09	2026-10-08T14:14:22.0491665Z  * [new branch]        handoff-body/r9-sw-5    -> origin/handoff-body/r9-sw-5
instrument-self-tests	Run actions/checkout@fbc6f3992d24b796d5a048ff273f7fcc4a7b6c09	2026-10-08T14:14:22.0492643Z  * [new branch]        handoff-body/r9-sw-actuation -> origin/handoff-body/r9-sw-actuation
instrument-self-tests	Run actions/checkout@fbc6f3992d24b796d5a048ff273f7fcc4a7b6c09	2026-10-08T14:14:22.0493690Z  * [new branch]        handoff-body/r9-sw6     -> origin/handoff-body/r9-sw6
instrument-self-tests	Run actions/checkout@fbc6f3992d24b796d5a048ff273f7fcc4a7b6c09	2026-10-08T14:14:22.0494826Z  * [new branch]        handoff-body/r9-ux-10   -> origin/handoff-body/r9-ux-10
instrument-self-tests	Run actions/checkout@fbc6f3992d24b796d5a048ff273f7fcc4a7b6c09	2026-10-08T14:14:22.0496047Z  * [new branch]        handoff-body/r9-ux-6    -> origin/handoff-body/r9-ux-6
instrument-self-tests	Run actions/checkout@fbc6f3992d24b796d5a048ff273f7fcc4a7b6c09	2026-10-08T14:14:22.0496945Z  * [new branch]        handoff-body/r9-ux-7    -> origin/handoff-body/r9-ux-7
instrument-self-tests	Run actions/checkout@fbc6f3992d24b796d5a048ff273f7fcc4a7b6c09	2026-10-08T14:14:22.0497870Z  * [new branch]        handoff-body/r9-ux-actions -> origin/handoff-body/r9-ux-actions
instrument-self-tests	Run actions/checkout@fbc6f3992d24b796d5a048ff273f7fcc4a7b6c09	2026-10-08T14:14:22.0498986Z  * [new branch]        handoff-body/r9-ux9     -> origin/handoff-body/r9-ux9
instrument-self-tests	Run actions/checkout@fbc6f3992d24b796d5a048ff273f7fcc4a7b6c09	2026-10-08T14:14:22.0499930Z  * [new branch]        handoff/audit-r9-alt    -> origin/handoff/audit-r9-alt
instrument-self-tests	Run actions/checkout@fbc6f3992d24b796d5a048ff273f7fcc4a7b6c09	2026-10-08T14:14:22.0501165Z  * [new branch]        handoff/audit-r9-evidence -> origin/handoff/audit-r9-evidence
instrument-self-tests	Run actions/checkout@fbc6f3992d24b796d5a048ff273f7fcc4a7b6c09	2026-10-08T14:14:22.0502305Z  * [new branch]        handoff/audit-r9-find-B1 -> origin/handoff/audit-r9-find-B1
instrument-self-tests	Run actions/checkout@fbc6f3992d24b796d5a048ff273f7fcc4a7b6c09	2026-10-08T14:14:22.0504189Z  * [new branch]        handoff/audit-r9-find-B10 -> origin/handoff/audit-r9-find-B10
instrument-self-tests	Run actions/checkout@fbc6f3992d24b796d5a048ff273f7fcc4a7b6c09	2026-10-08T14:14:22.0506461Z  * [new branch]        handoff/audit-r9-find-B2 -> origin/handoff/audit-r9-find-B2
instrument-self-tests	Run actions/checkout@fbc6f3992d24b796d5a048ff273f7fcc4a7b6c09	2026-10-08T14:14:22.0508262Z  * [new branch]        handoff/audit-r9-find-B3 -> origin/handoff/audit-r9-find-B3
instrument-self-tests	Run actions/checkout@fbc6f3992d24b796d5a048ff273f7fcc4a7b6c09	2026-10-08T14:14:22.0509959Z  * [new branch]        handoff/audit-r9-find-B4 -> origin/handoff/audit-r9-find-B4
instrument-self-tests	Run actions/checkout@fbc6f3992d24b796d5a048ff273f7fcc4a7b6c09	2026-10-08T14:14:22.0511740Z  * [new branch]        handoff/audit-r9-find-B5 -> origin/handoff/audit-r9-find-B5
instrument-self-tests	Run actions/checkout@fbc6f3992d24b796d5a048ff273f7fcc4a7b6c09	2026-10-08T14:14:22.0513587Z  * [new branch]        handoff/audit-r9-find-B6 -> origin/handoff/audit-r9-find-B6
instrument-self-tests	Run actions/checkout@fbc6f3992d24b796d5a048ff273f7fcc4a7b6c09	2026-10-08T14:14:22.0515603Z  * [new branch]        handoff/audit-r9-find-B7 -> origin/handoff/audit-r9-find-B7
instrument-self-tests	Run actions/checkout@fbc6f3992d24b796d5a048ff273f7fcc4a7b6c09	2026-10-08T14:14:22.0517383Z  * [new branch]        handoff/audit-r9-find-B8 -> origin/handoff/audit-r9-find-B8
instrument-self-tests	Run actions/checkout@fbc6f3992d24b796d5a048ff273f7fcc4a7b6c09	2026-10-08T14:14:22.0519400Z  * [new branch]        handoff/audit-r9-find-B9 -> origin/handoff/audit-r9-find-B9
instrument-self-tests	Run actions/checkout@fbc6f3992d24b796d5a048ff273f7fcc4a7b6c09	2026-10-08T14:14:22.0520993Z  * [new branch]        handoff/audit-r9-fixplan -> origin/handoff/audit-r9-fixplan
instrument-self-tests	Run actions/checkout@fbc6f3992d24b796d5a048ff273f7fcc4a7b6c09	2026-10-08T14:14:22.0522813Z  * [new branch]        handoff/audit-r9-issues -> origin/handoff/audit-r9-issues
instrument-self-tests	Run actions/checkout@fbc6f3992d24b796d5a048ff273f7fcc4a7b6c09	2026-10-08T14:14:22.0523795Z  * [new branch]        handoff/audit-r9-judge  -> origin/handoff/audit-r9-judge
instrument-self-tests	Run actions/checkout@fbc6f3992d24b796d5a048ff273f7fcc4a7b6c09	2026-10-08T14:14:22.0524728Z  * [new branch]        handoff/audit-r9-leads  -> origin/handoff/audit-r9-leads
instrument-self-tests	Run actions/checkout@fbc6f3992d24b796d5a048ff273f7fcc4a7b6c09	2026-10-08T14:14:22.0526024Z  * [new branch]        handoff/audit-r9-leads-l2 -> origin/handoff/audit-r9-leads-l2
instrument-self-tests	Run actions/checkout@fbc6f3992d24b796d5a048ff273f7fcc4a7b6c09	2026-10-08T14:14:22.0527037Z  * [new branch]        handoff/audit-r9-leads-l3 -> origin/handoff/audit-r9-leads-l3
instrument-self-tests	Run actions/checkout@fbc6f3992d24b796d5a048ff273f7fcc4a7b6c09	2026-10-08T14:14:22.0528015Z  * [new branch]        handoff/audit-r9-leads-l4 -> origin/handoff/audit-r9-leads-l4
instrument-self-tests	Run actions/checkout@fbc6f3992d24b796d5a048ff273f7fcc4a7b6c09	2026-10-08T14:14:22.0529033Z  * [new branch]        handoff/audit-r9-leads-lc -> origin/handoff/audit-r9-leads-lc
instrument-self-tests	Run actions/checkout@fbc6f3992d24b796d5a048ff273f7fcc4a7b6c09	2026-10-08T14:14:22.0529986Z  * [new branch]        handoff/audit-r9-plan   -> origin/handoff/audit-r9-plan
instrument-self-tests	Run actions/checkout@fbc6f3992d24b796d5a048ff273f7fcc4a7b6c09	2026-10-08T14:14:22.0531238Z  * [new branch]        handoff/audit-r9-register -> origin/handoff/audit-r9-register
instrument-self-tests	Run actions/checkout@fbc6f3992d24b796d5a048ff273f7fcc4a7b6c09	2026-10-08T14:14:22.0532969Z  * [new branch]        handoff/audit-r9-runner-1 -> origin/handoff/audit-r9-runner-1
instrument-self-tests	Run actions/checkout@fbc6f3992d24b796d5a048ff273f7fcc4a7b6c09	2026-10-08T14:14:22.0534024Z  * [new branch]        handoff/audit-r9-sweep-s1 -> origin/handoff/audit-r9-sweep-s1
instrument-self-tests	Run actions/checkout@fbc6f3992d24b796d5a048ff273f7fcc4a7b6c09	2026-10-08T14:14:22.0535292Z  * [new branch]        handoff/audit-r9-sweep-s2 -> origin/handoff/audit-r9-sweep-s2
instrument-self-tests	Run actions/checkout@fbc6f3992d24b796d5a048ff273f7fcc4a7b6c09	2026-10-08T14:14:22.0536382Z  * [new branch]        handoff/audit-r9-sweep-s3 -> origin/handoff/audit-r9-sweep-s3
instrument-self-tests	Run actions/checkout@fbc6f3992d24b796d5a048ff273f7fcc4a7b6c09	2026-10-08T14:14:22.0537354Z  * [new branch]        handoff/audit-r9-sweep-s4 -> origin/handoff/audit-r9-sweep-s4
instrument-self-tests	Run actions/checkout@fbc6f3992d24b796d5a048ff273f7fcc4a7b6c09	2026-10-08T14:14:22.0538319Z  * [new branch]        handoff/audit-r9-sweep-s5 -> origin/handoff/audit-r9-sweep-s5
instrument-self-tests	Run actions/checkout@fbc6f3992d24b796d5a048ff273f7fcc4a7b6c09	2026-10-08T14:14:22.0539506Z  * [new branch]        handoff/audit-r9-sweep-s6 -> origin/handoff/audit-r9-sweep-s6
instrument-self-tests	Run actions/checkout@fbc6f3992d24b796d5a048ff273f7fcc4a7b6c09	2026-10-08T14:14:22.0540484Z  * [new branch]        handoff/audit-r9-sweep-s7 -> origin/handoff/audit-r9-sweep-s7
instrument-self-tests	Run actions/checkout@fbc6f3992d24b796d5a048ff273f7fcc4a7b6c09	2026-10-08T14:14:22.0541496Z  * [new branch]        handoff/audit-r9-verify-g1-v1 -> origin/handoff/audit-r9-verify-g1-v1
instrument-self-tests	Run actions/checkout@fbc6f3992d24b796d5a048ff273f7fcc4a7b6c09	2026-10-08T14:14:22.0542926Z  * [new branch]        handoff/audit-r9-verify-g1-v2 -> origin/handoff/audit-r9-verify-g1-v2
instrument-self-tests	Run actions/checkout@fbc6f3992d24b796d5a048ff273f7fcc4a7b6c09	2026-10-08T14:14:22.0544286Z  * [new branch]        handoff/audit-r9-verify-g1-v3 -> origin/handoff/audit-r9-verify-g1-v3
instrument-self-tests	Run actions/checkout@fbc6f3992d24b796d5a048ff273f7fcc4a7b6c09	2026-10-08T14:14:22.0546602Z  * [new branch]        handoff/audit-r9-verify-g2-v1 -> origin/handoff/audit-r9-verify-g2-v1
instrument-self-tests	Run actions/checkout@fbc6f3992d24b796d5a048ff273f7fcc4a7b6c09	2026-10-08T14:14:22.0548723Z  * [new branch]        handoff/audit-r9-verify-g2-v2 -> origin/handoff/audit-r9-verify-g2-v2
instrument-self-tests	Run actions/checkout@fbc6f3992d24b796d5a048ff273f7fcc4a7b6c09	2026-10-08T14:14:22.0550680Z  * [new branch]        handoff/audit-r9-verify-g2-v3 -> origin/handoff/audit-r9-verify-g2-v3
instrument-self-tests	Run actions/checkout@fbc6f3992d24b796d5a048ff273f7fcc4a7b6c09	2026-10-08T14:14:22.0552612Z  * [new branch]        handoff/audit-r9-verify-g3-v1 -> origin/handoff/audit-r9-verify-g3-v1
instrument-self-tests	Run actions/checkout@fbc6f3992d24b796d5a048ff273f7fcc4a7b6c09	2026-10-08T14:14:22.0554862Z  * [new branch]        handoff/audit-r9-verify-g3-v2 -> origin/handoff/audit-r9-verify-g3-v2
instrument-self-tests	Run actions/checkout@fbc6f3992d24b796d5a048ff273f7fcc4a7b6c09	2026-10-08T14:14:22.0557144Z  * [new branch]        handoff/audit-r9-verify-g3-v3 -> origin/handoff/audit-r9-verify-g3-v3
instrument-self-tests	Run actions/checkout@fbc6f3992d24b796d5a048ff273f7fcc4a7b6c09	2026-10-08T14:14:22.0558960Z  * [new branch]        handoff/audit-r9-verify-g4-v1 -> origin/handoff/audit-r9-verify-g4-v1
instrument-self-tests	Run actions/checkout@fbc6f3992d24b796d5a048ff273f7fcc4a7b6c09	2026-10-08T14:14:22.0560719Z  * [new branch]        handoff/audit-r9-verify-g4-v2 -> origin/handoff/audit-r9-verify-g4-v2
instrument-self-tests	Run actions/checkout@fbc6f3992d24b796d5a048ff273f7fcc4a7b6c09	2026-10-08T14:14:22.0562558Z  * [new branch]        handoff/audit-r9-verify-g4-v3 -> origin/handoff/audit-r9-verify-g4-v3
instrument-self-tests	Run actions/checkout@fbc6f3992d24b796d5a048ff273f7fcc4a7b6c09	2026-10-08T14:14:22.0564133Z  * [new branch]        handoff/r9-ci-1         -> origin/handoff/r9-ci-1
instrument-self-tests	Run actions/checkout@fbc6f3992d24b796d5a048ff273f7fcc4a7b6c09	2026-10-08T14:14:22.0565380Z  * [new branch]        handoff/r9-ci-1-autofix-skip -> origin/handoff/r9-ci-1-autofix-skip
instrument-self-tests	Run actions/checkout@fbc6f3992d24b796d5a048ff273f7fcc4a7b6c09	2026-10-08T14:14:22.0566407Z  * [new branch]        handoff/r9-ci-2a        -> origin/handoff/r9-ci-2a
instrument-self-tests	Run actions/checkout@fbc6f3992d24b796d5a048ff273f7fcc4a7b6c09	2026-10-08T14:14:22.0567236Z  * [new branch]        handoff/r9-ci-2b        -> origin/handoff/r9-ci-2b
instrument-self-tests	Run actions/checkout@fbc6f3992d24b796d5a048ff273f7fcc4a7b6c09	2026-10-08T14:14:22.0568444Z  * [new branch]        handoff/r9-ci-2b-carry  -> origin/handoff/r9-ci-2b-carry
instrument-self-tests	Run actions/checkout@fbc6f3992d24b796d5a048ff273f7fcc4a7b6c09	2026-10-08T14:14:22.0569392Z  * [new branch]        handoff/r9-closures-eg-b7 -> origin/handoff/r9-closures-eg-b7
instrument-self-tests	Run actions/checkout@fbc6f3992d24b796d5a048ff273f7fcc4a7b6c09	2026-10-08T14:14:22.0570297Z  * [new branch]        handoff/r9-dbg-0        -> origin/handoff/r9-dbg-0
instrument-self-tests	Run actions/checkout@fbc6f3992d24b796d5a048ff273f7fcc4a7b6c09	2026-10-08T14:14:22.0571123Z  * [new branch]        handoff/r9-dbg-1        -> origin/handoff/r9-dbg-1
instrument-self-tests	Run actions/checkout@fbc6f3992d24b796d5a048ff273f7fcc4a7b6c09	2026-10-08T14:14:22.0572332Z  * [new branch]        handoff/r9-dbg-2        -> origin/handoff/r9-dbg-2
instrument-self-tests	Run actions/checkout@fbc6f3992d24b796d5a048ff273f7fcc4a7b6c09	2026-10-08T14:14:22.0573839Z  * [new branch]        handoff/r9-dbg-3        -> origin/handoff/r9-dbg-3
instrument-self-tests	Run actions/checkout@fbc6f3992d24b796d5a048ff273f7fcc4a7b6c09	2026-10-08T14:14:22.0574860Z  * [new branch]        handoff/r9-diag-1       -> origin/handoff/r9-diag-1
instrument-self-tests	Run actions/checkout@fbc6f3992d24b796d5a048ff273f7fcc4a7b6c09	2026-10-08T14:14:22.0576062Z  * [new branch]        handoff/r9-diag-2s      -> origin/handoff/r9-diag-2s
instrument-self-tests	Run actions/checkout@fbc6f3992d24b796d5a048ff273f7fcc4a7b6c09	2026-10-08T14:14:22.0576946Z  * [new branch]        handoff/r9-eg-a4        -> origin/handoff/r9-eg-a4
instrument-self-tests	Run actions/checkout@fbc6f3992d24b796d5a048ff273f7fcc4a7b6c09	2026-10-08T14:14:22.0577847Z  * [new branch]        handoff/r9-eg-archscore -> origin/handoff/r9-eg-archscore
instrument-self-tests	Run actions/checkout@fbc6f3992d24b796d5a048ff273f7fcc4a7b6c09	2026-10-08T14:14:22.0578724Z  * [new branch]        handoff/r9-eg-b0        -> origin/handoff/r9-eg-b0
instrument-self-tests	Run actions/checkout@fbc6f3992d24b796d5a048ff273f7fcc4a7b6c09	2026-10-08T14:14:22.0579625Z  * [new branch]        handoff/r9-eg-b7-harness -> origin/handoff/r9-eg-b7-harness
instrument-self-tests	Run actions/checkout@fbc6f3992d24b796d5a048ff273f7fcc4a7b6c09	2026-10-08T14:14:22.0580738Z  * [new branch]        handoff/r9-eg-collaborator-interfaces -> origin/handoff/r9-eg-collaborator-interfaces
instrument-self-tests	Run actions/checkout@fbc6f3992d24b796d5a048ff273f7fcc4a7b6c09	2026-10-08T14:14:22.0581937Z  * [new branch]        handoff/r9-eg-coordinator-seams -> origin/handoff/r9-eg-coordinator-seams
instrument-self-tests	Run actions/checkout@fbc6f3992d24b796d5a048ff273f7fcc4a7b6c09	2026-10-08T14:14:22.0583106Z  * [new branch]        handoff/r9-eg-dhw-closure-dedupe-v2 -> origin/handoff/r9-eg-dhw-closure-dedupe-v2
instrument-self-tests	Run actions/checkout@fbc6f3992d24b796d5a048ff273f7fcc4a7b6c09	2026-10-08T14:14:22.0584186Z  * [new branch]        handoff/r9-eg-dhw-planner -> origin/handoff/r9-eg-dhw-planner
instrument-self-tests	Run actions/checkout@fbc6f3992d24b796d5a048ff273f7fcc4a7b6c09	2026-10-08T14:14:22.0585362Z  * [new branch]        handoff/r9-eg-entry-config -> origin/handoff/r9-eg-entry-config
instrument-self-tests	Run actions/checkout@fbc6f3992d24b796d5a048ff273f7fcc4a7b6c09	2026-10-08T14:14:22.0586325Z  * [new branch]        handoff/r9-eg-one-copy  -> origin/handoff/r9-eg-one-copy
instrument-self-tests	Run actions/checkout@fbc6f3992d24b796d5a048ff273f7fcc4a7b6c09	2026-10-08T14:14:22.0587700Z  * [new branch]        handoff/r9-eg-param-objects -> origin/handoff/r9-eg-param-objects
instrument-self-tests	Run actions/checkout@fbc6f3992d24b796d5a048ff273f7fcc4a7b6c09	2026-10-08T14:14:22.0588717Z  * [new branch]        handoff/r9-eg-register-fold -> origin/handoff/r9-eg-register-fold
instrument-self-tests	Run actions/checkout@fbc6f3992d24b796d5a048ff273f7fcc4a7b6c09	2026-10-08T14:14:22.0589708Z  * [new branch]        handoff/r9-eg-solve-inputs -> origin/handoff/r9-eg-solve-inputs
instrument-self-tests	Run actions/checkout@fbc6f3992d24b796d5a048ff273f7fcc4a7b6c09	2026-10-08T14:14:22.0590825Z  * [new branch]        handoff/r9-eg-store-version -> origin/handoff/r9-eg-store-version
instrument-self-tests	Run actions/checkout@fbc6f3992d24b796d5a048ff273f7fcc4a7b6c09	2026-10-08T14:14:22.0591885Z  * [new branch]        handoff/r9-eg-surface-identity -> origin/handoff/r9-eg-surface-identity
instrument-self-tests	Run actions/checkout@fbc6f3992d24b796d5a048ff273f7fcc4a7b6c09	2026-10-08T14:14:22.0592924Z  * [new branch]        handoff/r9-eg-typed-payload -> origin/handoff/r9-eg-typed-payload
instrument-self-tests	Run actions/checkout@fbc6f3992d24b796d5a048ff273f7fcc4a7b6c09	2026-10-08T14:14:22.0593952Z  * [new branch]        handoff/r9-eg-typed-payload-b -> origin/handoff/r9-eg-typed-payload-b
instrument-self-tests	Run actions/checkout@fbc6f3992d24b796d5a048ff273f7fcc4a7b6c09	2026-10-08T14:14:22.0595260Z  * [new branch]        handoff/r9-f1-coordinator-10 -> origin/handoff/r9-f1-coordinator-10
instrument-self-tests	Run actions/checkout@fbc6f3992d24b796d5a048ff273f7fcc4a7b6c09	2026-10-08T14:14:22.0596634Z  * [new branch]        handoff/r9-f1-coordinator-2 -> origin/handoff/r9-f1-coordinator-2
instrument-self-tests	Run actions/checkout@fbc6f3992d24b796d5a048ff273f7fcc4a7b6c09	2026-10-08T14:14:22.0597654Z  * [new branch]        handoff/r9-f1-coordinator-3 -> origin/handoff/r9-f1-coordinator-3
instrument-self-tests	Run actions/checkout@fbc6f3992d24b796d5a048ff273f7fcc4a7b6c09	2026-10-08T14:14:22.0598622Z  * [new branch]        handoff/r9-f1-coordinator-4 -> origin/handoff/r9-f1-coordinator-4
instrument-self-tests	Run actions/checkout@fbc6f3992d24b796d5a048ff273f7fcc4a7b6c09	2026-10-08T14:14:22.0599644Z  * [new branch]        handoff/r9-f1-coordinator-5 -> origin/handoff/r9-f1-coordinator-5
instrument-self-tests	Run actions/checkout@fbc6f3992d24b796d5a048ff273f7fcc4a7b6c09	2026-10-08T14:14:22.0600618Z  * [new branch]        handoff/r9-f1-coordinator-7 -> origin/handoff/r9-f1-coordinator-7
instrument-self-tests	Run actions/checkout@fbc6f3992d24b796d5a048ff273f7fcc4a7b6c09	2026-10-08T14:14:22.0601691Z  * [new branch]        handoff/r9-f1-coordinator-7-review -> origin/handoff/r9-f1-coordinator-7-review
instrument-self-tests	Run actions/checkout@fbc6f3992d24b796d5a048ff273f7fcc4a7b6c09	2026-10-08T14:14:22.0602687Z  * [new branch]        handoff/r9-f10-12       -> origin/handoff/r9-f10-12
instrument-self-tests	Run actions/checkout@fbc6f3992d24b796d5a048ff273f7fcc4a7b6c09	2026-10-08T14:14:22.0603507Z  * [new branch]        handoff/r9-f10-13       -> origin/handoff/r9-f10-13
instrument-self-tests	Run actions/checkout@fbc6f3992d24b796d5a048ff273f7fcc4a7b6c09	2026-10-08T14:14:22.0604318Z  * [new branch]        handoff/r9-f10-14       -> origin/handoff/r9-f10-14
instrument-self-tests	Run actions/checkout@fbc6f3992d24b796d5a048ff273f7fcc4a7b6c09	2026-10-08T14:14:22.0605405Z  * [new branch]        handoff/r9-f10-15       -> origin/handoff/r9-f10-15
instrument-self-tests	Run actions/checkout@fbc6f3992d24b796d5a048ff273f7fcc4a7b6c09	2026-10-08T14:14:22.0606475Z  * [new branch]        handoff/r9-f10-16       -> origin/handoff/r9-f10-16
instrument-self-tests	Run actions/checkout@fbc6f3992d24b796d5a048ff273f7fcc4a7b6c09	2026-10-08T14:14:22.0607405Z  * [new branch]        handoff/r9-f10-ci-efficiency -> origin/handoff/r9-f10-ci-efficiency
instrument-self-tests	Run actions/checkout@fbc6f3992d24b796d5a048ff273f7fcc4a7b6c09	2026-10-08T14:14:22.0608500Z  * [new branch]        handoff/r9-f10-claims-baseline-rca -> origin/handoff/r9-f10-claims-baseline-rca
instrument-self-tests	Run actions/checkout@fbc6f3992d24b796d5a048ff273f7fcc4a7b6c09	2026-10-08T14:14:22.0609644Z  * [new branch]        handoff/r9-f10-closure-runalways -> origin/handoff/r9-f10-closure-runalways
instrument-self-tests	Run actions/checkout@fbc6f3992d24b796d5a048ff273f7fcc4a7b6c09	2026-10-08T14:14:22.0610900Z  * [new branch]        handoff/r9-f10-gate-infra-1 -> origin/handoff/r9-f10-gate-infra-1
instrument-self-tests	Run actions/checkout@fbc6f3992d24b796d5a048ff273f7fcc4a7b6c09	2026-10-08T14:14:22.0612114Z  * [new branch]        handoff/r9-f10-gate-infra-1d -> origin/handoff/r9-f10-gate-infra-1d
instrument-self-tests	Run actions/checkout@fbc6f3992d24b796d5a048ff273f7fcc4a7b6c09	2026-10-08T14:14:22.0613339Z  * [new branch]        handoff/r9-f10-gate-infra-4 -> origin/handoff/r9-f10-gate-infra-4
instrument-self-tests	Run actions/checkout@fbc6f3992d24b796d5a048ff273f7fcc4a7b6c09	2026-10-08T14:14:22.0614515Z  * [new branch]        handoff/r9-f10-gate-infra-5 -> origin/handoff/r9-f10-gate-infra-5
instrument-self-tests	Run actions/checkout@fbc6f3992d24b796d5a048ff273f7fcc4a7b6c09	2026-10-08T14:14:22.0616102Z  * [new branch]        handoff/r9-f10-gate-infra-6 -> origin/handoff/r9-f10-gate-infra-6
instrument-self-tests	Run actions/checkout@fbc6f3992d24b796d5a048ff273f7fcc4a7b6c09	2026-10-08T14:14:22.0617190Z  * [new branch]        handoff/r9-f10-harness-timeout -> origin/handoff/r9-f10-harness-timeout
instrument-self-tests	Run actions/checkout@fbc6f3992d24b796d5a048ff273f7fcc4a7b6c09	2026-10-08T14:14:22.0618280Z  * [new branch]        handoff/r9-f10-loop-heartbeat -> origin/handoff/r9-f10-loop-heartbeat
instrument-self-tests	Run actions/checkout@fbc6f3992d24b796d5a048ff273f7fcc4a7b6c09	2026-10-08T14:14:22.0619287Z  * [new branch]        handoff/r9-f10-merge-queue -> origin/handoff/r9-f10-merge-queue
instrument-self-tests	Run actions/checkout@fbc6f3992d24b796d5a048ff273f7fcc4a7b6c09	2026-10-08T14:14:22.0620270Z  * [new branch]        handoff/r9-f11-governance-1 -> origin/handoff/r9-f11-governance-1
instrument-self-tests	Run actions/checkout@fbc6f3992d24b796d5a048ff273f7fcc4a7b6c09	2026-10-08T14:14:22.0621251Z  * [new branch]        handoff/r9-f11-governance-3 -> origin/handoff/r9-f11-governance-3
instrument-self-tests	Run actions/checkout@fbc6f3992d24b796d5a048ff273f7fcc4a7b6c09	2026-10-08T14:14:22.0622227Z  * [new branch]        handoff/r9-f11-governance-4 -> origin/handoff/r9-f11-governance-4
instrument-self-tests	Run actions/checkout@fbc6f3992d24b796d5a048ff273f7fcc4a7b6c09	2026-10-08T14:14:22.0623310Z  * [new branch]        handoff/r9-f11-governance-4-review -> origin/handoff/r9-f11-governance-4-review
instrument-self-tests	Run actions/checkout@fbc6f3992d24b796d5a048ff273f7fcc4a7b6c09	2026-10-08T14:14:22.0624386Z  * [new branch]        handoff/r9-f11-governance-5 -> origin/handoff/r9-f11-governance-5
instrument-self-tests	Run actions/checkout@fbc6f3992d24b796d5a048ff273f7fcc4a7b6c09	2026-10-08T14:14:22.0625806Z  * [new branch]        handoff/r9-f11-governance-6 -> origin/handoff/r9-f11-governance-6
instrument-self-tests	Run actions/checkout@fbc6f3992d24b796d5a048ff273f7fcc4a7b6c09	2026-10-08T14:14:22.0626791Z  * [new branch]        handoff/r9-f11-governance-7 -> origin/handoff/r9-f11-governance-7
instrument-self-tests	Run actions/checkout@fbc6f3992d24b796d5a048ff273f7fcc4a7b6c09	2026-10-08T14:14:22.0627736Z  * [new branch]        handoff/r9-f2-solver-1  -> origin/handoff/r9-f2-solver-1
instrument-self-tests	Run actions/checkout@fbc6f3992d24b796d5a048ff273f7fcc4a7b6c09	2026-10-08T14:14:22.0628610Z  * [new branch]        handoff/r9-f2-solver-3  -> origin/handoff/r9-f2-solver-3
instrument-self-tests	Run actions/checkout@fbc6f3992d24b796d5a048ff273f7fcc4a7b6c09	2026-10-08T14:14:22.0629488Z  * [new branch]        handoff/r9-f2-solver-4  -> origin/handoff/r9-f2-solver-4
instrument-self-tests	Run actions/checkout@fbc6f3992d24b796d5a048ff273f7fcc4a7b6c09	2026-10-08T14:14:22.0630363Z  * [new branch]        handoff/r9-f2-solver-5  -> origin/handoff/r9-f2-solver-5
instrument-self-tests	Run actions/checkout@fbc6f3992d24b796d5a048ff273f7fcc4a7b6c09	2026-10-08T14:14:22.0631236Z  * [new branch]        handoff/r9-f3-stores-1  -> origin/handoff/r9-f3-stores-1
instrument-self-tests	Run actions/checkout@fbc6f3992d24b796d5a048ff273f7fcc4a7b6c09	2026-10-08T14:14:22.0632107Z  * [new branch]        handoff/r9-f3-stores-3  -> origin/handoff/r9-f3-stores-3
instrument-self-tests	Run actions/checkout@fbc6f3992d24b796d5a048ff273f7fcc4a7b6c09	2026-10-08T14:14:22.0633049Z  * [new branch]        handoff/r9-f4-inputs-sysid-1 -> origin/handoff/r9-f4-inputs-sysid-1
instrument-self-tests	Run actions/checkout@fbc6f3992d24b796d5a048ff273f7fcc4a7b6c09	2026-10-08T14:14:22.0634203Z  * [new branch]        handoff/r9-f4-inputs-sysid-2 -> origin/handoff/r9-f4-inputs-sysid-2
instrument-self-tests	Run actions/checkout@fbc6f3992d24b796d5a048ff273f7fcc4a7b6c09	2026-10-08T14:14:22.0635460Z  * [new branch]        handoff/r9-f5-config-text-1 -> origin/handoff/r9-f5-config-text-1
instrument-self-tests	Run actions/checkout@fbc6f3992d24b796d5a048ff273f7fcc4a7b6c09	2026-10-08T14:14:22.0636394Z  * [new branch]        handoff/r9-f6-card-1    -> origin/handoff/r9-f6-card-1
instrument-self-tests	Run actions/checkout@fbc6f3992d24b796d5a048ff273f7fcc4a7b6c09	2026-10-08T14:14:22.0637245Z  * [new branch]        handoff/r9-f6-card-2    -> origin/handoff/r9-f6-card-2
instrument-self-tests	Run actions/checkout@fbc6f3992d24b796d5a048ff273f7fcc4a7b6c09	2026-10-08T14:14:22.0638110Z  * [new branch]        handoff/r9-f6-card-4    -> origin/handoff/r9-f6-card-4
instrument-self-tests	Run actions/checkout@fbc6f3992d24b796d5a048ff273f7fcc4a7b6c09	2026-10-08T14:14:22.0639004Z  * [new branch]        handoff/r9-f7-entities-1 -> origin/handoff/r9-f7-entities-1
instrument-self-tests	Run actions/checkout@fbc6f3992d24b796d5a048ff273f7fcc4a7b6c09	2026-10-08T14:14:22.0639924Z  * [new branch]        handoff/r9-f7-entities-2 -> origin/handoff/r9-f7-entities-2
instrument-self-tests	Run actions/checkout@fbc6f3992d24b796d5a048ff273f7fcc4a7b6c09	2026-10-08T14:14:22.0640880Z  * [new branch]        handoff/r9-f7-family-splits -> origin/handoff/r9-f7-family-splits
instrument-self-tests	Run actions/checkout@fbc6f3992d24b796d5a048ff273f7fcc4a7b6c09	2026-10-08T14:14:22.0641801Z  * [new branch]        handoff/r9-f8-docs-1    -> origin/handoff/r9-f8-docs-1
instrument-self-tests	Run actions/checkout@fbc6f3992d24b796d5a048ff273f7fcc4a7b6c09	2026-10-08T14:14:22.0642830Z  * [new branch]        handoff/r9-f8-docs-2    -> origin/handoff/r9-f8-docs-2
instrument-self-tests	Run actions/checkout@fbc6f3992d24b796d5a048ff273f7fcc4a7b6c09	2026-10-08T14:14:22.0643686Z  * [new branch]        handoff/r9-f8-docs-3    -> origin/handoff/r9-f8-docs-3
instrument-self-tests	Run actions/checkout@fbc6f3992d24b796d5a048ff273f7fcc4a7b6c09	2026-10-08T14:14:22.0644583Z  * [new branch]        handoff/r9-f9-test-pins-2 -> origin/handoff/r9-f9-test-pins-2
instrument-self-tests	Run actions/checkout@fbc6f3992d24b796d5a048ff273f7fcc4a7b6c09	2026-10-08T14:14:22.0645833Z  * [new branch]        handoff/r9-f9-test-pins-3 -> origin/handoff/r9-f9-test-pins-3
instrument-self-tests	Run actions/checkout@fbc6f3992d24b796d5a048ff273f7fcc4a7b6c09	2026-10-08T14:14:22.0646765Z  * [new branch]        handoff/r9-fixer-cap    -> origin/handoff/r9-fixer-cap
instrument-self-tests	Run actions/checkout@fbc6f3992d24b796d5a048ff273f7fcc4a7b6c09	2026-10-08T14:14:22.0647607Z  * [new branch]        handoff/r9-fr-10        -> origin/handoff/r9-fr-10
instrument-self-tests	Run actions/checkout@fbc6f3992d24b796d5a048ff273f7fcc4a7b6c09	2026-10-08T14:14:22.0648499Z  * [new branch]        handoff/r9-friction-study -> origin/handoff/r9-friction-study
instrument-self-tests	Run actions/checkout@fbc6f3992d24b796d5a048ff273f7fcc4a7b6c09	2026-10-08T14:14:22.0649400Z  * [new branch]        handoff/r9-gittmp       -> origin/handoff/r9-gittmp
instrument-self-tests	Run actions/checkout@fbc6f3992d24b796d5a048ff273f7fcc4a7b6c09	2026-10-08T14:14:22.0650292Z  * [new branch]        handoff/r9-main-closures -> origin/handoff/r9-main-closures
instrument-self-tests	Run actions/checkout@fbc6f3992d24b796d5a048ff273f7fcc4a7b6c09	2026-10-08T14:14:22.0651226Z  * [new branch]        handoff/r9-nightly-bdr  -> origin/handoff/r9-nightly-bdr
instrument-self-tests	Run actions/checkout@fbc6f3992d24b796d5a048ff273f7fcc4a7b6c09	2026-10-08T14:14:22.0652139Z  * [new branch]        handoff/r9-nightly-ha   -> origin/handoff/r9-nightly-ha
instrument-self-tests	Run actions/checkout@fbc6f3992d24b796d5a048ff273f7fcc4a7b6c09	2026-10-08T14:14:22.0653115Z  * [new branch]        handoff/r9-nightly-ha-measure -> origin/handoff/r9-nightly-ha-measure
instrument-self-tests	Run actions/checkout@fbc6f3992d24b796d5a048ff273f7fcc4a7b6c09	2026-10-08T14:14:22.0654146Z  * [new branch]        handoff/r9-nightly-ha-on-pr -> origin/handoff/r9-nightly-ha-on-pr
instrument-self-tests	Run actions/checkout@fbc6f3992d24b796d5a048ff273f7fcc4a7b6c09	2026-10-08T14:14:22.0655438Z  * [new branch]        handoff/r9-nightly-status-k5uati -> origin/handoff/r9-nightly-status-k5uati
instrument-self-tests	Run actions/checkout@fbc6f3992d24b796d5a048ff273f7fcc4a7b6c09	2026-10-08T14:14:22.0656501Z  * [new branch]        handoff/r9-prepr-selftest -> origin/handoff/r9-prepr-selftest
instrument-self-tests	Run actions/checkout@fbc6f3992d24b796d5a048ff273f7fcc4a7b6c09	2026-10-08T14:14:22.0657409Z  * [new branch]        handoff/r9-proc-1       -> origin/handoff/r9-proc-1
instrument-self-tests	Run actions/checkout@fbc6f3992d24b796d5a048ff273f7fcc4a7b6c09	2026-10-08T14:14:22.0658234Z  * [new branch]        handoff/r9-proc-3       -> origin/handoff/r9-proc-3
instrument-self-tests	Run actions/checkout@fbc6f3992d24b796d5a048ff273f7fcc4a7b6c09	2026-10-08T14:14:22.0659051Z  * [new branch]        handoff/r9-proc-4       -> origin/handoff/r9-proc-4
instrument-self-tests	Run actions/checkout@fbc6f3992d24b796d5a048ff273f7fcc4a7b6c09	2026-10-08T14:14:22.0660035Z  * [new branch]        handoff/r9-proc-5       -> origin/handoff/r9-proc-5
instrument-self-tests	Run actions/checkout@fbc6f3992d24b796d5a048ff273f7fcc4a7b6c09	2026-10-08T14:14:22.0660977Z  * [new branch]        handoff/r9-rc-prcontract-fix -> origin/handoff/r9-rc-prcontract-fix
instrument-self-tests	Run actions/checkout@fbc6f3992d24b796d5a048ff273f7fcc4a7b6c09	2026-10-08T14:14:22.0661922Z  * [new branch]        handoff/r9-rca-1985     -> origin/handoff/r9-rca-1985
instrument-self-tests	Run actions/checkout@fbc6f3992d24b796d5a048ff273f7fcc4a7b6c09	2026-10-08T14:14:22.0662766Z  * [new branch]        handoff/r9-rca-1990     -> origin/handoff/r9-rca-1990
instrument-self-tests	Run actions/checkout@fbc6f3992d24b796d5a048ff273f7fcc4a7b6c09	2026-10-08T14:14:22.0663630Z  * [new branch]        handoff/r9-rca-2004     -> origin/handoff/r9-rca-2004
instrument-self-tests	Run actions/checkout@fbc6f3992d24b796d5a048ff273f7fcc4a7b6c09	2026-10-08T14:14:22.0665207Z  * [new branch]        handoff/r9-rca-avoidable-interpreter-bound-recomputation -> origin/handoff/r9-rca-avoidable-interpreter-bound-recomputation
instrument-self-tests	Run actions/checkout@fbc6f3992d24b796d5a048ff273f7fcc4a7b6c09	2026-10-08T14:14:22.0666719Z  * [new branch]        handoff/r9-rca-bugclasses -> origin/handoff/r9-rca-bugclasses
instrument-self-tests	Run actions/checkout@fbc6f3992d24b796d5a048ff273f7fcc4a7b6c09	2026-10-08T14:14:22.0667733Z  * [new branch]        handoff/r9-rca-cpu-gate-blind -> origin/handoff/r9-rca-cpu-gate-blind
instrument-self-tests	Run actions/checkout@fbc6f3992d24b796d5a048ff273f7fcc4a7b6c09	2026-10-08T14:14:22.0668659Z  * [new branch]        handoff/r9-rca-i1       -> origin/handoff/r9-rca-i1
instrument-self-tests	Run actions/checkout@fbc6f3992d24b796d5a048ff273f7fcc4a7b6c09	2026-10-08T14:14:22.0669483Z  * [new branch]        handoff/r9-rca-i3       -> origin/handoff/r9-rca-i3
instrument-self-tests	Run actions/checkout@fbc6f3992d24b796d5a048ff273f7fcc4a7b6c09	2026-10-08T14:14:22.0670309Z  * [new branch]        handoff/r9-rca-i4       -> origin/handoff/r9-rca-i4
instrument-self-tests	Run actions/checkout@fbc6f3992d24b796d5a048ff273f7fcc4a7b6c09	2026-10-08T14:14:22.0671116Z  * [new branch]        handoff/r9-rca-i5       -> origin/handoff/r9-rca-i5
instrument-self-tests	Run actions/checkout@fbc6f3992d24b796d5a048ff273f7fcc4a7b6c09	2026-10-08T14:14:22.0671944Z  * [new branch]        handoff/r9-rca-p1       -> origin/handoff/r9-rca-p1
instrument-self-tests	Run actions/checkout@fbc6f3992d24b796d5a048ff273f7fcc4a7b6c09	2026-10-08T14:14:22.0672782Z  * [new branch]        handoff/r9-rca-p11      -> origin/handoff/r9-rca-p11
instrument-self-tests	Run actions/checkout@fbc6f3992d24b796d5a048ff273f7fcc4a7b6c09	2026-10-08T14:14:22.0673607Z  * [new branch]        handoff/r9-rca-p2       -> origin/handoff/r9-rca-p2
instrument-self-tests	Run actions/checkout@fbc6f3992d24b796d5a048ff273f7fcc4a7b6c09	2026-10-08T14:14:22.0674426Z  * [new branch]        handoff/r9-rca-p3       -> origin/handoff/r9-rca-p3
instrument-self-tests	Run actions/checkout@fbc6f3992d24b796d5a048ff273f7fcc4a7b6c09	2026-10-08T14:14:22.0675528Z  * [new branch]        handoff/r9-rca-p5       -> origin/handoff/r9-rca-p5
instrument-self-tests	Run actions/checkout@fbc6f3992d24b796d5a048ff273f7fcc4a7b6c09	2026-10-08T14:14:22.0676382Z  * [new branch]        handoff/r9-rca-p6       -> origin/handoff/r9-rca-p6
instrument-self-tests	Run actions/checkout@fbc6f3992d24b796d5a048ff273f7fcc4a7b6c09	2026-10-08T14:14:22.0677236Z  * [new branch]        handoff/r9-rca-p9       -> origin/handoff/r9-rca-p9
instrument-self-tests	Run actions/checkout@fbc6f3992d24b796d5a048ff273f7fcc4a7b6c09	2026-10-08T14:14:22.0678835Z  * [new branch]        handoff/r9-rca-persisted-future-instant-trusted-without-bound -> origin/handoff/r9-rca-persisted-future-instant-trusted-without-bound
instrument-self-tests	Run actions/checkout@fbc6f3992d24b796d5a048ff273f7fcc4a7b6c09	2026-10-08T14:14:22.0680270Z  * [new branch]        handoff/r9-rca-stamp-race -> origin/handoff/r9-rca-stamp-race
instrument-self-tests	Run actions/checkout@fbc6f3992d24b796d5a048ff273f7fcc4a7b6c09	2026-10-08T14:14:22.0681313Z  * [new branch]        handoff/r9-rca-stress-recording -> origin/handoff/r9-rca-stress-recording
instrument-self-tests	Run actions/checkout@fbc6f3992d24b796d5a048ff273f7fcc4a7b6c09	2026-10-08T14:14:22.0682370Z  * [new branch]        handoff/r9-record-automerge -> origin/handoff/r9-record-automerge
instrument-self-tests	Run actions/checkout@fbc6f3992d24b796d5a048ff273f7fcc4a7b6c09	2026-10-08T14:14:22.0683327Z  * [new branch]        handoff/r9-record-path  -> origin/handoff/r9-record-path
instrument-self-tests	Run actions/checkout@fbc6f3992d24b796d5a048ff273f7fcc4a7b6c09	2026-10-08T14:14:22.0684194Z  * [new branch]        handoff/r9-ro-1         -> origin/handoff/r9-ro-1
instrument-self-tests	Run actions/checkout@fbc6f3992d24b796d5a048ff273f7fcc4a7b6c09	2026-10-08T14:14:22.0685250Z  * [new branch]        handoff/r9-ro-10        -> origin/handoff/r9-ro-10
instrument-self-tests	Run actions/checkout@fbc6f3992d24b796d5a048ff273f7fcc4a7b6c09	2026-10-08T14:14:22.0686109Z  * [new branch]        handoff/r9-ro-11        -> origin/handoff/r9-ro-11
instrument-self-tests	Run actions/checkout@fbc6f3992d24b796d5a048ff273f7fcc4a7b6c09	2026-10-08T14:14:22.0686940Z  * [new branch]        handoff/r9-ro-12        -> origin/handoff/r9-ro-12
instrument-self-tests	Run actions/checkout@fbc6f3992d24b796d5a048ff273f7fcc4a7b6c09	2026-10-08T14:14:22.0687759Z  * [new branch]        handoff/r9-ro-2         -> origin/handoff/r9-ro-2
instrument-self-tests	Run actions/checkout@fbc6f3992d24b796d5a048ff273f7fcc4a7b6c09	2026-10-08T14:14:22.0688566Z  * [new branch]        handoff/r9-ro-3         -> origin/handoff/r9-ro-3
instrument-self-tests	Run actions/checkout@fbc6f3992d24b796d5a048ff273f7fcc4a7b6c09	2026-10-08T14:14:22.0689374Z  * [new branch]        handoff/r9-ro-4         -> origin/handoff/r9-ro-4
instrument-self-tests	Run actions/checkout@fbc6f3992d24b796d5a048ff273f7fcc4a7b6c09	2026-10-08T14:14:22.0690166Z  * [new branch]        handoff/r9-ro-5         -> origin/handoff/r9-ro-5
instrument-self-tests	Run actions/checkout@fbc6f3992d24b796d5a048ff273f7fcc4a7b6c09	2026-10-08T14:14:22.0690965Z  * [new branch]        handoff/r9-ro-6         -> origin/handoff/r9-ro-6
instrument-self-tests	Run actions/checkout@fbc6f3992d24b796d5a048ff273f7fcc4a7b6c09	2026-10-08T14:14:22.0691763Z  * [new branch]        handoff/r9-ro-7         -> origin/handoff/r9-ro-7
instrument-self-tests	Run actions/checkout@fbc6f3992d24b796d5a048ff273f7fcc4a7b6c09	2026-10-08T14:14:22.0692565Z  * [new branch]        handoff/r9-ro-8         -> origin/handoff/r9-ro-8
instrument-self-tests	Run actions/checkout@fbc6f3992d24b796d5a048ff273f7fcc4a7b6c09	2026-10-08T14:14:22.0693370Z  * [new branch]        handoff/r9-ro-9a        -> origin/handoff/r9-ro-9a
instrument-self-tests	Run actions/checkout@fbc6f3992d24b796d5a048ff273f7fcc4a7b6c09	2026-10-08T14:14:22.0694169Z  * [new branch]        handoff/r9-sw-5         -> origin/handoff/r9-sw-5
instrument-self-tests	Run actions/checkout@fbc6f3992d24b796d5a048ff273f7fcc4a7b6c09	2026-10-08T14:14:22.0695433Z  * [new branch]        handoff/r9-sw-actuation -> origin/handoff/r9-sw-actuation
instrument-self-tests	Run actions/checkout@fbc6f3992d24b796d5a048ff273f7fcc4a7b6c09	2026-10-08T14:14:22.0696344Z  * [new branch]        handoff/r9-sw-card      -> origin/handoff/r9-sw-card
instrument-self-tests	Run actions/checkout@fbc6f3992d24b796d5a048ff273f7fcc4a7b6c09	2026-10-08T14:14:22.0697197Z  * [new branch]        handoff/r9-sw-gchv      -> origin/handoff/r9-sw-gchv
instrument-self-tests	Run actions/checkout@fbc6f3992d24b796d5a048ff273f7fcc4a7b6c09	2026-10-08T14:14:22.0698043Z  * [new branch]        handoff/r9-sw-model     -> origin/handoff/r9-sw-model
instrument-self-tests	Run actions/checkout@fbc6f3992d24b796d5a048ff273f7fcc4a7b6c09	2026-10-08T14:14:22.0698883Z  * [new branch]        handoff/r9-sw6          -> origin/handoff/r9-sw6
instrument-self-tests	Run actions/checkout@fbc6f3992d24b796d5a048ff273f7fcc4a7b6c09	2026-10-08T14:14:22.0699737Z  * [new branch]        handoff/r9-ux-10        -> origin/handoff/r9-ux-10
instrument-self-tests	Run actions/checkout@fbc6f3992d24b796d5a048ff273f7fcc4a7b6c09	2026-10-08T14:14:22.0700551Z  * [new branch]        handoff/r9-ux-6         -> origin/handoff/r9-ux-6
instrument-self-tests	Run actions/checkout@fbc6f3992d24b796d5a048ff273f7fcc4a7b6c09	2026-10-08T14:14:22.0701357Z  * [new branch]        handoff/r9-ux-7         -> origin/handoff/r9-ux-7
instrument-self-tests	Run actions/checkout@fbc6f3992d24b796d5a048ff273f7fcc4a7b6c09	2026-10-08T14:14:22.0702195Z  * [new branch]        handoff/r9-ux-actions   -> origin/handoff/r9-ux-actions
instrument-self-tests	Run actions/checkout@fbc6f3992d24b796d5a048ff273f7fcc4a7b6c09	2026-10-08T14:14:22.0703067Z  * [new branch]        handoff/r9-ux-events    -> origin/handoff/r9-ux-events
instrument-self-tests	Run actions/checkout@fbc6f3992d24b796d5a048ff273f7fcc4a7b6c09	2026-10-08T14:14:22.0703942Z  * [new branch]        handoff/r9-ux-health    -> origin/handoff/r9-ux-health
instrument-self-tests	Run actions/checkout@fbc6f3992d24b796d5a048ff273f7fcc4a7b6c09	2026-10-08T14:14:22.0704874Z  * [new branch]        handoff/r9-ux-insight-text -> origin/handoff/r9-ux-insight-text
instrument-self-tests	Run actions/checkout@fbc6f3992d24b796d5a048ff273f7fcc4a7b6c09	2026-10-08T14:14:22.0706072Z  * [new branch]        handoff/r9-ux9          -> origin/handoff/r9-ux9
instrument-self-tests	Run actions/checkout@fbc6f3992d24b796d5a048ff273f7fcc4a7b6c09	2026-10-08T14:14:22.0706909Z  * [new branch]        handoff/r9-web-3        -> origin/handoff/r9-web-3
instrument-self-tests	Run actions/checkout@fbc6f3992d24b796d5a048ff273f7fcc4a7b6c09	2026-10-08T14:14:22.0707727Z  * [new branch]        handoff/r9-web-4        -> origin/handoff/r9-web-4
instrument-self-tests	Run actions/checkout@fbc6f3992d24b796d5a048ff273f7fcc4a7b6c09	2026-10-08T14:14:22.0708533Z  * [new branch]        handoff/r9-web-5        -> origin/handoff/r9-web-5
instrument-self-tests	Run actions/checkout@fbc6f3992d24b796d5a048ff273f7fcc4a7b6c09	2026-10-08T14:14:22.0709370Z  * [new branch]        handoff/r9-web-page     -> origin/handoff/r9-web-page
instrument-self-tests	Run actions/checkout@fbc6f3992d24b796d5a048ff273f7fcc4a7b6c09	2026-10-08T14:14:22.0710219Z  * [new branch]        handoff/rca-1747        -> origin/handoff/rca-1747
instrument-self-tests	Run actions/checkout@fbc6f3992d24b796d5a048ff273f7fcc4a7b6c09	2026-10-08T14:14:22.0711098Z  * [new branch]        handoff/repo-reorg-plan -> origin/handoff/repo-reorg-plan
instrument-self-tests	Run actions/checkout@fbc6f3992d24b796d5a048ff273f7fcc4a7b6c09	2026-10-08T14:14:22.0712072Z  * [new branch]        handoff/silent-windows-plan -> origin/handoff/silent-windows-plan
instrument-self-tests	Run actions/checkout@fbc6f3992d24b796d5a048ff273f7fcc4a7b6c09	2026-10-08T14:14:22.0713125Z  * [new branch]        main                    -> origin/main
instrument-self-tests	Run actions/checkout@fbc6f3992d24b796d5a048ff273f7fcc4a7b6c09	2026-10-08T14:14:22.0713925Z  * [new branch]        proof/r9-ci-1-pr2010    -> origin/proof/r9-ci-1-pr2010
instrument-self-tests	Run actions/checkout@fbc6f3992d24b796d5a048ff273f7fcc4a7b6c09	2026-10-08T14:14:22.0714793Z  * [new branch]        proof/r9-ci-1-pr2025    -> origin/proof/r9-ci-1-pr2025
instrument-self-tests	Run actions/checkout@fbc6f3992d24b796d5a048ff273f7fcc4a7b6c09	2026-10-08T14:14:22.0715898Z  * [new branch]        proof/r9-ci-1-sw1       -> origin/proof/r9-ci-1-sw1
instrument-self-tests	Run actions/checkout@fbc6f3992d24b796d5a048ff273f7fcc4a7b6c09	2026-10-08T14:14:22.0716725Z  * [new branch]        review/1987             -> origin/review/1987
instrument-self-tests	Run actions/checkout@fbc6f3992d24b796d5a048ff273f7fcc4a7b6c09	2026-10-08T14:14:22.0717502Z  * [new branch]        review/1997             -> origin/review/1997
instrument-self-tests	Run actions/checkout@fbc6f3992d24b796d5a048ff273f7fcc4a7b6c09	2026-10-08T14:14:22.0718270Z  * [new branch]        review/2002             -> origin/review/2002
instrument-self-tests	Run actions/checkout@fbc6f3992d24b796d5a048ff273f7fcc4a7b6c09	2026-10-08T14:14:22.0719043Z  * [new branch]        review/2006             -> origin/review/2006
instrument-self-tests	Run actions/checkout@fbc6f3992d24b796d5a048ff273f7fcc4a7b6c09	2026-10-08T14:14:22.0719805Z  * [new branch]        review/2007             -> origin/review/2007
instrument-self-tests	Run actions/checkout@fbc6f3992d24b796d5a048ff273f7fcc4a7b6c09	2026-10-08T14:14:22.0720576Z  * [new branch]        review/2010             -> origin/review/2010
instrument-self-tests	Run actions/checkout@fbc6f3992d24b796d5a048ff273f7fcc4a7b6c09	2026-10-08T14:14:22.0721345Z  * [new branch]        review/2011             -> origin/review/2011
instrument-self-tests	Run actions/checkout@fbc6f3992d24b796d5a048ff273f7fcc4a7b6c09	2026-10-08T14:14:22.0722118Z  * [new branch]        review/2012             -> origin/review/2012
instrument-self-tests	Run actions/checkout@fbc6f3992d24b796d5a048ff273f7fcc4a7b6c09	2026-10-08T14:14:22.0722926Z  * [new branch]        review/2013             -> origin/review/2013
instrument-self-tests	Run actions/checkout@fbc6f3992d24b796d5a048ff273f7fcc4a7b6c09	2026-10-08T14:14:22.0723712Z  * [new branch]        review/2014             -> origin/review/2014
instrument-self-tests	Run actions/checkout@fbc6f3992d24b796d5a048ff273f7fcc4a7b6c09	2026-10-08T14:14:22.0724475Z  * [new branch]        review/2015             -> origin/review/2015
instrument-self-tests	Run actions/checkout@fbc6f3992d24b796d5a048ff273f7fcc4a7b6c09	2026-10-08T14:14:22.0725469Z  * [new branch]        review/2017             -> origin/review/2017
instrument-self-tests	Run actions/checkout@fbc6f3992d24b796d5a048ff273f7fcc4a7b6c09	2026-10-08T14:14:22.0726257Z  * [new branch]        review/2018             -> origin/review/2018
instrument-self-tests	Run actions/checkout@fbc6f3992d24b796d5a048ff273f7fcc4a7b6c09	2026-10-08T14:14:22.0727023Z  * [new branch]        review/2021             -> origin/review/2021
instrument-self-tests	Run actions/checkout@fbc6f3992d24b796d5a048ff273f7fcc4a7b6c09	2026-10-08T14:14:22.0727788Z  * [new branch]        review/2022             -> origin/review/2022
instrument-self-tests	Run actions/checkout@fbc6f3992d24b796d5a048ff273f7fcc4a7b6c09	2026-10-08T14:14:22.0728553Z  * [new branch]        review/2024             -> origin/review/2024
instrument-self-tests	Run actions/checkout@fbc6f3992d24b796d5a048ff273f7fcc4a7b6c09	2026-10-08T14:14:22.0729580Z  * [new branch]        review/2025             -> origin/review/2025
instrument-self-tests	Run actions/checkout@fbc6f3992d24b796d5a048ff273f7fcc4a7b6c09	2026-10-08T14:14:22.0730347Z  * [new branch]        review/2026             -> origin/review/2026
instrument-self-tests	Run actions/checkout@fbc6f3992d24b796d5a048ff273f7fcc4a7b6c09	2026-10-08T14:14:22.0731110Z  * [new branch]        review/2027             -> origin/review/2027
instrument-self-tests	Run actions/checkout@fbc6f3992d24b796d5a048ff273f7fcc4a7b6c09	2026-10-08T14:14:22.0731873Z  * [new branch]        review/2029             -> origin/review/2029
instrument-self-tests	Run actions/checkout@fbc6f3992d24b796d5a048ff273f7fcc4a7b6c09	2026-10-08T14:14:22.0732644Z  * [new branch]        review/2030             -> origin/review/2030
instrument-self-tests	Run actions/checkout@fbc6f3992d24b796d5a048ff273f7fcc4a7b6c09	2026-10-08T14:14:22.0733408Z  * [new branch]        review/2040             -> origin/review/2040
instrument-self-tests	Run actions/checkout@fbc6f3992d24b796d5a048ff273f7fcc4a7b6c09	2026-10-08T14:14:22.0734173Z  * [new branch]        review/2041             -> origin/review/2041
instrument-self-tests	Run actions/checkout@fbc6f3992d24b796d5a048ff273f7fcc4a7b6c09	2026-10-08T14:14:22.0734939Z  * [new branch]        review/2042             -> origin/review/2042
instrument-self-tests	Run actions/checkout@fbc6f3992d24b796d5a048ff273f7fcc4a7b6c09	2026-10-08T14:14:22.0735934Z  * [new branch]        review/2044             -> origin/review/2044
instrument-self-tests	Run actions/checkout@fbc6f3992d24b796d5a048ff273f7fcc4a7b6c09	2026-10-08T14:14:22.0736707Z  * [new branch]        review/2049             -> origin/review/2049
instrument-self-tests	Run actions/checkout@fbc6f3992d24b796d5a048ff273f7fcc4a7b6c09	2026-10-08T14:14:22.0737479Z  * [new branch]        review/2051             -> origin/review/2051
instrument-self-tests	Run actions/checkout@fbc6f3992d24b796d5a048ff273f7fcc4a7b6c09	2026-10-08T14:14:22.0738251Z  * [new branch]        review/2053             -> origin/review/2053
instrument-self-tests	Run actions/checkout@fbc6f3992d24b796d5a048ff273f7fcc4a7b6c09	2026-10-08T14:14:22.0739023Z  * [new branch]        review/2054             -> origin/review/2054
instrument-self-tests	Run actions/checkout@fbc6f3992d24b796d5a048ff273f7fcc4a7b6c09	2026-10-08T14:14:22.0739799Z  * [new branch]        review/2055             -> origin/review/2055
instrument-self-tests	Run actions/checkout@fbc6f3992d24b796d5a048ff273f7fcc4a7b6c09	2026-10-08T14:14:22.0740558Z  * [new branch]        review/2056             -> origin/review/2056
instrument-self-tests	Run actions/checkout@fbc6f3992d24b796d5a048ff273f7fcc4a7b6c09	2026-10-08T14:14:22.0741319Z  * [new branch]        review/2057             -> origin/review/2057
instrument-self-tests	Run actions/checkout@fbc6f3992d24b796d5a048ff273f7fcc4a7b6c09	2026-10-08T14:14:22.0742080Z  * [new branch]        review/2058             -> origin/review/2058
instrument-self-tests	Run actions/checkout@fbc6f3992d24b796d5a048ff273f7fcc4a7b6c09	2026-10-08T14:14:22.0742877Z  * [new branch]        review/2059             -> origin/review/2059
instrument-self-tests	Run actions/checkout@fbc6f3992d24b796d5a048ff273f7fcc4a7b6c09	2026-10-08T14:14:22.0743639Z  * [new branch]        review/2060             -> origin/review/2060
instrument-self-tests	Run actions/checkout@fbc6f3992d24b796d5a048ff273f7fcc4a7b6c09	2026-10-08T14:14:22.0744410Z  * [new branch]        verdict/1987            -> origin/verdict/1987
instrument-self-tests	Run actions/checkout@fbc6f3992d24b796d5a048ff273f7fcc4a7b6c09	2026-10-08T14:14:22.0745449Z  * [new branch]        verdict/1997            -> origin/verdict/1997
instrument-self-tests	Run actions/checkout@fbc6f3992d24b796d5a048ff273f7fcc4a7b6c09	2026-10-08T14:14:22.0746269Z  * [new branch]        verdict/2002            -> origin/verdict/2002
instrument-self-tests	Run actions/checkout@fbc6f3992d24b796d5a048ff273f7fcc4a7b6c09	2026-10-08T14:14:22.0747210Z  * [new branch]        verdict/2006            -> origin/verdict/2006
instrument-self-tests	Run actions/checkout@fbc6f3992d24b796d5a048ff273f7fcc4a7b6c09	2026-10-08T14:14:22.0747988Z  * [new branch]        verdict/2007            -> origin/verdict/2007
instrument-self-tests	Run actions/checkout@fbc6f3992d24b796d5a048ff273f7fcc4a7b6c09	2026-10-08T14:14:22.0748765Z  * [new branch]        verdict/2010            -> origin/verdict/2010
instrument-self-tests	Run actions/checkout@fbc6f3992d24b796d5a048ff273f7fcc4a7b6c09	2026-10-08T14:14:22.0749538Z  * [new branch]        verdict/2011            -> origin/verdict/2011
instrument-self-tests	Run actions/checkout@fbc6f3992d24b796d5a048ff273f7fcc4a7b6c09	2026-10-08T14:14:22.0750308Z  * [new branch]        verdict/2012            -> origin/verdict/2012
instrument-self-tests	Run actions/checkout@fbc6f3992d24b796d5a048ff273f7fcc4a7b6c09	2026-10-08T14:14:22.0751082Z  * [new branch]        verdict/2013            -> origin/verdict/2013
instrument-self-tests	Run actions/checkout@fbc6f3992d24b796d5a048ff273f7fcc4a7b6c09	2026-10-08T14:14:22.0751855Z  * [new branch]        verdict/2014            -> origin/verdict/2014
instrument-self-tests	Run actions/checkout@fbc6f3992d24b796d5a048ff273f7fcc4a7b6c09	2026-10-08T14:14:22.0752621Z  * [new branch]        verdict/2015            -> origin/verdict/2015
instrument-self-tests	Run actions/checkout@fbc6f3992d24b796d5a048ff273f7fcc4a7b6c09	2026-10-08T14:14:22.0753385Z  * [new branch]        verdict/2017            -> origin/verdict/2017
instrument-self-tests	Run actions/checkout@fbc6f3992d24b796d5a048ff273f7fcc4a7b6c09	2026-10-08T14:14:22.0754153Z  * [new branch]        verdict/2018            -> origin/verdict/2018
instrument-self-tests	Run actions/checkout@fbc6f3992d24b796d5a048ff273f7fcc4a7b6c09	2026-10-08T14:14:22.0754937Z  * [new branch]        verdict/2021            -> origin/verdict/2021
instrument-self-tests	Run actions/checkout@fbc6f3992d24b796d5a048ff273f7fcc4a7b6c09	2026-10-08T14:14:22.0756026Z  * [new branch]        verdict/2022            -> origin/verdict/2022
instrument-self-tests	Run actions/checkout@fbc6f3992d24b796d5a048ff273f7fcc4a7b6c09	2026-10-08T14:14:22.0756809Z  * [new branch]        verdict/2024            -> origin/verdict/2024
instrument-self-tests	Run actions/checkout@fbc6f3992d24b796d5a048ff273f7fcc4a7b6c09	2026-10-08T14:14:22.0757580Z  * [new branch]        verdict/2025            -> origin/verdict/2025
instrument-self-tests	Run actions/checkout@fbc6f3992d24b796d5a048ff273f7fcc4a7b6c09	2026-10-08T14:14:22.0758353Z  * [new branch]        verdict/2026            -> origin/verdict/2026
instrument-self-tests	Run actions/checkout@fbc6f3992d24b796d5a048ff273f7fcc4a7b6c09	2026-10-08T14:14:22.0759123Z  * [new branch]        verdict/2027            -> origin/verdict/2027
instrument-self-tests	Run actions/checkout@fbc6f3992d24b796d5a048ff273f7fcc4a7b6c09	2026-10-08T14:14:22.0759898Z  * [new branch]        verdict/2029            -> origin/verdict/2029
instrument-self-tests	Run actions/checkout@fbc6f3992d24b796d5a048ff273f7fcc4a7b6c09	2026-10-08T14:14:22.0760668Z  * [new branch]        verdict/2030            -> origin/verdict/2030
instrument-self-tests	Run actions/checkout@fbc6f3992d24b796d5a048ff273f7fcc4a7b6c09	2026-10-08T14:14:22.0761447Z  * [new branch]        verdict/2040            -> origin/verdict/2040
instrument-self-tests	Run actions/checkout@fbc6f3992d24b796d5a048ff273f7fcc4a7b6c09	2026-10-08T14:14:22.0762219Z  * [new branch]        verdict/2041            -> origin/verdict/2041
instrument-self-tests	Run actions/checkout@fbc6f3992d24b796d5a048ff273f7fcc4a7b6c09	2026-10-08T14:14:22.0763152Z  * [new branch]        verdict/2042            -> origin/verdict/2042
instrument-self-tests	Run actions/checkout@fbc6f3992d24b796d5a048ff273f7fcc4a7b6c09	2026-10-08T14:14:22.0763931Z  * [new branch]        verdict/2044            -> origin/verdict/2044
instrument-self-tests	Run actions/checkout@fbc6f3992d24b796d5a048ff273f7fcc4a7b6c09	2026-10-08T14:14:22.0764703Z  * [new branch]        verdict/2049            -> origin/verdict/2049
instrument-self-tests	Run actions/checkout@fbc6f3992d24b796d5a048ff273f7fcc4a7b6c09	2026-10-08T14:14:22.0765751Z  * [new branch]        verdict/2051            -> origin/verdict/2051
instrument-self-tests	Run actions/checkout@fbc6f3992d24b796d5a048ff273f7fcc4a7b6c09	2026-10-08T14:14:22.0766561Z  * [new branch]        verdict/2053            -> origin/verdict/2053
instrument-self-tests	Run actions/checkout@fbc6f3992d24b796d5a048ff273f7fcc4a7b6c09	2026-10-08T14:14:22.0767331Z  * [new branch]        verdict/2054            -> origin/verdict/2054
instrument-self-tests	Run actions/checkout@fbc6f3992d24b796d5a048ff273f7fcc4a7b6c09	2026-10-08T14:14:22.0768090Z  * [new branch]        verdict/2055            -> origin/verdict/2055
instrument-self-tests	Run actions/checkout@fbc6f3992d24b796d5a048ff273f7fcc4a7b6c09	2026-10-08T14:14:22.0768861Z  * [new branch]        verdict/2056            -> origin/verdict/2056
instrument-self-tests	Run actions/checkout@fbc6f3992d24b796d5a048ff273f7fcc4a7b6c09	2026-10-08T14:14:22.0769638Z  * [new branch]        verdict/2057            -> origin/verdict/2057
instrument-self-tests	Run actions/checkout@fbc6f3992d24b796d5a048ff273f7fcc4a7b6c09	2026-10-08T14:14:22.0770413Z  * [new branch]        verdict/2058            -> origin/verdict/2058
instrument-self-tests	Run actions/checkout@fbc6f3992d24b796d5a048ff273f7fcc4a7b6c09	2026-10-08T14:14:22.0771191Z  * [new branch]        verdict/2059            -> origin/verdict/2059
instrument-self-tests	Run actions/checkout@fbc6f3992d24b796d5a048ff273f7fcc4a7b6c09	2026-10-08T14:14:22.0771973Z  * [new branch]        verdict/2060            -> origin/verdict/2060
instrument-self-tests	Run actions/checkout@fbc6f3992d24b796d5a048ff273f7fcc4a7b6c09	2026-10-08T14:14:22.0772905Z  * [new branch]        wip-sync/orchestrator-scratch -> origin/wip-sync/orchestrator-scratch
instrument-self-tests	Run actions/checkout@fbc6f3992d24b796d5a048ff273f7fcc4a7b6c09	2026-10-08T14:14:22.0773847Z  * [new tag]           audit-round2-evidence   -> audit-round2-evidence
instrument-self-tests	Run actions/checkout@fbc6f3992d24b796d5a048ff273f7fcc4a7b6c09	2026-10-08T14:14:22.0774608Z  * [new tag]           v2.3.0-beta.1           -> v2.3.0-beta.1
instrument-self-tests	Run actions/checkout@fbc6f3992d24b796d5a048ff273f7fcc4a7b6c09	2026-10-08T14:14:22.0775525Z  * [new tag]           v2.4.0                  -> v2.4.0
instrument-self-tests	Run actions/checkout@fbc6f3992d24b796d5a048ff273f7fcc4a7b6c09	2026-10-08T14:14:22.0776189Z  * [new tag]           v2.4.1                  -> v2.4.1
instrument-self-tests	Run actions/checkout@fbc6f3992d24b796d5a048ff273f7fcc4a7b6c09	2026-10-08T14:14:22.0776860Z  * [new tag]           v2.5.0                  -> v2.5.0
instrument-self-tests	Run actions/checkout@fbc6f3992d24b796d5a048ff273f7fcc4a7b6c09	2026-10-08T14:14:22.0777546Z  * [new tag]           v2.6.0                  -> v2.6.0
instrument-self-tests	Run actions/checkout@fbc6f3992d24b796d5a048ff273f7fcc4a7b6c09	2026-10-08T14:14:22.0778189Z  * [new tag]           v2.6.1                  -> v2.6.1
instrument-self-tests	Run actions/checkout@fbc6f3992d24b796d5a048ff273f7fcc4a7b6c09	2026-10-08T14:14:22.0778826Z  * [new tag]           v2.7.0                  -> v2.7.0
instrument-self-tests	Run actions/checkout@fbc6f3992d24b796d5a048ff273f7fcc4a7b6c09	2026-10-08T14:14:22.0779472Z  * [new tag]           v2.8.0                  -> v2.8.0
instrument-self-tests	Run actions/checkout@fbc6f3992d24b796d5a048ff273f7fcc4a7b6c09	2026-10-08T14:14:22.0780271Z  * [new tag]           v3.0.0                  -> v3.0.0
instrument-self-tests	Run actions/checkout@fbc6f3992d24b796d5a048ff273f7fcc4a7b6c09	2026-10-08T14:14:22.0781455Z  * [new tag]           v3.1.0                  -> v3.1.0
instrument-self-tests	Run actions/checkout@fbc6f3992d24b796d5a048ff273f7fcc4a7b6c09	2026-10-08T14:14:22.0782133Z  * [new tag]           v3.1.1                  -> v3.1.1
instrument-self-tests	Run actions/checkout@fbc6f3992d24b796d5a048ff273f7fcc4a7b6c09	2026-10-08T14:14:22.0782771Z  * [new tag]           v3.1.2                  -> v3.1.2
instrument-self-tests	Run actions/checkout@fbc6f3992d24b796d5a048ff273f7fcc4a7b6c09	2026-10-08T14:14:22.0783416Z  * [new tag]           v3.14.0                 -> v3.14.0
instrument-self-tests	Run actions/checkout@fbc6f3992d24b796d5a048ff273f7fcc4a7b6c09	2026-10-08T14:14:22.0784079Z  * [new tag]           v3.16.0                 -> v3.16.0
instrument-self-tests	Run actions/checkout@fbc6f3992d24b796d5a048ff273f7fcc4a7b6c09	2026-10-08T14:14:22.0784716Z  * [new tag]           v3.2.0                  -> v3.2.0
instrument-self-tests	Run actions/checkout@fbc6f3992d24b796d5a048ff273f7fcc4a7b6c09	2026-10-08T14:14:22.0785728Z  * [new tag]           v3.3.0                  -> v3.3.0
instrument-self-tests	Run actions/checkout@fbc6f3992d24b796d5a048ff273f7fcc4a7b6c09	2026-10-08T14:14:22.0786396Z  * [new tag]           v3.3.1                  -> v3.3.1
instrument-self-tests	Run actions/checkout@fbc6f3992d24b796d5a048ff273f7fcc4a7b6c09	2026-10-08T14:14:22.0787023Z  * [new tag]           v3.4.0                  -> v3.4.0
instrument-self-tests	Run actions/checkout@fbc6f3992d24b796d5a048ff273f7fcc4a7b6c09	2026-10-08T14:14:22.0787660Z  * [new tag]           v3.4.1                  -> v3.4.1
instrument-self-tests	Run actions/checkout@fbc6f3992d24b796d5a048ff273f7fcc4a7b6c09	2026-10-08T14:14:22.0788315Z  * [new tag]           v3.5.0                  -> v3.5.0
instrument-self-tests	Run actions/checkout@fbc6f3992d24b796d5a048ff273f7fcc4a7b6c09	2026-10-08T14:14:22.0788959Z  * [new tag]           v3.6.0                  -> v3.6.0
instrument-self-tests	Run actions/checkout@fbc6f3992d24b796d5a048ff273f7fcc4a7b6c09	2026-10-08T14:14:22.0789600Z  * [new tag]           v3.6.1                  -> v3.6.1
instrument-self-tests	Run actions/checkout@fbc6f3992d24b796d5a048ff273f7fcc4a7b6c09	2026-10-08T14:14:22.0790235Z  * [new tag]           v3.7.0                  -> v3.7.0
instrument-self-tests	Run actions/checkout@fbc6f3992d24b796d5a048ff273f7fcc4a7b6c09	2026-10-08T14:14:22.0790869Z  * [new tag]           v3.7.1                  -> v3.7.1
instrument-self-tests	Run actions/checkout@fbc6f3992d24b796d5a048ff273f7fcc4a7b6c09	2026-10-08T14:14:22.0791508Z  * [new tag]           v3.8.0                  -> v3.8.0
instrument-self-tests	Run actions/checkout@fbc6f3992d24b796d5a048ff273f7fcc4a7b6c09	2026-10-08T14:14:22.0792141Z  * [new tag]           v4.0.0                  -> v4.0.0
instrument-self-tests	Run actions/checkout@fbc6f3992d24b796d5a048ff273f7fcc4a7b6c09	2026-10-08T14:14:22.0792783Z  * [new tag]           v4.0.1                  -> v4.0.1
instrument-self-tests	Run actions/checkout@fbc6f3992d24b796d5a048ff273f7fcc4a7b6c09	2026-10-08T14:14:22.0793418Z  * [new tag]           v4.0.2                  -> v4.0.2
instrument-self-tests	Run actions/checkout@fbc6f3992d24b796d5a048ff273f7fcc4a7b6c09	2026-10-08T14:14:22.0794052Z  * [new tag]           v4.0.3                  -> v4.0.3
instrument-self-tests	Run actions/checkout@fbc6f3992d24b796d5a048ff273f7fcc4a7b6c09	2026-10-08T14:14:22.0794686Z  * [new tag]           v4.0.4                  -> v4.0.4
instrument-self-tests	Run actions/checkout@fbc6f3992d24b796d5a048ff273f7fcc4a7b6c09	2026-10-08T14:14:22.0795567Z  * [new tag]           v4.0.5                  -> v4.0.5
instrument-self-tests	Run actions/checkout@fbc6f3992d24b796d5a048ff273f7fcc4a7b6c09	2026-10-08T14:14:22.0796431Z  * [new tag]           v4.0.6                  -> v4.0.6
instrument-self-tests	Run actions/checkout@fbc6f3992d24b796d5a048ff273f7fcc4a7b6c09	2026-10-08T14:14:22.0797075Z  * [new tag]           v4.0.7                  -> v4.0.7
instrument-self-tests	Run actions/checkout@fbc6f3992d24b796d5a048ff273f7fcc4a7b6c09	2026-10-08T14:14:22.0797710Z  * [new tag]           v4.1.0                  -> v4.1.0
instrument-self-tests	Run actions/checkout@fbc6f3992d24b796d5a048ff273f7fcc4a7b6c09	2026-10-08T14:14:22.0798342Z  * [new tag]           v4.2.0                  -> v4.2.0
instrument-self-tests	Run actions/checkout@fbc6f3992d24b796d5a048ff273f7fcc4a7b6c09	2026-10-08T14:14:22.0798980Z  * [new tag]           v4.3.0                  -> v4.3.0
instrument-self-tests	Run actions/checkout@fbc6f3992d24b796d5a048ff273f7fcc4a7b6c09	2026-10-08T14:14:22.0799614Z  * [new tag]           v5.0.0                  -> v5.0.0
instrument-self-tests	Run actions/checkout@fbc6f3992d24b796d5a048ff273f7fcc4a7b6c09	2026-10-08T14:14:22.0800293Z  * [new tag]           v5.1.0                  -> v5.1.0
instrument-self-tests	Run actions/checkout@fbc6f3992d24b796d5a048ff273f7fcc4a7b6c09	2026-10-08T14:14:22.0800935Z  * [new tag]           v5.1.1                  -> v5.1.1
instrument-self-tests	Run actions/checkout@fbc6f3992d24b796d5a048ff273f7fcc4a7b6c09	2026-10-08T14:14:22.0801578Z  * [new tag]           v5.1.10                 -> v5.1.10
instrument-self-tests	Run actions/checkout@fbc6f3992d24b796d5a048ff273f7fcc4a7b6c09	2026-10-08T14:14:22.0802228Z  * [new tag]           v5.1.2                  -> v5.1.2
instrument-self-tests	Run actions/checkout@fbc6f3992d24b796d5a048ff273f7fcc4a7b6c09	2026-10-08T14:14:22.0802864Z  * [new tag]           v5.1.3                  -> v5.1.3
instrument-self-tests	Run actions/checkout@fbc6f3992d24b796d5a048ff273f7fcc4a7b6c09	2026-10-08T14:14:22.0803511Z  * [new tag]           v5.1.4                  -> v5.1.4
instrument-self-tests	Run actions/checkout@fbc6f3992d24b796d5a048ff273f7fcc4a7b6c09	2026-10-08T14:14:22.0804152Z  * [new tag]           v5.1.5                  -> v5.1.5
instrument-self-tests	Run actions/checkout@fbc6f3992d24b796d5a048ff273f7fcc4a7b6c09	2026-10-08T14:14:22.0804795Z  * [new tag]           v5.1.6                  -> v5.1.6
instrument-self-tests	Run actions/checkout@fbc6f3992d24b796d5a048ff273f7fcc4a7b6c09	2026-10-08T14:14:22.0805721Z  * [new tag]           v5.1.7                  -> v5.1.7
instrument-self-tests	Run actions/checkout@fbc6f3992d24b796d5a048ff273f7fcc4a7b6c09	2026-10-08T14:14:22.0806377Z  * [new tag]           v5.1.9                  -> v5.1.9
instrument-self-tests	Run actions/checkout@fbc6f3992d24b796d5a048ff273f7fcc4a7b6c09	2026-10-08T14:14:22.0807013Z  * [new tag]           v5.2.0                  -> v5.2.0
instrument-self-tests	Run actions/checkout@fbc6f3992d24b796d5a048ff273f7fcc4a7b6c09	2026-10-08T14:14:22.0807663Z  * [new tag]           v5.3.0                  -> v5.3.0
instrument-self-tests	Run actions/checkout@fbc6f3992d24b796d5a048ff273f7fcc4a7b6c09	2026-10-08T14:14:22.0808312Z  * [new tag]           v5.4.0                  -> v5.4.0
instrument-self-tests	Run actions/checkout@fbc6f3992d24b796d5a048ff273f7fcc4a7b6c09	2026-10-08T14:14:22.0808953Z  * [new tag]           v5.4.1                  -> v5.4.1
instrument-self-tests	Run actions/checkout@fbc6f3992d24b796d5a048ff273f7fcc4a7b6c09	2026-10-08T14:14:22.0809590Z  * [new tag]           v5.5.0                  -> v5.5.0
instrument-self-tests	Run actions/checkout@fbc6f3992d24b796d5a048ff273f7fcc4a7b6c09	2026-10-08T14:14:22.0810223Z  * [new tag]           v5.6.0                  -> v5.6.0
instrument-self-tests	Run actions/checkout@fbc6f3992d24b796d5a048ff273f7fcc4a7b6c09	2026-10-08T14:14:22.0810857Z  * [new tag]           v5.6.1                  -> v5.6.1
instrument-self-tests	Run actions/checkout@fbc6f3992d24b796d5a048ff273f7fcc4a7b6c09	2026-10-08T14:14:22.0811492Z  * [new tag]           v5.6.2                  -> v5.6.2
instrument-self-tests	Run actions/checkout@fbc6f3992d24b796d5a048ff273f7fcc4a7b6c09	2026-10-08T14:14:22.0812141Z  * [new tag]           v5.7.0                  -> v5.7.0
instrument-self-tests	Run actions/checkout@fbc6f3992d24b796d5a048ff273f7fcc4a7b6c09	2026-10-08T14:14:22.0812945Z  * [new tag]           v5.7.1                  -> v5.7.1
instrument-self-tests	Run actions/checkout@fbc6f3992d24b796d5a048ff273f7fcc4a7b6c09	2026-10-08T14:14:22.0813577Z  * [new tag]           v6.0.0                  -> v6.0.0
instrument-self-tests	Run actions/checkout@fbc6f3992d24b796d5a048ff273f7fcc4a7b6c09	2026-10-08T14:14:22.0814210Z  * [new tag]           v6.0.1                  -> v6.0.1
instrument-self-tests	Run actions/checkout@fbc6f3992d24b796d5a048ff273f7fcc4a7b6c09	2026-10-08T14:14:22.0814843Z  * [new tag]           v6.0.2                  -> v6.0.2
instrument-self-tests	Run actions/checkout@fbc6f3992d24b796d5a048ff273f7fcc4a7b6c09	2026-10-08T14:14:22.0815759Z  * [new tag]           v6.0.3                  -> v6.0.3
instrument-self-tests	Run actions/checkout@fbc6f3992d24b796d5a048ff273f7fcc4a7b6c09	2026-10-08T14:14:22.0816415Z  * [new tag]           v6.0.4                  -> v6.0.4
instrument-self-tests	Run actions/checkout@fbc6f3992d24b796d5a048ff273f7fcc4a7b6c09	2026-10-08T14:14:22.0817058Z  * [new tag]           v6.0.5                  -> v6.0.5
instrument-self-tests	Run actions/checkout@fbc6f3992d24b796d5a048ff273f7fcc4a7b6c09	2026-10-08T14:14:22.0817698Z  * [new tag]           v6.0.6                  -> v6.0.6
instrument-self-tests	Run actions/checkout@fbc6f3992d24b796d5a048ff273f7fcc4a7b6c09	2026-10-08T14:14:22.0818337Z  * [new tag]           v6.0.7                  -> v6.0.7
instrument-self-tests	Run actions/checkout@fbc6f3992d24b796d5a048ff273f7fcc4a7b6c09	2026-10-08T14:14:22.0818971Z  * [new tag]           v6.0.8                  -> v6.0.8
instrument-self-tests	Run actions/checkout@fbc6f3992d24b796d5a048ff273f7fcc4a7b6c09	2026-10-08T14:14:22.0819600Z  * [new tag]           v6.0.9                  -> v6.0.9
instrument-self-tests	Run actions/checkout@fbc6f3992d24b796d5a048ff273f7fcc4a7b6c09	2026-10-08T14:14:22.0820245Z  * [new tag]           v6.1.0                  -> v6.1.0
instrument-self-tests	Run actions/checkout@fbc6f3992d24b796d5a048ff273f7fcc4a7b6c09	2026-10-08T14:14:22.0820888Z  * [new tag]           v6.1.1                  -> v6.1.1
instrument-self-tests	Run actions/checkout@fbc6f3992d24b796d5a048ff273f7fcc4a7b6c09	2026-10-08T14:14:22.0821518Z  * [new tag]           v6.1.2                  -> v6.1.2
instrument-self-tests	Run actions/checkout@fbc6f3992d24b796d5a048ff273f7fcc4a7b6c09	2026-10-08T14:14:22.0822145Z  * [new tag]           v6.2.0                  -> v6.2.0
instrument-self-tests	Run actions/checkout@fbc6f3992d24b796d5a048ff273f7fcc4a7b6c09	2026-10-08T14:14:22.0822776Z  * [new tag]           v6.2.1                  -> v6.2.1
instrument-self-tests	Run actions/checkout@fbc6f3992d24b796d5a048ff273f7fcc4a7b6c09	2026-10-08T14:14:22.0823423Z  * [new tag]           v6.2.10                 -> v6.2.10
instrument-self-tests	Run actions/checkout@fbc6f3992d24b796d5a048ff273f7fcc4a7b6c09	2026-10-08T14:14:22.0824067Z  * [new tag]           v6.2.11                 -> v6.2.11
instrument-self-tests	Run actions/checkout@fbc6f3992d24b796d5a048ff273f7fcc4a7b6c09	2026-10-08T14:14:22.0824702Z  * [new tag]           v6.2.12                 -> v6.2.12
instrument-self-tests	Run actions/checkout@fbc6f3992d24b796d5a048ff273f7fcc4a7b6c09	2026-10-08T14:14:22.0825730Z  * [new tag]           v6.2.13                 -> v6.2.13
instrument-self-tests	Run actions/checkout@fbc6f3992d24b796d5a048ff273f7fcc4a7b6c09	2026-10-08T14:14:22.0826397Z  * [new tag]           v6.2.14                 -> v6.2.14
instrument-self-tests	Run actions/checkout@fbc6f3992d24b796d5a048ff273f7fcc4a7b6c09	2026-10-08T14:14:22.0827037Z  * [new tag]           v6.2.15                 -> v6.2.15
instrument-self-tests	Run actions/checkout@fbc6f3992d24b796d5a048ff273f7fcc4a7b6c09	2026-10-08T14:14:22.0827676Z  * [new tag]           v6.2.16                 -> v6.2.16
instrument-self-tests	Run actions/checkout@fbc6f3992d24b796d5a048ff273f7fcc4a7b6c09	2026-10-08T14:14:22.0828487Z  * [new tag]           v6.2.17                 -> v6.2.17
instrument-self-tests	Run actions/checkout@fbc6f3992d24b796d5a048ff273f7fcc4a7b6c09	2026-10-08T14:14:22.0829127Z  * [new tag]           v6.2.2                  -> v6.2.2
instrument-self-tests	Run actions/checkout@fbc6f3992d24b796d5a048ff273f7fcc4a7b6c09	2026-10-08T14:14:22.0829776Z  * [new tag]           v6.2.3                  -> v6.2.3
instrument-self-tests	Run actions/checkout@fbc6f3992d24b796d5a048ff273f7fcc4a7b6c09	2026-10-08T14:14:22.0830418Z  * [new tag]           v6.2.4                  -> v6.2.4
instrument-self-tests	Run actions/checkout@fbc6f3992d24b796d5a048ff273f7fcc4a7b6c09	2026-10-08T14:14:22.0831054Z  * [new tag]           v6.2.5                  -> v6.2.5
instrument-self-tests	Run actions/checkout@fbc6f3992d24b796d5a048ff273f7fcc4a7b6c09	2026-10-08T14:14:22.0831691Z  * [new tag]           v6.2.6                  -> v6.2.6
instrument-self-tests	Run actions/checkout@fbc6f3992d24b796d5a048ff273f7fcc4a7b6c09	2026-10-08T14:14:22.0832327Z  * [new tag]           v6.2.7                  -> v6.2.7
instrument-self-tests	Run actions/checkout@fbc6f3992d24b796d5a048ff273f7fcc4a7b6c09	2026-10-08T14:14:22.0832954Z  * [new tag]           v6.2.8                  -> v6.2.8
instrument-self-tests	Run actions/checkout@fbc6f3992d24b796d5a048ff273f7fcc4a7b6c09	2026-10-08T14:14:22.0833595Z  * [new tag]           v6.2.9                  -> v6.2.9
instrument-self-tests	Run actions/checkout@fbc6f3992d24b796d5a048ff273f7fcc4a7b6c09	2026-10-08T14:14:22.0834231Z  * [new tag]           v6.3.0                  -> v6.3.0
instrument-self-tests	Run actions/checkout@fbc6f3992d24b796d5a048ff273f7fcc4a7b6c09	2026-10-08T14:14:22.0834868Z  * [new tag]           v6.3.1                  -> v6.3.1
instrument-self-tests	Run actions/checkout@fbc6f3992d24b796d5a048ff273f7fcc4a7b6c09	2026-10-08T14:14:22.0835848Z  * [new tag]           v6.3.10                 -> v6.3.10
instrument-self-tests	Run actions/checkout@fbc6f3992d24b796d5a048ff273f7fcc4a7b6c09	2026-10-08T14:14:22.0836559Z  * [new tag]           v6.3.11                 -> v6.3.11
instrument-self-tests	Run actions/checkout@fbc6f3992d24b796d5a048ff273f7fcc4a7b6c09	2026-10-08T14:14:22.0837212Z  * [new tag]           v6.3.12                 -> v6.3.12
instrument-self-tests	Run actions/checkout@fbc6f3992d24b796d5a048ff273f7fcc4a7b6c09	2026-10-08T14:14:22.0837850Z  * [new tag]           v6.3.13                 -> v6.3.13
instrument-self-tests	Run actions/checkout@fbc6f3992d24b796d5a048ff273f7fcc4a7b6c09	2026-10-08T14:14:22.0838487Z  * [new tag]           v6.3.14                 -> v6.3.14
instrument-self-tests	Run actions/checkout@fbc6f3992d24b796d5a048ff273f7fcc4a7b6c09	2026-10-08T14:14:22.0839130Z  * [new tag]           v6.3.15                 -> v6.3.15
instrument-self-tests	Run actions/checkout@fbc6f3992d24b796d5a048ff273f7fcc4a7b6c09	2026-10-08T14:14:22.0839765Z  * [new tag]           v6.3.16                 -> v6.3.16
instrument-self-tests	Run actions/checkout@fbc6f3992d24b796d5a048ff273f7fcc4a7b6c09	2026-10-08T14:14:22.0840616Z  * [new tag]           v6.3.17                 -> v6.3.17
instrument-self-tests	Run actions/checkout@fbc6f3992d24b796d5a048ff273f7fcc4a7b6c09	2026-10-08T14:14:22.0841605Z  * [new tag]           v6.3.18                 -> v6.3.18
instrument-self-tests	Run actions/checkout@fbc6f3992d24b796d5a048ff273f7fcc4a7b6c09	2026-10-08T14:14:22.0842714Z  * [new tag]           v6.3.19                 -> v6.3.19
instrument-self-tests	Run actions/checkout@fbc6f3992d24b796d5a048ff273f7fcc4a7b6c09	2026-10-08T14:14:22.0843785Z  * [new tag]           v6.3.2                  -> v6.3.2
instrument-self-tests	Run actions/checkout@fbc6f3992d24b796d5a048ff273f7fcc4a7b6c09	2026-10-08T14:14:22.0844897Z  * [new tag]           v6.3.20                 -> v6.3.20
instrument-self-tests	Run actions/checkout@fbc6f3992d24b796d5a048ff273f7fcc4a7b6c09	2026-10-08T14:14:22.0846380Z  * [new tag]           v6.3.3                  -> v6.3.3
instrument-self-tests	Run actions/checkout@fbc6f3992d24b796d5a048ff273f7fcc4a7b6c09	2026-10-08T14:14:22.0847870Z  * [new tag]           v6.3.4                  -> v6.3.4
instrument-self-tests	Run actions/checkout@fbc6f3992d24b796d5a048ff273f7fcc4a7b6c09	2026-10-08T14:14:22.0849033Z  * [new tag]           v6.3.5                  -> v6.3.5
instrument-self-tests	Run actions/checkout@fbc6f3992d24b796d5a048ff273f7fcc4a7b6c09	2026-10-08T14:14:22.0850022Z  * [new tag]           v6.3.6                  -> v6.3.6
instrument-self-tests	Run actions/checkout@fbc6f3992d24b796d5a048ff273f7fcc4a7b6c09	2026-10-08T14:14:22.0850693Z  * [new tag]           v6.3.7                  -> v6.3.7
instrument-self-tests	Run actions/checkout@fbc6f3992d24b796d5a048ff273f7fcc4a7b6c09	2026-10-08T14:14:22.0851348Z  * [new tag]           v6.3.8                  -> v6.3.8
instrument-self-tests	Run actions/checkout@fbc6f3992d24b796d5a048ff273f7fcc4a7b6c09	2026-10-08T14:14:22.0851992Z  * [new tag]           v6.3.9                  -> v6.3.9
instrument-self-tests	Run actions/checkout@fbc6f3992d24b796d5a048ff273f7fcc4a7b6c09	2026-10-08T14:14:22.0853006Z  * [new tag]           v6.4.0                  -> v6.4.0
instrument-self-tests	Run actions/checkout@fbc6f3992d24b796d5a048ff273f7fcc4a7b6c09	2026-10-08T14:14:22.0853974Z  * [new tag]           v6.4.1                  -> v6.4.1
instrument-self-tests	Run actions/checkout@fbc6f3992d24b796d5a048ff273f7fcc4a7b6c09	2026-10-08T14:14:22.0854653Z  * [new tag]           v6.4.2                  -> v6.4.2
instrument-self-tests	Run actions/checkout@fbc6f3992d24b796d5a048ff273f7fcc4a7b6c09	2026-10-08T14:14:22.0855611Z  * [new tag]           v6.4.3                  -> v6.4.3
instrument-self-tests	Run actions/checkout@fbc6f3992d24b796d5a048ff273f7fcc4a7b6c09	2026-10-08T14:14:22.0856264Z  * [new tag]           v6.4.4                  -> v6.4.4
instrument-self-tests	Run actions/checkout@fbc6f3992d24b796d5a048ff273f7fcc4a7b6c09	2026-10-08T14:14:22.0857236Z  * [new tag]           v6.5.0                  -> v6.5.0
instrument-self-tests	Run actions/checkout@fbc6f3992d24b796d5a048ff273f7fcc4a7b6c09	2026-10-08T14:14:22.0858464Z  * [new tag]           v6.5.1                  -> v6.5.1
instrument-self-tests	Run actions/checkout@fbc6f3992d24b796d5a048ff273f7fcc4a7b6c09	2026-10-08T14:14:22.0859670Z  * [new tag]           v6.6.0                  -> v6.6.0
instrument-self-tests	Run actions/checkout@fbc6f3992d24b796d5a048ff273f7fcc4a7b6c09	2026-10-08T14:14:22.0860892Z  * [new tag]           v6.6.1                  -> v6.6.1
instrument-self-tests	Run actions/checkout@fbc6f3992d24b796d5a048ff273f7fcc4a7b6c09	2026-10-08T14:14:22.0861657Z  * [new tag]           v6.6.10                 -> v6.6.10
instrument-self-tests	Run actions/checkout@fbc6f3992d24b796d5a048ff273f7fcc4a7b6c09	2026-10-08T14:14:22.0862334Z  * [new tag]           v6.6.11                 -> v6.6.11
instrument-self-tests	Run actions/checkout@fbc6f3992d24b796d5a048ff273f7fcc4a7b6c09	2026-10-08T14:14:22.0864010Z  * [new tag]           v6.6.12                 -> v6.6.12
instrument-self-tests	Run actions/checkout@fbc6f3992d24b796d5a048ff273f7fcc4a7b6c09	2026-10-08T14:14:22.0864887Z  * [new tag]           v6.6.2                  -> v6.6.2
instrument-self-tests	Run actions/checkout@fbc6f3992d24b796d5a048ff273f7fcc4a7b6c09	2026-10-08T14:14:22.0866225Z  * [new tag]           v6.6.3                  -> v6.6.3
instrument-self-tests	Run actions/checkout@fbc6f3992d24b796d5a048ff273f7fcc4a7b6c09	2026-10-08T14:14:22.0866944Z  * [new tag]           v6.6.4                  -> v6.6.4
instrument-self-tests	Run actions/checkout@fbc6f3992d24b796d5a048ff273f7fcc4a7b6c09	2026-10-08T14:14:22.0867606Z  * [new tag]           v6.6.5                  -> v6.6.5
instrument-self-tests	Run actions/checkout@fbc6f3992d24b796d5a048ff273f7fcc4a7b6c09	2026-10-08T14:14:22.0868245Z  * [new tag]           v6.6.6                  -> v6.6.6
instrument-self-tests	Run actions/checkout@fbc6f3992d24b796d5a048ff273f7fcc4a7b6c09	2026-10-08T14:14:22.0869363Z  * [new tag]           v6.6.7                  -> v6.6.7
instrument-self-tests	Run actions/checkout@fbc6f3992d24b796d5a048ff273f7fcc4a7b6c09	2026-10-08T14:14:22.0870681Z  * [new tag]           v6.6.8                  -> v6.6.8
instrument-self-tests	Run actions/checkout@fbc6f3992d24b796d5a048ff273f7fcc4a7b6c09	2026-10-08T14:14:22.0871926Z  * [new tag]           v6.6.9                  -> v6.6.9
instrument-self-tests	Run actions/checkout@fbc6f3992d24b796d5a048ff273f7fcc4a7b6c09	2026-10-08T14:14:22.0873218Z  * [new tag]           v6.7.0                  -> v6.7.0
instrument-self-tests	Run actions/checkout@fbc6f3992d24b796d5a048ff273f7fcc4a7b6c09	2026-10-08T14:14:22.0874382Z  * [new tag]           v6.7.1                  -> v6.7.1
instrument-self-tests	Run actions/checkout@fbc6f3992d24b796d5a048ff273f7fcc4a7b6c09	2026-10-08T14:14:22.0875645Z  * [new tag]           v6.7.10                 -> v6.7.10
instrument-self-tests	Run actions/checkout@fbc6f3992d24b796d5a048ff273f7fcc4a7b6c09	2026-10-08T14:14:22.0876355Z  * [new tag]           v6.7.11                 -> v6.7.11
instrument-self-tests	Run actions/checkout@fbc6f3992d24b796d5a048ff273f7fcc4a7b6c09	2026-10-08T14:14:22.0877244Z  * [new tag]           v6.7.12                 -> v6.7.12
instrument-self-tests	Run actions/checkout@fbc6f3992d24b796d5a048ff273f7fcc4a7b6c09	2026-10-08T14:14:22.0877922Z  * [new tag]           v6.7.13                 -> v6.7.13
instrument-self-tests	Run actions/checkout@fbc6f3992d24b796d5a048ff273f7fcc4a7b6c09	2026-10-08T14:14:22.0878578Z  * [new tag]           v6.7.14                 -> v6.7.14
instrument-self-tests	Run actions/checkout@fbc6f3992d24b796d5a048ff273f7fcc4a7b6c09	2026-10-08T14:14:22.0879221Z  * [new tag]           v6.7.15                 -> v6.7.15
instrument-self-tests	Run actions/checkout@fbc6f3992d24b796d5a048ff273f7fcc4a7b6c09	2026-10-08T14:14:22.0879851Z  * [new tag]           v6.7.16                 -> v6.7.16
instrument-self-tests	Run actions/checkout@fbc6f3992d24b796d5a048ff273f7fcc4a7b6c09	2026-10-08T14:14:22.0880506Z  * [new tag]           v6.7.2                  -> v6.7.2
instrument-self-tests	Run actions/checkout@fbc6f3992d24b796d5a048ff273f7fcc4a7b6c09	2026-10-08T14:14:22.0881147Z  * [new tag]           v6.7.3                  -> v6.7.3
instrument-self-tests	Run actions/checkout@fbc6f3992d24b796d5a048ff273f7fcc4a7b6c09	2026-10-08T14:14:22.0881777Z  * [new tag]           v6.7.4                  -> v6.7.4
instrument-self-tests	Run actions/checkout@fbc6f3992d24b796d5a048ff273f7fcc4a7b6c09	2026-10-08T14:14:22.0882403Z  * [new tag]           v6.7.5                  -> v6.7.5
instrument-self-tests	Run actions/checkout@fbc6f3992d24b796d5a048ff273f7fcc4a7b6c09	2026-10-08T14:14:22.0883043Z  * [new tag]           v6.7.6                  -> v6.7.6
instrument-self-tests	Run actions/checkout@fbc6f3992d24b796d5a048ff273f7fcc4a7b6c09	2026-10-08T14:14:22.0883665Z  * [new tag]           v6.7.7                  -> v6.7.7
instrument-self-tests	Run actions/checkout@fbc6f3992d24b796d5a048ff273f7fcc4a7b6c09	2026-10-08T14:14:22.0884289Z  * [new tag]           v6.7.8                  -> v6.7.8
instrument-self-tests	Run actions/checkout@fbc6f3992d24b796d5a048ff273f7fcc4a7b6c09	2026-10-08T14:14:22.0884910Z  * [new tag]           v6.7.9                  -> v6.7.9
instrument-self-tests	Run actions/checkout@fbc6f3992d24b796d5a048ff273f7fcc4a7b6c09	2026-10-08T14:14:22.0886013Z  * [new ref]           42ee5eee9cb2e3df0a46a510a90f9c6d96c0d8c9 -> pull/2061/merge
instrument-self-tests	Run actions/checkout@fbc6f3992d24b796d5a048ff273f7fcc4a7b6c09	2026-10-08T14:14:22.0888024Z ##[endgroup]
instrument-self-tests	Run actions/checkout@fbc6f3992d24b796d5a048ff273f7fcc4a7b6c09	2026-10-08T14:14:22.0888750Z ##[group]Determining the checkout info
instrument-self-tests	Run actions/checkout@fbc6f3992d24b796d5a048ff273f7fcc4a7b6c09	2026-10-08T14:14:22.0889551Z ##[endgroup]
instrument-self-tests	Run actions/checkout@fbc6f3992d24b796d5a048ff273f7fcc4a7b6c09	2026-10-08T14:14:22.0890033Z [command]/usr/bin/git sparse-checkout disable
instrument-self-tests	Run actions/checkout@fbc6f3992d24b796d5a048ff273f7fcc4a7b6c09	2026-10-08T14:14:22.0891359Z [command]/usr/bin/git config --local --unset-all extensions.worktreeConfig
instrument-self-tests	Run actions/checkout@fbc6f3992d24b796d5a048ff273f7fcc4a7b6c09	2026-10-08T14:14:22.0893202Z ##[group]Checking out the ref
instrument-self-tests	Run actions/checkout@fbc6f3992d24b796d5a048ff273f7fcc4a7b6c09	2026-10-08T14:14:22.0893938Z [command]/usr/bin/git checkout --progress --force refs/remotes/pull/2061/merge
instrument-self-tests	Run actions/checkout@fbc6f3992d24b796d5a048ff273f7fcc4a7b6c09	2026-10-08T14:14:22.5426431Z Note: switching to 'refs/remotes/pull/2061/merge'.
instrument-self-tests	Run actions/checkout@fbc6f3992d24b796d5a048ff273f7fcc4a7b6c09	2026-10-08T14:14:22.5427849Z 
instrument-self-tests	Run actions/checkout@fbc6f3992d24b796d5a048ff273f7fcc4a7b6c09	2026-10-08T14:14:22.5428428Z You are in 'detached HEAD' state. You can look around, make experimental
instrument-self-tests	Run actions/checkout@fbc6f3992d24b796d5a048ff273f7fcc4a7b6c09	2026-10-08T14:14:22.5429739Z changes and commit them, and you can discard any commits you make in this
instrument-self-tests	Run actions/checkout@fbc6f3992d24b796d5a048ff273f7fcc4a7b6c09	2026-10-08T14:14:22.5431038Z state without impacting any branches by switching back to a branch.
instrument-self-tests	Run actions/checkout@fbc6f3992d24b796d5a048ff273f7fcc4a7b6c09	2026-10-08T14:14:22.5431793Z 
instrument-self-tests	Run actions/checkout@fbc6f3992d24b796d5a048ff273f7fcc4a7b6c09	2026-10-08T14:14:22.5432304Z If you want to create a new branch to retain commits you create, you may
instrument-self-tests	Run actions/checkout@fbc6f3992d24b796d5a048ff273f7fcc4a7b6c09	2026-10-08T14:14:22.5433602Z do so (now or later) by using -c with the switch command. Example:
instrument-self-tests	Run actions/checkout@fbc6f3992d24b796d5a048ff273f7fcc4a7b6c09	2026-10-08T14:14:22.5434408Z 
instrument-self-tests	Run actions/checkout@fbc6f3992d24b796d5a048ff273f7fcc4a7b6c09	2026-10-08T14:14:22.5434722Z   git switch -c <new-branch-name>
instrument-self-tests	Run actions/checkout@fbc6f3992d24b796d5a048ff273f7fcc4a7b6c09	2026-10-08T14:14:22.5435826Z 
instrument-self-tests	Run actions/checkout@fbc6f3992d24b796d5a048ff273f7fcc4a7b6c09	2026-10-08T14:14:22.5436383Z Or undo this operation with:
instrument-self-tests	Run actions/checkout@fbc6f3992d24b796d5a048ff273f7fcc4a7b6c09	2026-10-08T14:14:22.5437229Z 
instrument-self-tests	Run actions/checkout@fbc6f3992d24b796d5a048ff273f7fcc4a7b6c09	2026-10-08T14:14:22.5437684Z   git switch -
instrument-self-tests	Run actions/checkout@fbc6f3992d24b796d5a048ff273f7fcc4a7b6c09	2026-10-08T14:14:22.5438315Z 
instrument-self-tests	Run actions/checkout@fbc6f3992d24b796d5a048ff273f7fcc4a7b6c09	2026-10-08T14:14:22.5439515Z Turn off this advice by setting config variable advice.detachedHead to false
instrument-self-tests	Run actions/checkout@fbc6f3992d24b796d5a048ff273f7fcc4a7b6c09	2026-10-08T14:14:22.5441080Z 
instrument-self-tests	Run actions/checkout@fbc6f3992d24b796d5a048ff273f7fcc4a7b6c09	2026-10-08T14:14:22.5442916Z HEAD is now at 42ee5eee Merge cf84e0a45dacffab7d337c74fb9312fc9f298ad3 into 0b89f781f340d56a8202f7a2fbe69b8f87e4b2ff
instrument-self-tests	Run actions/checkout@fbc6f3992d24b796d5a048ff273f7fcc4a7b6c09	2026-10-08T14:14:22.5474035Z ##[endgroup]
instrument-self-tests	Run actions/checkout@fbc6f3992d24b796d5a048ff273f7fcc4a7b6c09	2026-10-08T14:14:22.5524101Z [command]/usr/bin/git log -1 --format=%H
instrument-self-tests	Run actions/checkout@fbc6f3992d24b796d5a048ff273f7fcc4a7b6c09	2026-10-08T14:14:22.5552913Z 42ee5eee9cb2e3df0a46a510a90f9c6d96c0d8c9
instrument-self-tests	Run actions/setup-node@a0853c24544627f65ddf259abe73b1d18a591444	﻿2026-10-08T14:14:22.6010736Z ##[group]Run actions/setup-node@a0853c24544627f65ddf259abe73b1d18a591444
instrument-self-tests	Run actions/setup-node@a0853c24544627f65ddf259abe73b1d18a591444	2026-10-08T14:14:22.6012321Z with:
instrument-self-tests	Run actions/setup-node@a0853c24544627f65ddf259abe73b1d18a591444	2026-10-08T14:14:22.6013057Z   node-version: 22
instrument-self-tests	Run actions/setup-node@a0853c24544627f65ddf259abe73b1d18a591444	2026-10-08T14:14:22.6013930Z   always-auth: false
instrument-self-tests	Run actions/setup-node@a0853c24544627f65ddf259abe73b1d18a591444	2026-10-08T14:14:22.6014787Z   check-latest: false
instrument-self-tests	Run actions/setup-node@a0853c24544627f65ddf259abe73b1d18a591444	2026-10-08T14:14:22.6024858Z   token: ***
instrument-self-tests	Run actions/setup-node@a0853c24544627f65ddf259abe73b1d18a591444	2026-10-08T14:14:22.6025837Z   package-manager-cache: true
instrument-self-tests	Run actions/setup-node@a0853c24544627f65ddf259abe73b1d18a591444	2026-10-08T14:14:22.6027105Z env:
instrument-self-tests	Run actions/setup-node@a0853c24544627f65ddf259abe73b1d18a591444	2026-10-08T14:14:22.6027886Z   HPO_JOB_GRADES: nothing
instrument-self-tests	Run actions/setup-node@a0853c24544627f65ddf259abe73b1d18a591444	2026-10-08T14:14:22.6028791Z ##[endgroup]
instrument-self-tests	Run actions/setup-node@a0853c24544627f65ddf259abe73b1d18a591444	2026-10-08T14:14:22.7551834Z Found in cache @ /opt/hostedtoolcache/node/22.23.3/x64
instrument-self-tests	Run actions/setup-node@a0853c24544627f65ddf259abe73b1d18a591444	2026-10-08T14:14:22.7557875Z (node:2397) [DEP0040] DeprecationWarning: The `punycode` module is deprecated. Please use a userland alternative instead.
instrument-self-tests	Run actions/setup-node@a0853c24544627f65ddf259abe73b1d18a591444	2026-10-08T14:14:22.7562461Z (Use `node --trace-deprecation ...` to show where the warning was created)
instrument-self-tests	Run actions/setup-node@a0853c24544627f65ddf259abe73b1d18a591444	2026-10-08T14:14:22.7566483Z ##[group]Environment details
instrument-self-tests	Run actions/setup-node@a0853c24544627f65ddf259abe73b1d18a591444	2026-10-08T14:14:23.1686346Z node: v22.23.3
instrument-self-tests	Run actions/setup-node@a0853c24544627f65ddf259abe73b1d18a591444	2026-10-08T14:14:23.1686811Z npm: 10.9.9
instrument-self-tests	Run actions/setup-node@a0853c24544627f65ddf259abe73b1d18a591444	2026-10-08T14:14:23.1687231Z yarn: 1.22.22
instrument-self-tests	Run actions/setup-node@a0853c24544627f65ddf259abe73b1d18a591444	2026-10-08T14:14:23.1688799Z ##[endgroup]
instrument-self-tests	Refuse a corpus or record-mode check that survives its own deletion	﻿2026-10-08T14:14:23.1836605Z ##[group]Run if test -f .claude/workflows/policy_lint_mutants.mjs; then node .claude/workflows/policy_lint_mutants.mjs; else node tools/policy/policy_lint_mutants.mjs; fi
instrument-self-tests	Refuse a corpus or record-mode check that survives its own deletion	2026-10-08T14:14:23.1837880Z ^[[36;1mif test -f .claude/workflows/policy_lint_mutants.mjs; then node .claude/workflows/policy_lint_mutants.mjs; else node tools/policy/policy_lint_mutants.mjs; fi^[[0m
instrument-self-tests	Refuse a corpus or record-mode check that survives its own deletion	2026-10-08T14:14:23.2115466Z shell: /usr/bin/bash -e {0}
instrument-self-tests	Refuse a corpus or record-mode check that survives its own deletion	2026-10-08T14:14:23.2115748Z env:
instrument-self-tests	Refuse a corpus or record-mode check that survives its own deletion	2026-10-08T14:14:23.2115966Z   HPO_JOB_GRADES: nothing
instrument-self-tests	Refuse a corpus or record-mode check that survives its own deletion	2026-10-08T14:14:23.2116211Z ##[endgroup]
instrument-self-tests	Refuse a corpus or record-mode check that survives its own deletion	2026-10-08T14:14:57.6705596Z   DRIVEN   entry  exit-status          the exit status tracks the findings both ways: 1 on the red fixture, 0 on the corpus as it stands, each driven as a process with this one's environment
instrument-self-tests	Refuse a corpus or record-mode check that survives its own deletion	2026-10-08T14:14:57.6708089Z   PIN      corpus checkIndex           FIXTURE VACUOUS: check 'index' produced 0 error(s) on the rot fixtures, 2 required
instrument-self-tests	Refuse a corpus or record-mode check that survives its own deletion	2026-10-08T14:14:57.6709797Z   PIN      corpus checkDuplicates      FIXTURE VACUOUS: check 'duplicates' produced 0 error(s) on the rot fixtures, 1 required
instrument-self-tests	Refuse a corpus or record-mode check that survives its own deletion	2026-10-08T14:14:57.6712214Z   PIN      corpus checkBudgets         FIXTURE VACUOUS: the 'file' budget comparison produced nothing against a zero budget, so deleting it would change no output. Every cap is false on a healthy cor
instrument-self-tests	Refuse a corpus or record-mode check that survives its own deletion	2026-10-08T14:14:57.6714651Z   PIN      corpus coverageOverTree     FIXTURE VACUOUS: checkCoverage did not report .cursor/rules/Probe_9.mdc; a rule file with a digit in its name would leave the corpus unread, in silence
instrument-self-tests	Refuse a corpus or record-mode check that survives its own deletion	2026-10-08T14:14:57.6717216Z   PIN      corpus namedDocsOverTree    FIXTURE VACUOUS: checkNamedDocs reported nothing against an empty budget, where every document the corpus names is uncapped by definition. Prose moved into a na
instrument-self-tests	Refuse a corpus or record-mode check that survives its own deletion	2026-10-08T14:14:57.6718970Z   PIN      corpus citationPresenceOverTree FIXTURE VACUOUS: checkCitationPresence reported 0 of 2 earned exclusions with every citation of them elided from the corpus. That is arm B of #1058's citation t
instrument-self-tests	Refuse a corpus or record-mode check that survives its own deletion	2026-10-08T14:14:57.6720473Z   PIN      corpus orphanCapsOverTree   FIXTURE VACUOUS: checkOrphanCaps did not report docs/a-file-no-glob-matches.md exactly once (got []); a cap that measures nothing would read exactly like one th
instrument-self-tests	Refuse a corpus or record-mode check that survives its own deletion	2026-10-08T14:14:57.6721952Z   PIN      corpus requiredContextsOverTree FIXTURE VACUOUS: the required-contexts literal scan produced 0 finding(s) on the rot fixture, 3 required (one per literal shape). A deleted regex in REQUIRED_CO
instrument-self-tests	Refuse a corpus or record-mode check that survives its own deletion	2026-10-08T14:14:57.6723526Z   PIN      corpus checkProvenance      FIXTURE VACUOUS: checkProvenance did not refuse 3690661, a parentless commit that cannot be an ancestor of anything. A ledger stamped from HEAD names a SHA the 
instrument-self-tests	Refuse a corpus or record-mode check that survives its own deletion	2026-10-08T14:14:57.6726117Z   PIN      corpus rowFreezeOverPlan    FIXTURE VACUOUS: recordRegion ["the wired freeze check does not read its source, or reads it against no freeze"]. The record's region is what makes a mention a 
instrument-self-tests	Refuse a corpus or record-mode check that survives its own deletion	2026-10-08T14:14:57.6728609Z   PIN      corpus ruleBindingOverTree  FIXTURE VACUOUS: the rule-binding 'unscoped' arm produced [] against a model built to trip it. A refusal with no witness is deletable in silence.
instrument-self-tests	Refuse a corpus or record-mode check that survives its own deletion	2026-10-08T14:14:57.6731067Z   PIN      record checkRecord          FIXTURE VACUOUS: recordRegion ["a mention OUTSIDE the section counted as a disposition","the region did not CLOSE at the next section heading","a mention inside
instrument-self-tests	Refuse a corpus or record-mode check that survives its own deletion	2026-10-08T14:14:57.6733381Z   PIN      record checkTableSplit      FIXTURE VACUOUS: check 'table' produced 0 error(s) on the rot fixtures, 1 required
instrument-self-tests	Refuse a corpus or record-mode check that survives its own deletion	2026-10-08T14:14:57.6734892Z   PIN      record checkRender          FIXTURE VACUOUS: check 'render' produced 0 error(s) on the rot fixtures, 4 required
instrument-self-tests	Refuse a corpus or record-mode check that survives its own deletion	2026-10-08T14:14:57.6737233Z   PIN      record enumSkipLine         FIXTURE VACUOUS: the merge-enumeration fetch-failure marker lost its skip/UNCHECKED shape; a dead fetch would then keep rc=0 with `0 merged pull request(s)` rea
instrument-self-tests	Refuse a corpus or record-mode check that survives its own deletion	2026-10-08T14:14:57.6739788Z   PIN      record badRefLine           FIXTURE VACUOUS: the since-ref marker lost its refuse/DERIVED shape; an unresolvable --since would then print `0 merged pull request(s)` at rc=0, which is what 
instrument-self-tests	Refuse a corpus or record-mode check that survives its own deletion	2026-10-08T14:14:57.6742079Z   PIN      record checkCounts          FIXTURE VACUOUS: check 'counts' produced 0 error(s) on the rot fixtures, 13 required
instrument-self-tests	Refuse a corpus or record-mode check that survives its own deletion	2026-10-08T14:14:57.6743557Z   PIN      record CAP_RES              FIXTURE VACUOUS: check 'counts' produced 2 error(s) on the rot fixtures, 13 required
instrument-self-tests	Refuse a corpus or record-mode check that survives its own deletion	2026-10-08T14:14:57.6744878Z   PIN      record checkPrBody          FIXTURE VACUOUS: the author check did not fire on a tvofi-authored body
instrument-self-tests	Refuse a corpus or record-mode check that survives its own deletion	2026-10-08T14:14:57.6746705Z   PIN      record frictionEntries      FIXTURE VACUOUS: check 'pr-body' produced no error saying "does not parse"; that sub-claim refuses nothing the fixtures can produce
instrument-self-tests	Refuse a corpus or record-mode check that survives its own deletion	2026-10-08T14:14:57.6748468Z   PIN      record frictionKey          FIXTURE VACUOUS: check 'stats' produced 12 error(s) on the rot fixtures, 19 required
instrument-self-tests	Refuse a corpus or record-mode check that survives its own deletion	2026-10-08T14:14:57.6750363Z   PIN      record recordClassPaths     FIXTURE VACUOUS: recordClassPaths ["a code file beside a delivery row did not break the record class","an empty diff classified as record-class; one that cannot
instrument-self-tests	Refuse a corpus or record-mode check that survives its own deletion	2026-10-08T14:14:57.6752703Z   PIN      record sunsetMarkerLine     FIXTURE VACUOUS: the sunset marker census does not name the corpus's marker population, so `proposed (0) held (0)` prints with nothing to say whether a rule has
instrument-self-tests	Refuse a corpus or record-mode check that survives its own deletion	2026-10-08T14:14:57.6753879Z 
instrument-self-tests	Refuse a corpus or record-mode check that survives its own deletion	2026-10-08T14:14:57.6757987Z MUTANTS ok: every check this clone could drive turns the acceptance red when it is emptied -- corpus [checkIndex, checkDuplicates, checkBudgets, coverageOverTree, namedDocsOverTree, citationPresenceOverTree, orphanCapsOverTree, requiredContextsOverTree, checkProvenance, rowFreezeOverPlan, ruleBindingOverTree]; record [checkRecord, checkTableSplit, checkRender, enumSkipLine, badRefLine, checkCounts, CAP_RES, checkPrBody, frictionEntries, frictionKey, recordClassPaths, sunsetMarkerLine]
instrument-self-tests	Show the fragment check refusing its own perturbation	﻿2026-10-08T14:14:57.7008599Z ##[group]Run if test -f .claude/workflows/fragments_sync.mjs; then node .claude/workflows/fragments_sync.mjs --self-test; else node tools/policy/fragments_sync.mjs --self-test; fi
instrument-self-tests	Show the fragment check refusing its own perturbation	2026-10-08T14:14:57.7009884Z ^[[36;1mif test -f .claude/workflows/fragments_sync.mjs; then node .claude/workflows/fragments_sync.mjs --self-test; else node tools/policy/fragments_sync.mjs --self-test; fi^[[0m
instrument-self-tests	Show the fragment check refusing its own perturbation	2026-10-08T14:14:57.7076584Z shell: /usr/bin/bash -e {0}
instrument-self-tests	Show the fragment check refusing its own perturbation	2026-10-08T14:14:57.7076860Z env:
instrument-self-tests	Show the fragment check refusing its own perturbation	2026-10-08T14:14:57.7077060Z   HPO_JOB_GRADES: nothing
instrument-self-tests	Show the fragment check refusing its own perturbation	2026-10-08T14:14:57.7077290Z ##[endgroup]
instrument-self-tests	Show the fragment check refusing its own perturbation	2026-10-08T14:14:57.7497556Z   ok   the tree as committed reports no drift (null control)
instrument-self-tests	Show the fragment check refusing its own perturbation	2026-10-08T14:14:57.7501789Z   ok   at least one canonical fragment is carried by a script, so there is something to compare
instrument-self-tests	Show the fragment check refusing its own perturbation	2026-10-08T14:14:57.7528078Z   ok   one character changed in `GH_READ` is reported for all 4 script(s) carrying it (got 4)
instrument-self-tests	Show the fragment check refusing its own perturbation	2026-10-08T14:14:57.7529275Z   ok   and for no other fragment
instrument-self-tests	Show the fragment check refusing its own perturbation	2026-10-08T14:14:57.7530049Z   ok   two declarations split into two
instrument-self-tests	Show the fragment check refusing its own perturbation	2026-10-08T14:14:57.7531359Z   ok   a comment banner ends a declaration rather than being absorbed into it
instrument-self-tests	Show the fragment check refusing its own perturbation	2026-10-08T14:14:57.7532531Z   ok   an empty file declares nothing rather than throwing
instrument-self-tests	Show the fragment check refusing its own perturbation	2026-10-08T14:14:57.7533514Z   ok   GH_READ and GH_MERGE are split (null control)
instrument-self-tests	Show the fragment check refusing its own perturbation	2026-10-08T14:14:57.7534564Z   ok   putting merge_pull_request in GH_READ is reported
instrument-self-tests	Show the fragment check refusing its own perturbation	2026-10-08T14:14:57.7535771Z   ok   putting issue_read in GH_MERGE is reported
instrument-self-tests	Show the fragment check refusing its own perturbation	2026-10-08T14:14:57.7537301Z   ok   putting merge_pull_request in GH_WRITE is reported
instrument-self-tests	Show the fragment check refusing its own perturbation	2026-10-08T14:14:58.2356208Z   ok   no tracked stamp --push lacks --push-key (null control)
instrument-self-tests	Show the fragment check refusing its own perturbation	2026-10-08T14:14:58.2361718Z   ok   tools/release/stamp.py would be reported unexempted, so its exemption is load-bearing
instrument-self-tests	Show the fragment check refusing its own perturbation	2026-10-08T14:14:58.2367455Z   ok   .claude/workflows/fragments_sync.mjs would be reported unexempted, so its exemption is load-bearing
instrument-self-tests	Show the fragment check refusing its own perturbation	2026-10-08T14:14:58.2368378Z   ok   a keyless stamp --push is reported
instrument-self-tests	Show the fragment check refusing its own perturbation	2026-10-08T14:14:58.2369008Z   ok   so is one wrapped across lines, as the fragments wrap it
instrument-self-tests	Show the fragment check refusing its own perturbation	2026-10-08T14:14:58.2370132Z   ok   the same text with --push-key is not
instrument-self-tests	Show the fragment check refusing its own perturbation	2026-10-08T14:14:58.2370743Z   ok   a --push with no stamp.py before it is not
instrument-self-tests	Show the fragment check refusing its own perturbation	2026-10-08T14:14:58.2371347Z   ok   nor one a sentence end separates from stamp.py
instrument-self-tests	Show the fragment check refusing its own perturbation	2026-10-08T14:14:58.2371848Z   ok   an exempt path is skipped
instrument-self-tests	Show the fragment check refusing its own perturbation	2026-10-08T14:14:58.2372176Z 
instrument-self-tests	Show the fragment check refusing its own perturbation	2026-10-08T14:14:58.2372429Z 20 passed, 0 failed
instrument-self-tests	Show field coverage refusing each shape it exists to refuse	﻿2026-10-08T14:14:58.2542046Z ##[group]Run if test -f .claude/workflows/field_coverage.mjs; then node .claude/workflows/field_coverage.mjs --self-test; else node tools/policy/field_coverage.mjs --self-test; fi
instrument-self-tests	Show field coverage refusing each shape it exists to refuse	2026-10-08T14:14:58.2543316Z ^[[36;1mif test -f .claude/workflows/field_coverage.mjs; then node .claude/workflows/field_coverage.mjs --self-test; else node tools/policy/field_coverage.mjs --self-test; fi^[[0m
instrument-self-tests	Show field coverage refusing each shape it exists to refuse	2026-10-08T14:14:58.2606830Z shell: /usr/bin/bash -e {0}
instrument-self-tests	Show field coverage refusing each shape it exists to refuse	2026-10-08T14:14:58.2607083Z env:
instrument-self-tests	Show field coverage refusing each shape it exists to refuse	2026-10-08T14:14:58.2607276Z   HPO_JOB_GRADES: nothing
instrument-self-tests	Show field coverage refusing each shape it exists to refuse	2026-10-08T14:14:58.2607512Z ##[endgroup]
instrument-self-tests	Show field coverage refusing each shape it exists to refuse	2026-10-08T14:14:58.3200337Z   ok   a field the check never reads is BLIND
instrument-self-tests	Show field coverage refusing each shape it exists to refuse	2026-10-08T14:14:58.3205625Z   ok   an IGNORE with a reason clears it
instrument-self-tests	Show field coverage refusing each shape it exists to refuse	2026-10-08T14:14:58.3207855Z   ok   an IGNORE matching no field is DEAD
instrument-self-tests	Show field coverage refusing each shape it exists to refuse	2026-10-08T14:14:58.3208701Z   ok   an input red before any perturbation is REFUSED
instrument-self-tests	Show field coverage refusing each shape it exists to refuse	2026-10-08T14:14:58.3210295Z   ok   a skip on a perturbation is REFUSED, never a detection
instrument-self-tests	Show field coverage refusing each shape it exists to refuse	2026-10-08T14:14:58.3211175Z   ok   a load failure is REFUSED
instrument-self-tests	Show field coverage refusing each shape it exists to refuse	2026-10-08T14:14:58.3212473Z   skip     probe: cannot load probe (down); its field coverage is UNCHECKED this run, not confirmed
instrument-self-tests	Show field coverage refusing each shape it exists to refuse	2026-10-08T14:14:58.3213754Z   ok   the ruleset arm's load failure is a printed skip, not a refusal
instrument-self-tests	Show field coverage refusing each shape it exists to refuse	2026-10-08T14:14:58.3216009Z   ok   env-matrix's nothing-skipped row passes the token-hidden line alone
instrument-self-tests	Show field coverage refusing each shape it exists to refuse	2026-10-08T14:14:58.3219480Z   ok   and fails on a second, non-token skip line beside it
instrument-self-tests	Show field coverage refusing each shape it exists to refuse	2026-10-08T14:14:58.3220506Z   ok   and fails on a lone non-token skip line
instrument-self-tests	Show field coverage refusing each shape it exists to refuse	2026-10-08T14:14:58.3221807Z   ok   the UNCHECKED pattern matches every field the token cannot see
instrument-self-tests	Show field coverage refusing each shape it exists to refuse	2026-10-08T14:14:58.3223133Z   ok   and refuses the same line for any other field (pinned to bypass_actors)
instrument-self-tests	Show field coverage refusing each shape it exists to refuse	2026-10-08T14:14:58.3236728Z   ok   a census whose count rises by one for one planted member is read
instrument-self-tests	Show field coverage refusing each shape it exists to refuse	2026-10-08T14:14:58.3242744Z   ok   a count that never moves is BLIND (the silent zero)
instrument-self-tests	Show field coverage refusing each shape it exists to refuse	2026-10-08T14:14:58.3250507Z   ok   a count that moves by the wrong amount is BLIND
instrument-self-tests	Show field coverage refusing each shape it exists to refuse	2026-10-08T14:14:58.3255384Z   ok   a count line that cannot be read is REFUSED, never a pass
instrument-self-tests	Show field coverage refusing each shape it exists to refuse	2026-10-08T14:15:02.3751684Z   ok   a derived check DECLARED lacks is REFUSED as unregistered
instrument-self-tests	Show field coverage refusing each shape it exists to refuse	2026-10-08T14:15:02.3752615Z   ok   a DECLARED key the set does not yield is DEAD
instrument-self-tests	Show field coverage refusing each shape it exists to refuse	2026-10-08T14:15:02.3753775Z   ok   a DECLARED arm that does not exist is REFUSED
instrument-self-tests	Show field coverage refusing each shape it exists to refuse	2026-10-08T14:15:02.3754728Z FIELD COVERAGE SELF-TEST ok
instrument-self-tests	Show the comment poster refusing every body it cannot vouch for	﻿2026-10-08T14:15:02.3851675Z ##[group]Run if test -f .claude/workflows/gh_comment.py; then python3 .claude/workflows/gh_comment.py self-test; else python3 tools/pr/gh_comment.py self-test; fi
instrument-self-tests	Show the comment poster refusing every body it cannot vouch for	2026-10-08T14:15:02.3852877Z ^[[36;1mif test -f .claude/workflows/gh_comment.py; then python3 .claude/workflows/gh_comment.py self-test; else python3 tools/pr/gh_comment.py self-test; fi^[[0m
instrument-self-tests	Show the comment poster refusing every body it cannot vouch for	2026-10-08T14:15:02.3917692Z shell: /usr/bin/bash -e {0}
instrument-self-tests	Show the comment poster refusing every body it cannot vouch for	2026-10-08T14:15:02.3917951Z env:
instrument-self-tests	Show the comment poster refusing every body it cannot vouch for	2026-10-08T14:15:02.3918146Z   HPO_JOB_GRADES: nothing
instrument-self-tests	Show the comment poster refusing every body it cannot vouch for	2026-10-08T14:15:02.3918378Z ##[endgroup]
instrument-self-tests	Show the comment poster refusing every body it cannot vouch for	2026-10-08T14:15:02.4356362Z   live first line: 'the body that was sent'
instrument-self-tests	Show the comment poster refusing every body it cannot vouch for	2026-10-08T14:15:02.4357023Z   live first line: 'a completely different comment body'
instrument-self-tests	Show the comment poster refusing every body it cannot vouch for	2026-10-08T14:15:02.4357803Z   live first line: ''
instrument-self-tests	Show the comment poster refusing every body it cannot vouch for	2026-10-08T14:15:02.4377982Z ok   arm1_defect_body_refused
instrument-self-tests	Show the comment poster refusing every body it cannot vouch for	2026-10-08T14:15:02.4378634Z ok   arm1_defect_message_names_the_flag
instrument-self-tests	Show the comment poster refusing every body it cannot vouch for	2026-10-08T14:15:02.4379247Z ok   arm1_defect_predicate_true
instrument-self-tests	Show the comment poster refusing every body it cannot vouch for	2026-10-08T14:15:02.4379590Z ok   arm2_healthy_body_accepted
instrument-self-tests	Show the comment poster refusing every body it cannot vouch for	2026-10-08T14:15:02.4380270Z ok   arm3_positive[@/abs/path.md]
instrument-self-tests	Show the comment poster refusing every body it cannot vouch for	2026-10-08T14:15:02.4380821Z ok   arm3_positive[@rel/path.md]
instrument-self-tests	Show the comment poster refusing every body it cannot vouch for	2026-10-08T14:15:02.4381348Z ok   arm3_positive[@bare-name.md]
instrument-self-tests	Show the comment poster refusing every body it cannot vouch for	2026-10-08T14:15:02.4381816Z ok   arm3_positive[@./x]
instrument-self-tests	Show the comment poster refusing every body it cannot vouch for	2026-10-08T14:15:02.4382239Z ok   arm3_positive[@~/x]
instrument-self-tests	Show the comment poster refusing every body it cannot vouch for	2026-10-08T14:15:02.4382779Z ok   arm3_positive[/private/tmp/x/out/body.md]
instrument-self-tests	Show the comment poster refusing every body it cannot vouch for	2026-10-08T14:15:02.4383381Z ok   arm3_positive[@../up/one.md]
instrument-self-tests	Show the comment poster refusing every body it cannot vouch for	2026-10-08T14:15:02.4383918Z ok   arm3_negative[frozen at b86a4bd]
instrument-self-tests	Show the comment poster refusing every body it cannot vouch for	2026-10-08T14:15:02.4384861Z ok   arm3_negative[claimed-by: zcode · branch zcode/audit-r2-216]
instrument-self-tests	Show the comment poster refusing every body it cannot vouch for	2026-10-08T14:15:02.4385683Z ok   arm3_negative[docs/HANDOVER.md is stale.]
instrument-self-tests	Show the comment poster refusing every body it cannot vouch for	2026-10-08T14:15:02.4386082Z ok   arm3_negative[Fix review: merge]
instrument-self-tests	Show the comment poster refusing every body it cannot vouch for	2026-10-08T14:15:02.4386386Z ok   arm3_negative[v6.3.18]
instrument-self-tests	Show the comment poster refusing every body it cannot vouch for	2026-10-08T14:15:02.4386654Z ok   arm3_negative[#201]
instrument-self-tests	Show the comment poster refusing every body it cannot vouch for	2026-10-08T14:15:02.4387107Z ok   arm3_negative[https://github.com/tvofi/heatpump_optimizer/pull/738]
instrument-self-tests	Show the comment poster refusing every body it cannot vouch for	2026-10-08T14:15:02.4387579Z ok   arm3_negative[leaves #201 open.]
instrument-self-tests	Show the comment poster refusing every body it cannot vouch for	2026-10-08T14:15:02.4388099Z ok   arm3_negative[See tools/audit/briefs/fixer.md step 3 for the null control.]
instrument-self-tests	Show the comment poster refusing every body it cannot vouch for	2026-10-08T14:15:02.4388552Z ok   arm3_negative[LGTM]
instrument-self-tests	Show the comment poster refusing every body it cannot vouch for	2026-10-08T14:15:02.4389117Z READBACK id=1 live_len=23 want_len=23 live_sha=4f4546b123666c53 want_sha=4f4546b123666c53 identical=True
instrument-self-tests	Show the comment poster refusing every body it cannot vouch for	2026-10-08T14:15:02.4389636Z ok   arm4_identical_passes
instrument-self-tests	Show the comment poster refusing every body it cannot vouch for	2026-10-08T14:15:02.4390206Z READBACK id=1 live_len=22 want_len=23 live_sha=457b99a0ab6ab3bb want_sha=4f4546b123666c53 identical=False
instrument-self-tests	Show the comment poster refusing every body it cannot vouch for	2026-10-08T14:15:02.4390774Z ok   arm4_refuses_one_byte_difference
instrument-self-tests	Show the comment poster refusing every body it cannot vouch for	2026-10-08T14:15:02.4391384Z READBACK id=1 live_len=36 want_len=23 live_sha=32051c7c55a86106 want_sha=4f4546b123666c53 identical=False
instrument-self-tests	Show the comment poster refusing every body it cannot vouch for	2026-10-08T14:15:02.4391944Z ok   arm4_refuses_wrong_comment_id
instrument-self-tests	Show the comment poster refusing every body it cannot vouch for	2026-10-08T14:15:02.4392260Z ok   arm4_refuses_no_body_field
instrument-self-tests	Show the comment poster refusing every body it cannot vouch for	2026-10-08T14:15:02.4392569Z ok   arm4_refuses_null_body_field
instrument-self-tests	Show the comment poster refusing every body it cannot vouch for	2026-10-08T14:15:02.4392894Z ok   arm4_refuses_nonstring_body_field
instrument-self-tests	Show the comment poster refusing every body it cannot vouch for	2026-10-08T14:15:02.4393501Z READBACK id=1 live_len=0 want_len=23 live_sha=e3b0c44298fc1c14 want_sha=4f4546b123666c53 identical=False
instrument-self-tests	Show the comment poster refusing every body it cannot vouch for	2026-10-08T14:15:02.4394040Z ok   arm4_refuses_empty_body_field
instrument-self-tests	Show the comment poster refusing every body it cannot vouch for	2026-10-08T14:15:02.4394319Z ok   arm4_refuses_absent_file
instrument-self-tests	Show the comment poster refusing every body it cannot vouch for	2026-10-08T14:15:02.4394587Z ok   arm4_refuses_empty_file
instrument-self-tests	Show the comment poster refusing every body it cannot vouch for	2026-10-08T14:15:02.4394889Z ok   arm4_refuses_whitespace_only_file
instrument-self-tests	Show the comment poster refusing every body it cannot vouch for	2026-10-08T14:15:02.4395561Z ok   arm4_refuses_over_cap_body
instrument-self-tests	Show the comment poster refusing every body it cannot vouch for	2026-10-08T14:15:02.4395857Z ok   arm4_accepts_body_at_cap
instrument-self-tests	Show the comment poster refusing every body it cannot vouch for	2026-10-08T14:15:02.4396182Z ok   arm5_refuses_body_directly_in_scratchpad
instrument-self-tests	Show the comment poster refusing every body it cannot vouch for	2026-10-08T14:15:02.4396556Z ok   arm5_refuses_body_directly_in_tmp
instrument-self-tests	Show the comment poster refusing every body it cannot vouch for	2026-10-08T14:15:02.4396896Z ok   arm5_accepts_body_in_seat_subdirectory
instrument-self-tests	Show the comment poster refusing every body it cannot vouch for	2026-10-08T14:15:02.4397229Z ok   arm5_accepts_body_in_mkdtemp
instrument-self-tests	Show the comment poster refusing every body it cannot vouch for	2026-10-08T14:15:02.4397550Z ok   arm5_refuses_body_directly_in_TMPDIR
instrument-self-tests	Show the comment poster refusing every body it cannot vouch for	2026-10-08T14:15:02.4397878Z ok   arm5_refuses_body_directly_in_HOME
instrument-self-tests	Show the comment poster refusing every body it cannot vouch for	2026-10-08T14:15:02.4398211Z ok   arm5_refuses_body_directly_in_claude_uid
instrument-self-tests	Show the comment poster refusing every body it cannot vouch for	2026-10-08T14:15:02.4398549Z ok   arm5_refuses_plain_mkstemp_file
instrument-self-tests	Show the comment poster refusing every body it cannot vouch for	2026-10-08T14:15:02.4398856Z ok   arm5_refuses_link_to_root_file
instrument-self-tests	Show the comment poster refusing every body it cannot vouch for	2026-10-08T14:15:02.4399405Z ok   arm5_accepts_link_to_seat_file
instrument-self-tests	Show the comment poster refusing every body it cannot vouch for	2026-10-08T14:15:02.4399712Z ok   arm4_refuses_non_integer_id
instrument-self-tests	Show the comment poster refusing every body it cannot vouch for	2026-10-08T14:15:02.4399985Z ok   arm4_refuses_zero_id
instrument-self-tests	Show the comment poster refusing every body it cannot vouch for	2026-10-08T14:15:02.4400217Z TOTAL: 0 failed
instrument-self-tests	Show the comment poster refusing every body it cannot vouch for	2026-10-08T14:15:02.4400428Z SELF-TEST PASSED
instrument-self-tests	Show the record-predicate sweep refusing its own perturbations	﻿2026-10-08T14:15:02.4467810Z ##[group]Run if test -f tools/audit/record-predicate/sweep.mjs; then node tools/audit/record-predicate/sweep.mjs --self-test; else node tools/policy/record-predicate/sweep.mjs --self-test; fi
instrument-self-tests	Show the record-predicate sweep refusing its own perturbations	2026-10-08T14:15:02.4469157Z ^[[36;1mif test -f tools/audit/record-predicate/sweep.mjs; then node tools/audit/record-predicate/sweep.mjs --self-test; else node tools/policy/record-predicate/sweep.mjs --self-test; fi^[[0m
instrument-self-tests	Show the record-predicate sweep refusing its own perturbations	2026-10-08T14:15:02.4533448Z shell: /usr/bin/bash -e {0}
instrument-self-tests	Show the record-predicate sweep refusing its own perturbations	2026-10-08T14:15:02.4533704Z env:
instrument-self-tests	Show the record-predicate sweep refusing its own perturbations	2026-10-08T14:15:02.4533899Z   HPO_JOB_GRADES: nothing
instrument-self-tests	Show the record-predicate sweep refusing its own perturbations	2026-10-08T14:15:02.4534132Z ##[endgroup]
instrument-self-tests	Show the record-predicate sweep refusing its own perturbations	2026-10-08T14:15:02.4906369Z 
instrument-self-tests	Show the record-predicate sweep refusing its own perturbations	2026-10-08T14:15:02.4907240Z SWEEP SELF-TEST: 0 failure(s) over 21 assertion(s)
instrument-self-tests	Show the pre-PR self-check refusing its own fixtures	﻿2026-10-08T14:15:02.5026556Z ##[group]Run if test -f tools/audit/prepr.sh; then bash tools/audit/prepr.sh --self-test; else bash tools/pr/prepr.sh --self-test; fi
instrument-self-tests	Show the pre-PR self-check refusing its own fixtures	2026-10-08T14:15:02.5027496Z ^[[36;1mif test -f tools/audit/prepr.sh; then bash tools/audit/prepr.sh --self-test; else bash tools/pr/prepr.sh --self-test; fi^[[0m
instrument-self-tests	Show the pre-PR self-check refusing its own fixtures	2026-10-08T14:15:02.5091469Z shell: /usr/bin/bash -e {0}
instrument-self-tests	Show the pre-PR self-check refusing its own fixtures	2026-10-08T14:15:02.5091723Z env:
instrument-self-tests	Show the pre-PR self-check refusing its own fixtures	2026-10-08T14:15:02.5091917Z   HPO_JOB_GRADES: nothing
instrument-self-tests	Show the pre-PR self-check refusing its own fixtures	2026-10-08T14:15:02.5092147Z ##[endgroup]
instrument-self-tests	Show the pre-PR self-check refusing its own fixtures	2026-10-08T14:15:02.6315390Z   ok   a body with missing-section is refused
instrument-self-tests	Show the pre-PR self-check refusing its own fixtures	2026-10-08T14:15:02.7450658Z   ok   a body with no-figures is refused
instrument-self-tests	Show the pre-PR self-check refusing its own fixtures	2026-10-08T14:15:02.8489569Z   ok   a body with empty-section is refused
instrument-self-tests	Show the pre-PR self-check refusing its own fixtures	2026-10-08T14:15:02.9544152Z   ok   a body with wrong-head is refused
instrument-self-tests	Show the pre-PR self-check refusing its own fixtures	2026-10-08T14:15:03.0595488Z   ok   a body with dead-carry is refused
instrument-self-tests	Show the pre-PR self-check refusing its own fixtures	2026-10-08T14:15:03.1641526Z   ok   a body with bad-friction is refused
instrument-self-tests	Show the pre-PR self-check refusing its own fixtures	2026-10-08T14:15:03.2737340Z   ok   a body with backtick-bad-event is refused
instrument-self-tests	Show the pre-PR self-check refusing its own fixtures	2026-10-08T14:15:03.3807702Z   ok   a body with bare-na is refused
instrument-self-tests	Show the pre-PR self-check refusing its own fixtures	2026-10-08T14:15:03.4841228Z   ok   a body with folded-entry is refused
instrument-self-tests	Show the pre-PR self-check refusing its own fixtures	2026-10-08T14:15:03.5932484Z   ok   a body with bullet-after-entry is refused
instrument-self-tests	Show the pre-PR self-check refusing its own fixtures	2026-10-08T14:15:03.6986604Z   ok   a body that does not name its red check is refused
instrument-self-tests	Show the pre-PR self-check refusing its own fixtures	2026-10-08T14:15:03.8073815Z   ok   a healthy body with a well-formed friction line is silent (null control)
instrument-self-tests	Show the pre-PR self-check refusing its own fixtures	2026-10-08T14:15:03.9123136Z   ok   a healthy body answering every section with a word is silent (null control)
instrument-self-tests	Show the pre-PR self-check refusing its own fixtures	2026-10-08T14:15:04.0113293Z   ok   a settings file whose hook is missing is refused
instrument-self-tests	Show the pre-PR self-check refusing its own fixtures	2026-10-08T14:15:04.1126721Z   ok   a settings file whose hook is empty is refused
instrument-self-tests	Show the pre-PR self-check refusing its own fixtures	2026-10-08T14:15:04.2151851Z   ok   a settings file whose hook is unreadable is refused
instrument-self-tests	Show the pre-PR self-check refusing its own fixtures	2026-10-08T14:15:04.3160319Z   ok   a settings file whose hook is broken is refused
instrument-self-tests	Show the pre-PR self-check refusing its own fixtures	2026-10-08T14:15:04.4221721Z   ok   a settings file whose hook is self-test-fails is refused
instrument-self-tests	Show the pre-PR self-check refusing its own fixtures	2026-10-08T14:15:04.8988103Z   ok   a settings file whose hook is bad-matcher is refused
instrument-self-tests	Show the pre-PR self-check refusing its own fixtures	2026-10-08T14:15:05.0003690Z   ok   a settings file whose hook is bad-type is refused
instrument-self-tests	Show the pre-PR self-check refusing its own fixtures	2026-10-08T14:15:06.3395570Z   ok   this repository's own three wired hooks pass (null control)
instrument-self-tests	Show the pre-PR self-check refusing its own fixtures	2026-10-08T14:15:07.5524087Z   ok   a settings file whose PreToolUse matcher is star-matcher passes (null control)
instrument-self-tests	Show the pre-PR self-check refusing its own fixtures	2026-10-08T14:15:08.7603766Z   ok   a settings file whose PreToolUse matcher is no-matcher passes (null control)
instrument-self-tests	Show the pre-PR self-check refusing its own fixtures	2026-10-08T14:15:09.9804507Z   ok   a settings file whose PreToolUse matcher is empty-matcher passes (null control)
instrument-self-tests	Show the pre-PR self-check refusing its own fixtures	2026-10-08T14:15:09.9831061Z   ok   a detached HEAD has no branch and so nothing to compare -- compared against -
instrument-self-tests	Show the pre-PR self-check refusing its own fixtures	2026-10-08T14:15:09.9831700Z   ok   a detached HEAD has no branch and so nothing to compare
instrument-self-tests	Show the pre-PR self-check refusing its own fixtures	2026-10-08T14:15:09.9860157Z   ok   a branch with no remote branch yet reports that it cannot compare -- compared against origin/never-pushed
instrument-self-tests	Show the pre-PR self-check refusing its own fixtures	2026-10-08T14:15:09.9860859Z   ok   a branch with no remote branch yet reports that it cannot compare
instrument-self-tests	Show the pre-PR self-check refusing its own fixtures	2026-10-08T14:15:09.9886782Z   ok   a remote branch already at this head is silent (null control) -- compared against origin/own-branch
instrument-self-tests	Show the pre-PR self-check refusing its own fixtures	2026-10-08T14:15:09.9887510Z   ok   a remote branch already at this head is silent (null control)
instrument-self-tests	Show the pre-PR self-check refusing its own fixtures	2026-10-08T14:15:09.9913584Z   ok   an unpushed head warns rather than refusing -- compared against origin/own-branch
instrument-self-tests	Show the pre-PR self-check refusing its own fixtures	2026-10-08T14:15:09.9914442Z   ok   an unpushed head warns rather than refusing
instrument-self-tests	Show the pre-PR self-check refusing its own fixtures	2026-10-08T14:15:09.9944194Z   ok   a remote branch ahead of this head is refused -- compared against origin/own-branch
instrument-self-tests	Show the pre-PR self-check refusing its own fixtures	2026-10-08T14:15:09.9945435Z   ok   a remote branch ahead of this head is refused
instrument-self-tests	Show the pre-PR self-check refusing its own fixtures	2026-10-08T14:15:09.9971355Z   ok   a diverged branch is refused -- compared against origin/own-branch
instrument-self-tests	Show the pre-PR self-check refusing its own fixtures	2026-10-08T14:15:09.9972626Z   ok   a diverged branch is refused
instrument-self-tests	Show the pre-PR self-check refusing its own fixtures	2026-10-08T14:15:09.9999105Z   ok   a branch tracking main is compared against its own remote branch, not @{u} -- compared against origin/w5-g3-tail
instrument-self-tests	Show the pre-PR self-check refusing its own fixtures	2026-10-08T14:15:10.0000479Z   ok   a branch tracking main is compared against its own remote branch, not @{u}
instrument-self-tests	Show the pre-PR self-check refusing its own fixtures	2026-10-08T14:15:10.1757615Z   ok   a body whose figure command cannot resolve is refused
instrument-self-tests	Show the pre-PR self-check refusing its own fixtures	2026-10-08T14:15:10.1774739Z   ok   and the step's own output names the flag, so the step runs the figure check
instrument-self-tests	Show the pre-PR self-check refusing its own fixtures	2026-10-08T14:15:10.2140554Z   ok   a body whose figure command resolves is silent (null control)
instrument-self-tests	Show the pre-PR self-check refusing its own fixtures	2026-10-08T14:15:10.2156807Z   ok   and it reached a verdict rather than examining nothing (null control)
instrument-self-tests	Show the pre-PR self-check refusing its own fixtures	2026-10-08T14:15:10.3202311Z   ok   a body with no `## Approval` is refused when the diff touches a policy path
instrument-self-tests	Show the pre-PR self-check refusing its own fixtures	2026-10-08T14:15:10.3219030Z   ok   and the refusal is the approval gate's own, so the paths reached the check
instrument-self-tests	Show the pre-PR self-check refusing its own fixtures	2026-10-08T14:15:10.4262226Z   ok   the same body is silent when the diff touches no policy path (null control)
instrument-self-tests	Show the pre-PR self-check refusing its own fixtures	2026-10-08T14:15:10.5265509Z   ok   a path list that derived nothing is refused, not read as "touches no policy file"
instrument-self-tests	Show the pre-PR self-check refusing its own fixtures	2026-10-08T14:15:10.6613296Z   ok   a red an earlier pushed commit carried and the body does not name is refused
instrument-self-tests	Show the pre-PR self-check refusing its own fixtures	2026-10-08T14:15:10.6614252Z   ok   and the refusal is the red gate's own, naming the check
instrument-self-tests	Show the pre-PR self-check refusing its own fixtures	2026-10-08T14:15:10.7530841Z   ok   the same ancestry with a body that names the red passes (null control)
instrument-self-tests	Show the pre-PR self-check refusing its own fixtures	2026-10-08T14:15:10.7531805Z   ok   and the ok line names what was answered
instrument-self-tests	Show the pre-PR self-check refusing its own fixtures	2026-10-08T14:15:10.7783109Z   ok   an ancestry whose only failure is pr-contract's own run passes (the exclusion key)
instrument-self-tests	Show the pre-PR self-check refusing its own fixtures	2026-10-08T14:15:10.7784336Z   ok   and the ok line says no red stands, so green was measured, not assumed
instrument-self-tests	Show the pre-PR self-check refusing its own fixtures	2026-10-08T14:15:10.8059979Z   ok   an ancestry no commit of which carries any check run skips, never refuses
instrument-self-tests	Show the pre-PR self-check refusing its own fixtures	2026-10-08T14:15:10.8061039Z   ok   and the skip line names the boundary
instrument-self-tests	Show the pre-PR self-check refusing its own fixtures	2026-10-08T14:15:10.8151668Z   ok   a branch nothing of which is pushed past the merge base skips
instrument-self-tests	Show the pre-PR self-check refusing its own fixtures	2026-10-08T14:15:10.8243767Z   ok   a remote head ref that does not resolve skips
instrument-self-tests	Show the pre-PR self-check refusing its own fixtures	2026-10-08T14:15:10.8280098Z   ok   no credential gh can use skips the arm (never refuses)
instrument-self-tests	Show the pre-PR self-check refusing its own fixtures	2026-10-08T14:15:10.8280839Z   ok   and the skip line says why
instrument-self-tests	Show the pre-PR self-check refusing its own fixtures	2026-10-08T14:15:10.8295411Z   ok   an absent gh skips the arm (never refuses)
instrument-self-tests	Show the pre-PR self-check refusing its own fixtures	2026-10-08T14:15:10.8296216Z   ok   and the skip line says why
instrument-self-tests	Show the pre-PR self-check refusing its own fixtures	2026-10-08T14:15:11.0396462Z   ok   a diff raising a budget leaf with a body silent on budget-raise-gate is refused before the push
instrument-self-tests	Show the pre-PR self-check refusing its own fixtures	2026-10-08T14:15:11.0397745Z   ok   and the refusal is the red gate's own, naming budget-raise-gate
instrument-self-tests	Show the pre-PR self-check refusing its own fixtures	2026-10-08T14:15:11.1923600Z   ok   the same raise with a body naming budget-raise-gate passes (null control)
instrument-self-tests	Show the pre-PR self-check refusing its own fixtures	2026-10-08T14:15:11.1924546Z   ok   and the ok line names the raise it fed
instrument-self-tests	Show the pre-PR self-check refusing its own fixtures	2026-10-08T14:15:11.3463208Z   ok   a budget re-recorded down owes no answer
instrument-self-tests	Show the pre-PR self-check refusing its own fixtures	2026-10-08T14:15:11.3464048Z   ok   and the ok line says no raise was found, so the gate ran
instrument-self-tests	Show the pre-PR self-check refusing its own fixtures	2026-10-08T14:15:11.4991034Z   ok   a diff touching no budget file passes
instrument-self-tests	Show the pre-PR self-check refusing its own fixtures	2026-10-08T14:15:11.5797453Z   ok   a merge base with no gate skips the arm and says so
instrument-self-tests	Show the pre-PR self-check refusing its own fixtures	2026-10-08T14:15:11.5798030Z   ok   and the body check still runs, fed nothing (skip, never refuse)
instrument-self-tests	Show the pre-PR self-check refusing its own fixtures	2026-10-08T14:15:11.6635665Z   ok   a test file defining a production top-level name is refused
instrument-self-tests	Show the pre-PR self-check refusing its own fixtures	2026-10-08T14:15:11.6636590Z   ok   and the refusal is no-copies' own line
instrument-self-tests	Show the pre-PR self-check refusing its own fixtures	2026-10-08T14:15:11.7359189Z   ok   the same test with the name renamed passes (null control)
instrument-self-tests	Show the pre-PR self-check refusing its own fixtures	2026-10-08T14:15:11.7360069Z   ok   and the ok line is no-copies' own, so it ran
instrument-self-tests	Show the pre-PR self-check refusing its own fixtures	2026-10-08T14:15:11.7383505Z   ok   a diff touching no .py under tests/ or custom_components/ skips, even over a copy
instrument-self-tests	Show the pre-PR self-check refusing its own fixtures	2026-10-08T14:15:11.7384357Z   ok   and the skip line names the boundary
instrument-self-tests	Show the pre-PR self-check refusing its own fixtures	2026-10-08T14:15:11.7417055Z   ok   a tree with no tests/closure.py skips, never refuses
instrument-self-tests	Show the pre-PR self-check refusing its own fixtures	2026-10-08T14:15:11.7476796Z   ok   the pr-body step calls body_line, so a predicted raise reaches the body check before the push
instrument-self-tests	Show the pre-PR self-check refusing its own fixtures	2026-10-08T14:15:11.7494381Z   ok   the no-copies step calls copies_line, so a python diff runs closure.py no-copies before the push
instrument-self-tests	Show the pre-PR self-check refusing its own fixtures	2026-10-08T14:15:11.7537639Z   ok   a base that does not resolve makes the path derivation fail
instrument-self-tests	Show the pre-PR self-check refusing its own fixtures	2026-10-08T14:15:11.7538929Z   ok   and leaves no list behind, not even an empty one, so the file key fails closed too
instrument-self-tests	Show the pre-PR self-check refusing its own fixtures	2026-10-08T14:15:11.7595268Z   ok   a base that resolves makes the path derivation succeed (null control)
instrument-self-tests	Show the pre-PR self-check refusing its own fixtures	2026-10-08T14:15:11.7597267Z   ok   and leaves no `.part` behind either, so the temp file is the function's own
instrument-self-tests	Show the pre-PR self-check refusing its own fixtures	2026-10-08T14:15:11.7679282Z   ok   a derivation whose rename fails is refused
instrument-self-tests	Show the pre-PR self-check refusing its own fixtures	2026-10-08T14:15:11.7680328Z   ok   and cleans up after itself, so a failing `mv` leaks no `.part`
instrument-self-tests	Show the pre-PR self-check refusing its own fixtures	2026-10-08T14:15:11.7731447Z   ok   a manifest edit that is not the version field passes (over-fire control)
instrument-self-tests	Show the pre-PR self-check refusing its own fixtures	2026-10-08T14:15:11.7769758Z   ok   a manifest version bump is refused, and named by field
instrument-self-tests	Show the pre-PR self-check refusing its own fixtures	2026-10-08T14:15:11.7806514Z   ok   a VERSION edit is refused
instrument-self-tests	Show the pre-PR self-check refusing its own fixtures	2026-10-08T14:15:11.7844677Z   ok   a stamp-shaped diff is refused on both, and the added key does not mask it
instrument-self-tests	Show the pre-PR self-check refusing its own fixtures	2026-10-08T14:15:11.7881164Z   ok   a release-notes heading is refused, and named
instrument-self-tests	Show the pre-PR self-check refusing its own fixtures	2026-10-08T14:15:11.7918507Z   ok   a notes subsection or bullet passes (over-fire control)
instrument-self-tests	Show the pre-PR self-check refusing its own fixtures	2026-10-08T14:15:11.9507024Z   ok   a pull request editing VERSION is refused
instrument-self-tests	Show the pre-PR self-check refusing its own fixtures	2026-10-08T14:15:11.9659284Z   ok   a pull request editing the manifest version is refused
instrument-self-tests	Show the pre-PR self-check refusing its own fixtures	2026-10-08T14:15:11.9806955Z   ok   a pull request adding a notes heading is refused
instrument-self-tests	Show the pre-PR self-check refusing its own fixtures	2026-10-08T14:15:11.9987603Z   ok   a manifest version edit hidden by a .gitattributes -diff line is still refused
instrument-self-tests	Show the pre-PR self-check refusing its own fixtures	2026-10-08T14:15:12.0167639Z   ok   a notes heading hidden by a .gitattributes -diff line is still refused
instrument-self-tests	Show the pre-PR self-check refusing its own fixtures	2026-10-08T14:15:12.0344492Z   ok   a .gitattributes-only pull request passes (over-fire control for the two arms above)
instrument-self-tests	Show the pre-PR self-check refusing its own fixtures	2026-10-08T14:15:12.0524900Z   ok   a manifest version edit hidden by a diff=<driver> textconv is still refused
instrument-self-tests	Show the pre-PR self-check refusing its own fixtures	2026-10-08T14:15:12.0705531Z   ok   a notes heading hidden by a diff=<driver> textconv is still refused
instrument-self-tests	Show the pre-PR self-check refusing its own fixtures	2026-10-08T14:15:12.0884953Z   ok   a diff=<driver> line with no version edit under it passes (over-fire control for the two arms above)
instrument-self-tests	Show the pre-PR self-check refusing its own fixtures	2026-10-08T14:15:12.1069740Z   ok   a docs-only pull request passes (null control)
instrument-self-tests	Show the pre-PR self-check refusing its own fixtures	2026-10-08T14:15:12.1221980Z   ok   a pull request whose main has stamped since it forked passes (the arm two dots fail)
instrument-self-tests	Show the pre-PR self-check refusing its own fixtures	2026-10-08T14:15:12.1370316Z   ok   a pull request that merged a stamped main passes (null control)
instrument-self-tests	Show the pre-PR self-check refusing its own fixtures	2026-10-08T14:15:12.1395970Z   ok   a main ref that does not resolve is refused, not read as no edit
instrument-self-tests	Show the pre-PR self-check refusing its own fixtures	2026-10-08T14:15:12.1604379Z   ok   --version-edit exits non-zero on a VERSION edit
instrument-self-tests	Show the pre-PR self-check refusing its own fixtures	2026-10-08T14:15:12.1605566Z   ok   and names what it refused
instrument-self-tests	Show the pre-PR self-check refusing its own fixtures	2026-10-08T14:15:12.1811447Z   ok   --version-edit exits zero on a merged, stamped main (null control)
instrument-self-tests	Show the pre-PR self-check refusing its own fixtures	2026-10-08T14:15:12.1959430Z   ok   a body directly in a scratchpad is refused
instrument-self-tests	Show the pre-PR self-check refusing its own fixtures	2026-10-08T14:15:12.1995308Z   ok   a body directly in /tmp is refused
instrument-self-tests	Show the pre-PR self-check refusing its own fixtures	2026-10-08T14:15:12.2039040Z   ok   a body directly in $TMPDIR is refused
instrument-self-tests	Show the pre-PR self-check refusing its own fixtures	2026-10-08T14:15:12.2088978Z   ok   a plain mktemp file is refused (the stated choice)
instrument-self-tests	Show the pre-PR self-check refusing its own fixtures	2026-10-08T14:15:12.2141326Z   ok   a body directly in $HOME is refused
instrument-self-tests	Show the pre-PR self-check refusing its own fixtures	2026-10-08T14:15:12.2196317Z   ok   a body directly in a claude-<uid> root is refused
instrument-self-tests	Show the pre-PR self-check refusing its own fixtures	2026-10-08T14:15:12.2262757Z   ok   a link in a seat directory to a root file is refused
instrument-self-tests	Show the pre-PR self-check refusing its own fixtures	2026-10-08T14:15:12.2327730Z   ok   a link to a seat-directory file passes (null control)
instrument-self-tests	Show the pre-PR self-check refusing its own fixtures	2026-10-08T14:15:12.2382394Z   ok   a body in the seat's own subdirectory passes (null control)
instrument-self-tests	Show the pre-PR self-check refusing its own fixtures	2026-10-08T14:15:12.2437002Z   ok   a body in a mktemp -d directory passes (null control)
instrument-self-tests	Show the pre-PR self-check refusing its own fixtures	2026-10-08T14:15:12.2603425Z   ok   prepr.sh refuses a root body at its call site
instrument-self-tests	Show the pre-PR self-check refusing its own fixtures	2026-10-08T14:15:12.2603953Z   ok   and names the step
instrument-self-tests	Show the pre-PR self-check refusing its own fixtures	2026-10-08T14:15:12.2769375Z   ok   and passes a seat body there (null control)
instrument-self-tests	Show the pre-PR self-check refusing its own fixtures	2026-10-08T14:15:12.2770141Z   ok   printing an ok line, so a skipped step is visible
instrument-self-tests	Show the pre-PR self-check refusing its own fixtures	2026-10-08T14:15:12.3368388Z   ok   a node script is not recorded without strace
instrument-self-tests	Show the pre-PR self-check refusing its own fixtures	2026-10-08T14:15:12.3953337Z   ok   and is recorded with it (null control)
instrument-self-tests	Show the pre-PR self-check refusing its own fixtures	2026-10-08T14:15:12.4538413Z   ok   a Python script is recorded without strace
instrument-self-tests	Show the pre-PR self-check refusing its own fixtures	2026-10-08T14:15:12.5116324Z   ok   stress.py is left to CI: a push takes no gate lease
instrument-self-tests	Show the pre-PR self-check refusing its own fixtures	2026-10-08T14:15:12.5259579Z   ok   an override that cannot parse the tree is refused, never skipped past
instrument-self-tests	Show the pre-PR self-check refusing its own fixtures	2026-10-08T14:15:12.5274001Z   ok   and that refusal names the override, so it is not read as a missing venv
instrument-self-tests	Show the pre-PR self-check refusing its own fixtures	2026-10-08T14:15:12.5292970Z   ok   an override that parses the tree wins over every candidate behind it
instrument-self-tests	Show the pre-PR self-check refusing its own fixtures	2026-10-08T14:15:12.5311581Z   ok   a parsing seat venv outranks a parsing ambient
instrument-self-tests	Show the pre-PR self-check refusing its own fixtures	2026-10-08T14:15:12.5345874Z   ok   a venv that cannot parse is skipped for a parsing ambient: the guard is the parse, not the path
instrument-self-tests	Show the pre-PR self-check refusing its own fixtures	2026-10-08T14:15:12.5367270Z   ok   a parsing ambient is used as-is, so a recording under it is byte-unchanged (null control)
instrument-self-tests	Show the pre-PR self-check refusing its own fixtures	2026-10-08T14:15:12.5385232Z   ok   no candidate parsing the tree is refused before anything is recorded
instrument-self-tests	Show the pre-PR self-check refusing its own fixtures	2026-10-08T14:15:12.5400464Z   ok   and that refusal names the venv build command, not the recording
instrument-self-tests	Show the pre-PR self-check refusing its own fixtures	2026-10-08T14:15:13.8351215Z   ok   6a refuses a branch that edited the claim file and kept main's list, naming --drop-inherited
instrument-self-tests	Show the pre-PR self-check refusing its own fixtures	2026-10-08T14:15:14.0075774Z   ok   6a passes a branch that never edited the claim file it inherited (R9-F10.8)
instrument-self-tests	Show the pre-PR self-check refusing its own fixtures	2026-10-08T14:15:14.1593496Z   ok   6a passes a row-only branch forked before main claimed (the fork point, not the tip)
instrument-self-tests	Show the pre-PR self-check refusing its own fixtures	2026-10-08T14:15:14.2913591Z   ok   6a passes a branch that writes its own claim (null control)
instrument-self-tests	Show the pre-PR self-check refusing its own fixtures	2026-10-08T14:15:16.7756994Z   ok   6b passes a scoped script its committed closure covers (null control)
instrument-self-tests	Show the pre-PR self-check refusing its own fixtures	2026-10-08T14:15:19.2100989Z   ok   6b refuses a scoped script that reads an unlisted file as UNDER-SCOPED
instrument-self-tests	Show the pre-PR self-check refusing its own fixtures	2026-10-08T14:15:21.5336627Z   ok   6b refuses a recording that exited non-zero as failed, not UNDER-SCOPED
instrument-self-tests	Show the pre-PR self-check refusing its own fixtures	2026-10-08T14:15:21.6262358Z   ok   6b skips a diff that reaches no selectable script, recording nothing
instrument-self-tests	Show the pre-PR self-check refusing its own fixtures	2026-10-08T14:15:21.9523932Z   ok   6b records under the interpreter the resolution chose (the R9-FR-3/R9-WEB-5 arm)
instrument-self-tests	Show the pre-PR self-check refusing its own fixtures	2026-10-08T14:15:21.9538440Z   ok   and the recorder received that interpreter as $PYTHON
instrument-self-tests	Show the pre-PR self-check refusing its own fixtures	2026-10-08T14:15:22.1102674Z   ok   6b refuses an override that cannot parse the tree instead of recording under it
instrument-self-tests	Show the pre-PR self-check refusing its own fixtures	2026-10-08T14:15:22.1116954Z   ok   and the step's refusal names the venv build command
instrument-self-tests	Show the pre-PR self-check refusing its own fixtures	2026-10-08T14:15:22.1117832Z   ok   and nothing recorded under the refused interpreter
instrument-self-tests	Show the pre-PR self-check refusing its own fixtures	2026-10-08T14:15:25.3374127Z   ok   6d stays quiet on a comment in a selectable script (null control)
instrument-self-tests	Show the pre-PR self-check refusing its own fixtures	2026-10-08T14:15:26.9463333Z   ok   6d predicts entities' refusal of a new file in no closure and not on INERT
instrument-self-tests	Show the pre-PR self-check refusing its own fixtures	2026-10-08T14:15:28.6075798Z   ok   6d predicts UNDER-SCOPED for a new import from a file a closure lists
instrument-self-tests	Show the pre-PR self-check refusing its own fixtures	2026-10-08T14:15:30.2477061Z   ok   6d predicts no UNDER-SCOPED for an import inside a function, which runs only when called (null control)
instrument-self-tests	Show the pre-PR self-check refusing its own fixtures	2026-10-08T14:15:31.8701959Z   ok   6d predicts INERT READS for a new harness beside the ones a glob-reading script lists
instrument-self-tests	Show the pre-PR self-check refusing its own fixtures	2026-10-08T14:15:33.4867788Z   ok   6d predicts NO RECORDING for a selectable script no derive lane records
instrument-self-tests	Show the pre-PR self-check refusing its own fixtures	2026-10-08T14:15:35.1161006Z   ok   6d predicts ADDED UNPINNED for a guard the diff adds with no pin
instrument-self-tests	Show the pre-PR self-check refusing its own fixtures	2026-10-08T14:15:35.1175724Z   ok   and an unpinned site warns, never refuses: mutation-autofix may pin it after the push
instrument-self-tests	Show the pre-PR self-check refusing its own fixtures	2026-10-08T14:15:36.7127202Z   ok   6d charges no branch with an unrecorded script main already carries (null control)
instrument-self-tests	Show the pre-PR self-check refusing its own fixtures	2026-10-08T14:15:36.7143259Z   ok   and so the unrelated branch passes 6d
instrument-self-tests	Show the pre-PR self-check refusing its own fixtures	2026-10-08T14:15:38.3092187Z   ok   6d charges no branch that only edits the lane file with a script main already left unrecorded
instrument-self-tests	Show the pre-PR self-check refusing its own fixtures	2026-10-08T14:15:39.9446306Z   ok   6d still predicts NO RECORDING for a recording the lane edit drops (null control)
instrument-self-tests	Show the pre-PR self-check refusing its own fixtures	2026-10-08T14:15:41.5683725Z   ok   6d writes the three planted site keys for step 7d
instrument-self-tests	Show the pre-PR self-check refusing its own fixtures	2026-10-08T14:15:41.5699230Z   ok   and a line holding two comparison mutants is one key carrying its multiplicity
instrument-self-tests	Show the pre-PR self-check refusing its own fixtures	2026-10-08T14:15:41.5759751Z   ok   7d refuses a body with no ## Unpinned sites when sites are owed
instrument-self-tests	Show the pre-PR self-check refusing its own fixtures	2026-10-08T14:15:41.5899864Z   ok   7d refuses a section that omits a listed site
instrument-self-tests	Show the pre-PR self-check refusing its own fixtures	2026-10-08T14:15:41.5930167Z   ok   and names the omitted site
instrument-self-tests	Show the pre-PR self-check refusing its own fixtures	2026-10-08T14:15:41.6067739Z   ok   7d passes a section naming every listed site (null control)
instrument-self-tests	Show the pre-PR self-check refusing its own fixtures	2026-10-08T14:15:41.6151638Z   ok   7d reads the keys under ## Unpinned sites only, not anywhere in the body
instrument-self-tests	Show the pre-PR self-check refusing its own fixtures	2026-10-08T14:15:41.6240951Z   ok   7d refuses a section whose heading is not exactly ## Unpinned sites
instrument-self-tests	Show the pre-PR self-check refusing its own fixtures	2026-10-08T14:15:41.6268633Z   ok   and its refusal names the heading it found and the one it expects
instrument-self-tests	Show the pre-PR self-check refusing its own fixtures	2026-10-08T14:15:41.6400904Z   ok   7d passes keys written in backticks (null control)
instrument-self-tests	Show the pre-PR self-check refusing its own fixtures	2026-10-08T14:15:41.6484404Z   ok   7d matches a key whole, never inside a longer key
instrument-self-tests	Show the pre-PR self-check refusing its own fixtures	2026-10-08T14:15:41.6564521Z   ok   and passes the same key named whole (null control)
instrument-self-tests	Show the pre-PR self-check refusing its own fixtures	2026-10-08T14:15:41.6585224Z   ok   7d owes nothing when the diff adds no site
instrument-self-tests	Show the pre-PR self-check refusing its own fixtures	2026-10-08T14:15:41.8833042Z   ok   the pin reader finds codeowners_gap.py in a pinned job that grades main
instrument-self-tests	Show the pre-PR self-check refusing its own fixtures	2026-10-08T14:15:42.0416132Z   ok   this script and these workflows pass the verdict (null control)
instrument-self-tests	Show the pre-PR self-check refusing its own fixtures	2026-10-08T14:15:42.0543490Z   ok   a pin that never grades main is not counted, and is not a problem (null control)
instrument-self-tests	Show the pre-PR self-check refusing its own fixtures	2026-10-08T14:15:42.0632158Z   ok   a reader that finds no pinned grader at all is refused
instrument-self-tests	Show the pre-PR self-check refusing its own fixtures	2026-10-08T14:15:42.1902148Z   ok   a pinned grader with its local run deleted is named
instrument-self-tests	Show the pre-PR self-check refusing its own fixtures	2026-10-08T14:15:42.3163624Z   ok   a pinned grader whose local run is commented out is named
instrument-self-tests	Show the pre-PR self-check refusing its own fixtures	2026-10-08T14:15:42.4420668Z   ok   a pinned grader called only above rc=0 is named
instrument-self-tests	Show the pre-PR self-check refusing its own fixtures	2026-10-08T14:15:42.6229737Z   ok   governance.yml perturbed (unquoted), with step 3e's run deleted, is refused
instrument-self-tests	Show the pre-PR self-check refusing its own fixtures	2026-10-08T14:15:42.8019319Z   ok   governance.yml perturbed (braced), with step 3e's run deleted, is refused
instrument-self-tests	Show the pre-PR self-check refusing its own fixtures	2026-10-08T14:15:42.9246237Z Traceback (most recent call last):
instrument-self-tests	Show the pre-PR self-check refusing its own fixtures	2026-10-08T14:15:42.9246679Z   File "<stdin>", line 19, in <module>
instrument-self-tests	Show the pre-PR self-check refusing its own fixtures	2026-10-08T14:15:42.9247041Z AssertionError: no-pinned-line
instrument-self-tests	Show the pre-PR self-check refusing its own fixtures	2026-10-08T14:15:43.0984828Z   ok   governance.yml perturbed (no-pinned-line), with step 3e's run deleted, is refused
instrument-self-tests	Show the pre-PR self-check refusing its own fixtures	2026-10-08T14:15:43.1940372Z Traceback (most recent call last):
instrument-self-tests	Show the pre-PR self-check refusing its own fixtures	2026-10-08T14:15:43.1940916Z   File "<stdin>", line 19, in <module>
instrument-self-tests	Show the pre-PR self-check refusing its own fixtures	2026-10-08T14:15:43.1941308Z AssertionError: env-indirect
instrument-self-tests	Show the pre-PR self-check refusing its own fixtures	2026-10-08T14:15:43.3679243Z   ok   governance.yml perturbed (env-indirect), with step 3e's run deleted, is refused
instrument-self-tests	Show the pre-PR self-check refusing its own fixtures	2026-10-08T14:15:43.5468897Z   ok   governance.yml perturbed (x-flag), with step 3e's run deleted, is refused
instrument-self-tests	Show the pre-PR self-check refusing its own fixtures	2026-10-08T14:15:43.7038433Z   ok   governance.yml perturbed (x-flag), with step 3e's run present, passes (null control)
instrument-self-tests	Show the pre-PR self-check refusing its own fixtures	2026-10-08T14:15:43.8922887Z   ok   governance.yml perturbed (bare-python), with step 3e's run deleted, is refused
instrument-self-tests	Show the pre-PR self-check refusing its own fixtures	2026-10-08T14:15:44.0513543Z   ok   governance.yml perturbed (bare-python), with step 3e's run present, passes (null control)
instrument-self-tests	Show the pre-PR self-check refusing its own fixtures	2026-10-08T14:15:44.2327440Z   ok   governance.yml perturbed (uv-run), with step 3e's run deleted, is refused
instrument-self-tests	Show the pre-PR self-check refusing its own fixtures	2026-10-08T14:15:44.3902046Z   ok   governance.yml perturbed (uv-run), with step 3e's run present, passes (null control)
instrument-self-tests	Show the pre-PR self-check refusing its own fixtures	2026-10-08T14:15:44.5715353Z   ok   governance.yml perturbed (continuation), with step 3e's run deleted, is refused
instrument-self-tests	Show the pre-PR self-check refusing its own fixtures	2026-10-08T14:15:44.7286771Z   ok   governance.yml perturbed (continuation), with step 3e's run present, passes (null control)
instrument-self-tests	Show the pre-PR self-check refusing its own fixtures	2026-10-08T14:15:44.9103064Z   ok   governance.yml perturbed (indent4), with step 3e's run deleted, is refused
instrument-self-tests	Show the pre-PR self-check refusing its own fixtures	2026-10-08T14:15:45.0679578Z   ok   governance.yml perturbed (indent4), with step 3e's run present, passes (null control)
instrument-self-tests	Show the pre-PR self-check refusing its own fixtures	2026-10-08T14:15:45.1078369Z   ok   governance.yml perturbed (renamed), with step 3e's run deleted, is refused
instrument-self-tests	Show the pre-PR self-check refusing its own fixtures	2026-10-08T14:15:45.2021404Z Traceback (most recent call last):
instrument-self-tests	Show the pre-PR self-check refusing its own fixtures	2026-10-08T14:15:45.2022586Z   File "<stdin>", line 19, in <module>
instrument-self-tests	Show the pre-PR self-check refusing its own fixtures	2026-10-08T14:15:45.2023550Z AssertionError: queue-base
instrument-self-tests	Show the pre-PR self-check refusing its own fixtures	2026-10-08T14:15:45.3773602Z   ok   governance.yml perturbed (queue-base), with step 3e's run deleted, is refused
instrument-self-tests	Show the pre-PR self-check refusing its own fixtures	2026-10-08T14:15:45.5327054Z   ok   governance.yml perturbed (queue-base), with step 3e's run present, passes (null control)
instrument-self-tests	Show the pre-PR self-check refusing its own fixtures	2026-10-08T14:15:45.5388449Z   ok   a problem names the file its job is in, not the file read next
instrument-self-tests	Show the pre-PR self-check refusing its own fixtures	2026-10-08T14:15:45.5446534Z   ok   a pin named outside every job is refused
instrument-self-tests	Show the pre-PR self-check refusing its own fixtures	2026-10-08T14:15:45.5615558Z   ok   a change to a pinned .mjs touches a pin
instrument-self-tests	Show the pre-PR self-check refusing its own fixtures	2026-10-08T14:15:45.5789614Z   ok   a change under a pinned directory touches a pin
instrument-self-tests	Show the pre-PR self-check refusing its own fixtures	2026-10-08T14:15:45.5976643Z   ok   a change to no pinned path touches none (null control)
instrument-self-tests	Show the pre-PR self-check refusing its own fixtures	2026-10-08T14:15:45.7940696Z   ok   preflight refuses an unintended closing keyword
instrument-self-tests	Show the pre-PR self-check refusing its own fixtures	2026-10-08T14:15:45.9877588Z   ok   preflight accepts an intended one (null control)
instrument-self-tests	Show the pre-PR self-check refusing its own fixtures	2026-10-08T14:15:46.1098245Z   ok   transport: a code head over a base that carries a transport file passes (null control)
instrument-self-tests	Show the pre-PR self-check refusing its own fixtures	2026-10-08T14:15:46.1159600Z   ok   transport: a code commit above a body transport commit is refused
instrument-self-tests	Show the pre-PR self-check refusing its own fixtures	2026-10-08T14:15:46.1222113Z   ok   transport: a body added and deleted again is still refused
instrument-self-tests	Show the pre-PR self-check refusing its own fixtures	2026-10-08T14:15:46.1283326Z   ok   transport: a resume note hidden behind a tree-identical merge is refused
instrument-self-tests	Show the pre-PR self-check refusing its own fixtures	2026-10-08T14:15:46.1340948Z   ok   transport: deleting a transport file main carries passes (null control)
instrument-self-tests	Show the pre-PR self-check refusing its own fixtures	2026-10-08T14:15:46.1401388Z   ok   transport: merging a main that carries a transport file passes (null control)
instrument-self-tests	Show the pre-PR self-check refusing its own fixtures	2026-10-08T14:15:46.1464768Z   ok   transport: a body written in a merge's own resolution is refused
instrument-self-tests	Show the pre-PR self-check refusing its own fixtures	2026-10-08T14:15:46.1493009Z   ok   transport: an unreadable range is refused, never passed
instrument-self-tests	Show the pre-PR self-check refusing its own fixtures	2026-10-08T14:15:46.2892192Z   ok   a change to prepr.sh owes the self-test
instrument-self-tests	Show the pre-PR self-check refusing its own fixtures	2026-10-08T14:15:46.4221994Z   ok   a change to a program a step runs owes the self-test
instrument-self-tests	Show the pre-PR self-check refusing its own fixtures	2026-10-08T14:15:46.5540655Z   ok   a change to a fixture owes the self-test
instrument-self-tests	Show the pre-PR self-check refusing its own fixtures	2026-10-08T14:15:46.6882757Z   ok   a change to none of them owes nothing (null control)
instrument-self-tests	Show the pre-PR self-check refusing its own fixtures	2026-10-08T14:15:46.8205371Z   ok   the derived inputs name tools/pr/preflight.sh
instrument-self-tests	Show the pre-PR self-check refusing its own fixtures	2026-10-08T14:15:46.8219661Z   ok   the derived inputs name tools/policy/figure_lint.mjs
instrument-self-tests	Show the pre-PR self-check refusing its own fixtures	2026-10-08T14:15:46.8233203Z   ok   the derived inputs name tests/env_drift.py
instrument-self-tests	Show the pre-PR self-check refusing its own fixtures	2026-10-08T14:15:46.8246739Z   ok   the derived inputs name tools/policy/counts.mjs
instrument-self-tests	Show the pre-PR self-check refusing its own fixtures	2026-10-08T14:15:46.8260517Z   ok   the derived inputs name tools/policy/render_md.mjs
instrument-self-tests	Show the pre-PR self-check refusing its own fixtures	2026-10-08T14:15:46.8283084Z 
instrument-self-tests	Show the pre-PR self-check refusing its own fixtures	2026-10-08T14:15:46.8283400Z 218 passed, 0 failed
instrument-self-tests	Show the push script's decisions refusing their own fixtures	﻿2026-10-08T14:15:46.8334163Z ##[group]Run if test -f tools/audit/push.sh; then bash tools/audit/push.sh --self-test; else bash tools/pr/push.sh --self-test; fi
instrument-self-tests	Show the push script's decisions refusing their own fixtures	2026-10-08T14:15:46.8335353Z ^[[36;1mif test -f tools/audit/push.sh; then bash tools/audit/push.sh --self-test; else bash tools/pr/push.sh --self-test; fi^[[0m
instrument-self-tests	Show the push script's decisions refusing their own fixtures	2026-10-08T14:15:46.8398339Z shell: /usr/bin/bash -e {0}
instrument-self-tests	Show the push script's decisions refusing their own fixtures	2026-10-08T14:15:46.8398589Z env:
instrument-self-tests	Show the push script's decisions refusing their own fixtures	2026-10-08T14:15:46.8398781Z   HPO_JOB_GRADES: nothing
instrument-self-tests	Show the push script's decisions refusing their own fixtures	2026-10-08T14:15:46.8399010Z ##[endgroup]
instrument-self-tests	Show the push script's decisions refusing their own fixtures	2026-10-08T14:15:46.8584721Z   ok   the head section's SHA is read out of a healthy body
instrument-self-tests	Show the push script's decisions refusing their own fixtures	2026-10-08T14:15:46.8615430Z   ok   and out of the stale-head fixture, which is the defect's shape
instrument-self-tests	Show the push script's decisions refusing their own fixtures	2026-10-08T14:15:46.8646210Z   ok   a body missing a LATER section still has its head read
instrument-self-tests	Show the push script's decisions refusing their own fixtures	2026-10-08T14:15:46.8674631Z   ok   a body with no head section yields no SHA
instrument-self-tests	Show the push script's decisions refusing their own fixtures	2026-10-08T14:15:46.8696368Z   ok   an empty listing is a POSITIVE statement that no pull request is open
instrument-self-tests	Show the push script's decisions refusing their own fixtures	2026-10-08T14:15:46.8741708Z   ok   a listing naming one pull request yields its number
instrument-self-tests	Show the push script's decisions refusing their own fixtures	2026-10-08T14:15:46.8787424Z   ok   two open pull requests on one head: the first is taken, as the old --jq did
instrument-self-tests	Show the push script's decisions refusing their own fixtures	2026-10-08T14:15:46.8792360Z   ok   A QUERY THAT FAILED IS unknown, NOT none -- the shape the fix review blocked on
instrument-self-tests	Show the push script's decisions refusing their own fixtures	2026-10-08T14:15:46.8797778Z   ok   and a failing status outranks even a well-formed listing (rc is read first)
instrument-self-tests	Show the push script's decisions refusing their own fixtures	2026-10-08T14:15:46.8819384Z   ok   exit 0 and nothing printed did not answer either -- gh's --jq does exactly this
instrument-self-tests	Show the push script's decisions refusing their own fixtures	2026-10-08T14:15:46.8840254Z   ok   prose on stdout is not a listing (null control on the two array cases)
instrument-self-tests	Show the push script's decisions refusing their own fixtures	2026-10-08T14:15:46.8886270Z   ok   an array with no number field is unknown, not a number
instrument-self-tests	Show the push script's decisions refusing their own fixtures	2026-10-08T14:15:46.8936012Z   ok   and that answer refuses rather than pushing
instrument-self-tests	Show the push script's decisions refusing their own fixtures	2026-10-08T14:15:46.8941356Z   ok   no pull request: the opened run is the first pr-contract run there is
instrument-self-tests	Show the push script's decisions refusing their own fixtures	2026-10-08T14:15:46.8946397Z   ok   a pull request exists: the body is set before the push, per S10
instrument-self-tests	Show the push script's decisions refusing their own fixtures	2026-10-08T14:15:46.8951391Z   ok   an unanswered query picks no arm; the arm that guesses is the one that pushes
instrument-self-tests	Show the push script's decisions refusing their own fixtures	2026-10-08T14:15:46.8956479Z   ok   AN EMPTY ANSWER REFUSES -- it used to read as no pull request, which is the defect
instrument-self-tests	Show the push script's decisions refusing their own fixtures	2026-10-08T14:15:46.8960994Z   ok   and so does any other non-number: only the literal none selects the push arm
instrument-self-tests	Show the push script's decisions refusing their own fixtures	2026-10-08T14:15:46.8970864Z   ok   a query that failed while a pull request exists does NOT select push-then-create
instrument-self-tests	Show the push script's decisions refusing their own fixtures	2026-10-08T14:15:46.8998134Z   ok   and a query that answered none still does (null control on the refusal above)
instrument-self-tests	Show the push script's decisions refusing their own fixtures	2026-10-08T14:15:46.9047939Z   ok   and a query that named one still sets the body first
instrument-self-tests	Show the push script's decisions refusing their own fixtures	2026-10-08T14:15:46.9048731Z   ok   a policy title over a policy subject agrees
instrument-self-tests	Show the push script's decisions refusing their own fixtures	2026-10-08T14:15:46.9049428Z   ok   a non-policy pair agrees (null control)
instrument-self-tests	Show the push script's decisions refusing their own fixtures	2026-10-08T14:15:46.9050281Z   ok   a policy title over a non-policy subject disagrees (the WARN arm)
instrument-self-tests	Show the push script's decisions refusing their own fixtures	2026-10-08T14:15:46.9051129Z   ok   and the same disagreement the other way round
instrument-self-tests	Show the push script's decisions refusing their own fixtures	2026-10-08T14:15:47.0212599Z   ok   before the repair, the contract check refuses the stale head
instrument-self-tests	Show the push script's decisions refusing their own fixtures	2026-10-08T14:15:47.0408517Z   ok   write_head reports success on a body that has the heading
instrument-self-tests	Show the push script's decisions refusing their own fixtures	2026-10-08T14:15:47.0438472Z   ok   and the section now names the head it was given
instrument-self-tests	Show the push script's decisions refusing their own fixtures	2026-10-08T14:15:47.1499960Z   ok   after the repair, the same body passes the contract check
instrument-self-tests	Show the push script's decisions refusing their own fixtures	2026-10-08T14:15:47.1535230Z   ok   the rewrite kept every other heading (null control on the repair)
instrument-self-tests	Show the push script's decisions refusing their own fixtures	2026-10-08T14:15:47.1575443Z   ok   write_head refuses a `## Head` section containing a code fence
instrument-self-tests	Show the push script's decisions refusing their own fixtures	2026-10-08T14:15:47.1590878Z   ok   and leaves the fenced body untouched (null control on the refusal)
instrument-self-tests	Show the push script's decisions refusing their own fixtures	2026-10-08T14:15:47.1605620Z   ok   write_head refuses a body with no `## Head` heading
instrument-self-tests	Show the push script's decisions refusing their own fixtures	2026-10-08T14:15:47.1618691Z   ok   and leaves that body untouched
instrument-self-tests	Show the push script's decisions refusing their own fixtures	2026-10-08T14:15:47.1813679Z   ok   write_head succeeds on a `## Head` section carrying prose beside the SHA
instrument-self-tests	Show the push script's decisions refusing their own fixtures	2026-10-08T14:15:47.1842667Z   ok   and the section names the head it was given
instrument-self-tests	Show the push script's decisions refusing their own fixtures	2026-10-08T14:15:47.1858615Z   ok   AND THE PROSE SURVIVED -- the section is the record, not a slot for one token
instrument-self-tests	Show the push script's decisions refusing their own fixtures	2026-10-08T14:15:47.1893047Z   ok   the repair substitutes one line rather than truncating the section (line count unchanged)
instrument-self-tests	Show the push script's decisions refusing their own fixtures	2026-10-08T14:15:47.1908461Z   ok   an unrelated SHA the record cites is left where it stands
instrument-self-tests	Show the push script's decisions refusing their own fixtures	2026-10-08T14:15:47.2936410Z   ok   the repaired body passes the contract check at the new head
instrument-self-tests	Show the push script's decisions refusing their own fixtures	2026-10-08T14:15:47.4093231Z   ok   AND IS REFUSED AT THE SUPERSEDED ONE -- naming both would empty the `does not name` refusal
instrument-self-tests	Show the push script's decisions refusing their own fixtures	2026-10-08T14:15:47.4094816Z   ok   nothing warned: the superseded SHA is gone from the section (null control on the warn below)
instrument-self-tests	Show the push script's decisions refusing their own fixtures	2026-10-08T14:15:47.4219326Z   ok   write_head succeeds on a body that already names the head
instrument-self-tests	Show the push script's decisions refusing their own fixtures	2026-10-08T14:15:47.4233505Z   ok   and leaves it BYTE-IDENTICAL rather than rewriting it
instrument-self-tests	Show the push script's decisions refusing their own fixtures	2026-10-08T14:15:47.4364721Z   ok   write_head succeeds on a section declaring an ABBREVIATED head
instrument-self-tests	Show the push script's decisions refusing their own fixtures	2026-10-08T14:15:47.4376077Z   ok   and leaves THAT byte-identical too: an abbreviation names the same commit
instrument-self-tests	Show the push script's decisions refusing their own fixtures	2026-10-08T14:15:47.5410765Z   ok   which the contract check accepts, because its test is a substring of the 7-prefix
instrument-self-tests	Show the push script's decisions refusing their own fixtures	2026-10-08T14:15:47.5554861Z   ok   write_head succeeds on a section that names no SHA
instrument-self-tests	Show the push script's decisions refusing their own fixtures	2026-10-08T14:15:47.5585394Z   ok   and inserts the head under the heading
instrument-self-tests	Show the push script's decisions refusing their own fixtures	2026-10-08T14:15:47.5601215Z   ok   leaving that section's prose in place
instrument-self-tests	Show the push script's decisions refusing their own fixtures	2026-10-08T14:15:47.6632442Z   ok   and the inserted body passes the contract check
instrument-self-tests	Show the push script's decisions refusing their own fixtures	2026-10-08T14:15:47.6834407Z   ok   a section whose PROSE also cites the superseded SHA is still repaired
instrument-self-tests	Show the push script's decisions refusing their own fixtures	2026-10-08T14:15:47.6864322Z   ok   and still names the new head first
instrument-self-tests	Show the push script's decisions refusing their own fixtures	2026-10-08T14:15:47.6865582Z   ok   and it WARNS, naming the superseded SHA still standing in the prose
instrument-self-tests	Show the push script's decisions refusing their own fixtures	2026-10-08T14:15:47.6882083Z   ok   rather than editing the record to suit the check
instrument-self-tests	Show the push script's decisions refusing their own fixtures	2026-10-08T14:15:47.7035322Z   ok   the body arm sets the body with the seat token's scopes and succeeds
instrument-self-tests	Show the push script's decisions refusing their own fixtures	2026-10-08T14:15:47.7050877Z   ok   and it wrote the body with one REST PATCH, not gh pr edit
instrument-self-tests	Show the push script's decisions refusing their own fixtures	2026-10-08T14:15:47.7065834Z   ok   gh pr edit was not called at all
instrument-self-tests	Show the push script's decisions refusing their own fixtures	2026-10-08T14:15:47.7083338Z   ok   in order: the write, then the read-back, then the push, and nothing else
instrument-self-tests	Show the push script's decisions refusing their own fixtures	2026-10-08T14:15:47.7095488Z   ok   and the live body is byte-identical to the checked body file
instrument-self-tests	Show the push script's decisions refusing their own fixtures	2026-10-08T14:15:47.7201964Z   ok   an unchanged body passes the arm again (null control)
instrument-self-tests	Show the push script's decisions refusing their own fixtures	2026-10-08T14:15:47.7215505Z   ok   and still reaches the push
instrument-self-tests	Show the push script's decisions refusing their own fixtures	2026-10-08T14:15:47.7253158Z   ok   a refused PATCH refuses the arm
instrument-self-tests	Show the push script's decisions refusing their own fixtures	2026-10-08T14:15:47.7269122Z   ok   and NOTHING was pushed
instrument-self-tests	Show the push script's decisions refusing their own fixtures	2026-10-08T14:15:47.7284899Z   ok   and the refusal keeps its message and names the stage that failed
instrument-self-tests	Show the push script's decisions refusing their own fixtures	2026-10-08T14:15:47.7391095Z   ok   a body that reads back different refuses, though the PATCH returned 0
instrument-self-tests	Show the push script's decisions refusing their own fixtures	2026-10-08T14:15:47.7407432Z   ok   and NOTHING was pushed
instrument-self-tests	Show the push script's decisions refusing their own fixtures	2026-10-08T14:15:47.7424670Z   ok   and names the difference as the reason
instrument-self-tests	Show the push script's decisions refusing their own fixtures	2026-10-08T14:15:47.7503969Z   ok   a body that cannot be read back refuses
instrument-self-tests	Show the push script's decisions refusing their own fixtures	2026-10-08T14:15:47.7519641Z   ok   and NOTHING was pushed
instrument-self-tests	Show the push script's decisions refusing their own fixtures	2026-10-08T14:15:47.7535638Z   ok   and names the failed read, not a difference (the read's status is read)
instrument-self-tests	Show the push script's decisions refusing their own fixtures	2026-10-08T14:15:47.7557735Z   ok   no line of this script invokes gh pr edit
instrument-self-tests	Show the push script's decisions refusing their own fixtures	2026-10-08T14:15:47.7575929Z   ok   and the body-then-push arm calls body_then_push
instrument-self-tests	Show the push script's decisions refusing their own fixtures	2026-10-08T14:15:47.7576628Z   ok   one trailing newline is allowed on the live side
instrument-self-tests	Show the push script's decisions refusing their own fixtures	2026-10-08T14:15:47.7577061Z   ok   and on the wanted side
instrument-self-tests	Show the push script's decisions refusing their own fixtures	2026-10-08T14:15:47.7577559Z   ok   a trailing space is a difference (null control on the allowance)
instrument-self-tests	Show the push script's decisions refusing their own fixtures	2026-10-08T14:15:47.7577987Z   ok   and so are two trailing newlines
instrument-self-tests	Show the push script's decisions refusing their own fixtures	2026-10-08T14:15:47.7599933Z 
instrument-self-tests	Show the push script's decisions refusing their own fixtures	2026-10-08T14:15:47.7600269Z 77 passed, 0 failed
instrument-self-tests	Show the App approval refusing its own fixtures	﻿2026-10-08T14:15:47.7638666Z ##[group]Run if test -f tools/audit/app_approve.sh; then bash tools/audit/app_approve.sh --self-test; else bash tools/pr/app_approve.sh --self-test; fi
instrument-self-tests	Show the App approval refusing its own fixtures	2026-10-08T14:15:47.7639744Z ^[[36;1mif test -f tools/audit/app_approve.sh; then bash tools/audit/app_approve.sh --self-test; else bash tools/pr/app_approve.sh --self-test; fi^[[0m
instrument-self-tests	Show the App approval refusing its own fixtures	2026-10-08T14:15:47.7702904Z shell: /usr/bin/bash -e {0}
instrument-self-tests	Show the App approval refusing its own fixtures	2026-10-08T14:15:47.7703164Z env:
instrument-self-tests	Show the App approval refusing its own fixtures	2026-10-08T14:15:47.7703357Z   HPO_JOB_GRADES: nothing
instrument-self-tests	Show the App approval refusing its own fixtures	2026-10-08T14:15:47.7703588Z ##[endgroup]
instrument-self-tests	Show the App approval refusing its own fixtures	2026-10-08T14:15:48.0573990Z ok   the allowlist is exactly the approver App's login and id
instrument-self-tests	Show the App approval refusing its own fixtures	2026-10-08T14:15:48.4256247Z ok   a merge verdict at the live head of an open, unowned pull request is approved
instrument-self-tests	Show the App approval refusing its own fixtures	2026-10-08T14:15:48.4273268Z ok   with exactly one review POST
instrument-self-tests	Show the App approval refusing its own fixtures	2026-10-08T14:15:48.4498089Z ok   whose event is APPROVE and whose commit_id is the asked-for SHA
instrument-self-tests	Show the App approval refusing its own fixtures	2026-10-08T14:15:48.4516448Z ok   and whose body cites the verdict comment
instrument-self-tests	Show the App approval refusing its own fixtures	2026-10-08T14:15:48.4532777Z ok   the POST carried the installation token, from a header file
instrument-self-tests	Show the App approval refusing its own fixtures	2026-10-08T14:15:48.4546198Z ok   and that header file was mode 600 while it existed
instrument-self-tests	Show the App approval refusing its own fixtures	2026-10-08T14:15:48.4562516Z ok   the head was read twice: before the mint and again before the POST
instrument-self-tests	Show the App approval refusing its own fixtures	2026-10-08T14:15:48.4578538Z ok   the installation token is revoked on exit
instrument-self-tests	Show the App approval refusing its own fixtures	2026-10-08T14:15:48.4601327Z ok   the private directory is gone after a success
instrument-self-tests	Show the App approval refusing its own fixtures	2026-10-08T14:15:48.4622305Z ok   no token, JWT, key or signature text in stdout or stderr after a success
instrument-self-tests	Show the App approval refusing its own fixtures	2026-10-08T14:15:48.4639265Z ok   (null control: the leak grep does find the token where it really is)
instrument-self-tests	Show the App approval refusing its own fixtures	2026-10-08T14:15:48.4655655Z ok   (null control: and the JWT header, where it really is)
instrument-self-tests	Show the App approval refusing its own fixtures	2026-10-08T14:15:48.4672097Z ok   and the read-back line is printed
instrument-self-tests	Show the App approval refusing its own fixtures	2026-10-08T14:15:48.4688863Z ok   (fixture: the evidence dir names the head, so the approval above passed the gate honestly)
instrument-self-tests	Show the App approval refusing its own fixtures	2026-10-08T14:15:48.8349488Z ok   under bash -x the approval still runs
instrument-self-tests	Show the App approval refusing its own fixtures	2026-10-08T14:15:48.8372418Z ok   and no token, JWT, key or signature text reaches the trace
instrument-self-tests	Show the App approval refusing its own fixtures	2026-10-08T14:15:48.8388828Z ok   (null control: a JWT was signed on that run)
instrument-self-tests	Show the App approval refusing its own fixtures	2026-10-08T14:15:48.9546858Z ok   REFUSE: the live head moved off the asked-for SHA
instrument-self-tests	Show the App approval refusing its own fixtures	2026-10-08T14:15:48.9565286Z ok   naming the moved head
instrument-self-tests	Show the App approval refusing its own fixtures	2026-10-08T14:15:48.9582419Z ok   and nothing was minted or posted
instrument-self-tests	Show the App approval refusing its own fixtures	2026-10-08T14:15:49.2742961Z ok   REFUSE: the head moved between the mint and the POST
instrument-self-tests	Show the App approval refusing its own fixtures	2026-10-08T14:15:49.2760668Z ok   and no review was posted
instrument-self-tests	Show the App approval refusing its own fixtures	2026-10-08T14:15:49.2777759Z ok   the minted token is revoked after that refusal
instrument-self-tests	Show the App approval refusing its own fixtures	2026-10-08T14:15:49.2801073Z ok   and the private directory is gone, token and all
instrument-self-tests	Show the App approval refusing its own fixtures	2026-10-08T14:15:49.3960148Z ok   REFUSE: a merged pull request, even at its own head with a merge verdict
instrument-self-tests	Show the App approval refusing its own fixtures	2026-10-08T14:15:49.3978905Z ok   and nothing was minted or posted
instrument-self-tests	Show the App approval refusing its own fixtures	2026-10-08T14:15:49.5140220Z ok   REFUSE: no Fix review verdict at all
instrument-self-tests	Show the App approval refusing its own fixtures	2026-10-08T14:15:49.5158979Z ok   saying so, not falling through to the SHA comparison
instrument-self-tests	Show the App approval refusing its own fixtures	2026-10-08T14:15:49.5175830Z ok   and nothing was minted or posted
instrument-self-tests	Show the App approval refusing its own fixtures	2026-10-08T14:15:49.6850097Z ok   REFUSE: the merge verdict is for another SHA
instrument-self-tests	Show the App approval refusing its own fixtures	2026-10-08T14:15:49.6868609Z ok   naming the SHA the verdict is for
instrument-self-tests	Show the App approval refusing its own fixtures	2026-10-08T14:15:49.8548058Z ok   REFUSE: a newer blocked verdict, on a later page, overrides an older merge
instrument-self-tests	Show the App approval refusing its own fixtures	2026-10-08T14:15:49.9715711Z ok   REFUSE: a merge verdict from an outsider (association NONE)
instrument-self-tests	Show the App approval refusing its own fixtures	2026-10-08T14:15:49.9733529Z ok   and nothing was minted or posted
instrument-self-tests	Show the App approval refusing its own fixtures	2026-10-08T14:15:50.0895573Z ok   REFUSE: a merge verdict from a CONTRIBUTOR outside the allowlist
instrument-self-tests	Show the App approval refusing its own fixtures	2026-10-08T14:15:50.2060731Z ok   REFUSE: a tvofi verdict, the identity decision 0013 retired from verdicts
instrument-self-tests	Show the App approval refusing its own fixtures	2026-10-08T14:15:50.2079680Z ok   read as no App verdict, its OWNER association and evidence notwithstanding
instrument-self-tests	Show the App approval refusing its own fixtures	2026-10-08T14:15:50.2096346Z ok   and nothing was minted or posted
instrument-self-tests	Show the App approval refusing its own fixtures	2026-10-08T14:15:50.3258416Z ok   REFUSE: a verdict as the author App (#1233's defect)
instrument-self-tests	Show the App approval refusing its own fixtures	2026-10-08T14:15:50.4419700Z ok   REFUSE: the App's login on a non-Bot user record
instrument-self-tests	Show the App approval refusing its own fixtures	2026-10-08T14:15:50.5577809Z ok   REFUSE: the App's login and type under another numeric id
instrument-self-tests	Show the App approval refusing its own fixtures	2026-10-08T14:15:50.5595626Z ok   and nothing was minted or posted
instrument-self-tests	Show the App approval refusing its own fixtures	2026-10-08T14:15:50.6758176Z ok   REFUSE: a verdict from the retired seat account is outside the allowlist
instrument-self-tests	Show the App approval refusing its own fixtures	2026-10-08T14:15:50.6778318Z ok   read as no allowlisted verdict, its evidence dir notwithstanding
instrument-self-tests	Show the App approval refusing its own fixtures	2026-10-08T14:15:50.6796284Z ok   and nothing was minted or posted
instrument-self-tests	Show the App approval refusing its own fixtures	2026-10-08T14:15:50.8463925Z ok   REFUSE: the verdict cites an evidence directory that does not exist
instrument-self-tests	Show the App approval refusing its own fixtures	2026-10-08T14:15:50.8482426Z ok   naming the missing directory
instrument-self-tests	Show the App approval refusing its own fixtures	2026-10-08T14:15:50.8500011Z ok   and nothing was minted or posted
instrument-self-tests	Show the App approval refusing its own fixtures	2026-10-08T14:15:51.0188123Z ok   REFUSE: the evidence directory holds no file naming the head
instrument-self-tests	Show the App approval refusing its own fixtures	2026-10-08T14:15:51.0206343Z ok   naming the exact-sha rule it failed
instrument-self-tests	Show the App approval refusing its own fixtures	2026-10-08T14:15:51.0222946Z ok   and nothing was minted or posted
instrument-self-tests	Show the App approval refusing its own fixtures	2026-10-08T14:15:51.1894579Z ok   REFUSE: '(review-1591/).' and 'a/b/' start no token -- no mid-word slash
instrument-self-tests	Show the App approval refusing its own fixtures	2026-10-08T14:15:51.1912687Z ok   read as citing no path at all, not as citing '/'
instrument-self-tests	Show the App approval refusing its own fixtures	2026-10-08T14:15:51.1929911Z ok   and nothing was minted or posted
instrument-self-tests	Show the App approval refusing its own fixtures	2026-10-08T14:15:51.3598693Z ok   REFUSE: a bare root surrounded by spaces starts no token either
instrument-self-tests	Show the App approval refusing its own fixtures	2026-10-08T14:15:51.3617441Z ok   and nothing was minted or posted
instrument-self-tests	Show the App approval refusing its own fixtures	2026-10-08T14:15:51.5282868Z ok   REFUSE: a single path component, even one that exists, is refused outright
instrument-self-tests	Show the App approval refusing its own fixtures	2026-10-08T14:15:51.5301940Z ok   naming the component-count rule it failed
instrument-self-tests	Show the App approval refusing its own fixtures	2026-10-08T14:15:51.5319029Z ok   and nothing was minted or posted
instrument-self-tests	Show the App approval refusing its own fixtures	2026-10-08T14:15:51.8994850Z ok   a trailing slash on an otherwise-good evidence path is stripped, not refused
instrument-self-tests	Show the App approval refusing its own fixtures	2026-10-08T14:15:52.0658946Z ok   REFUSE: a missing directory cited with a trailing slash
instrument-self-tests	Show the App approval refusing its own fixtures	2026-10-08T14:15:52.0679955Z ok   (kills the trailing-slash-strip mutant) the cited path in the message has no trailing slash
instrument-self-tests	Show the App approval refusing its own fixtures	2026-10-08T14:15:52.0698558Z ok   (null control) that same message never carries a trailing slash either
instrument-self-tests	Show the App approval refusing its own fixtures	2026-10-08T14:15:52.0726084Z ok   pin M3: the boundary class still includes '(' -- the common '(evidence: ...)' citation shape needs it
instrument-self-tests	Show the App approval refusing its own fixtures	2026-10-08T14:15:52.4437773Z ok   (kills the paren-boundary mutant, M3) '(' starts a token, ')' is stripped off it
instrument-self-tests	Show the App approval refusing its own fixtures	2026-10-08T14:15:52.8100971Z ok   (kills the bracket-boundary mutant) '[' starts a token, ']' is stripped off it
instrument-self-tests	Show the App approval refusing its own fixtures	2026-10-08T14:15:53.1770063Z ok   (kills the backtick-boundary mutant) a backtick starts a token, and ends it
instrument-self-tests	Show the App approval refusing its own fixtures	2026-10-08T14:15:53.5438110Z ok   (kills the token-character-class mutant) the token stops at the backtick, not after it
instrument-self-tests	Show the App approval refusing its own fixtures	2026-10-08T14:15:53.9112238Z ok   (kills the quote-boundary mutant) a single quote starts a token too
instrument-self-tests	Show the App approval refusing its own fixtures	2026-10-08T14:15:54.0780169Z ok   REFUSE: /tmp/../ resolves to the root, however many slashes it typed
instrument-self-tests	Show the App approval refusing its own fixtures	2026-10-08T14:15:54.0798435Z ok   and nothing was minted or posted
instrument-self-tests	Show the App approval refusing its own fixtures	2026-10-08T14:15:54.2490578Z ok   REFUSE: <a real component>/../../ collapses to the root too
instrument-self-tests	Show the App approval refusing its own fixtures	2026-10-08T14:15:54.2509085Z ok   and nothing was minted or posted
instrument-self-tests	Show the App approval refusing its own fixtures	2026-10-08T14:15:54.4184285Z ok   REFUSE: a doubled slash alongside a dot-segment still resolves to the root
instrument-self-tests	Show the App approval refusing its own fixtures	2026-10-08T14:15:54.4202601Z ok   and nothing was minted or posted
instrument-self-tests	Show the App approval refusing its own fixtures	2026-10-08T14:15:54.4224389Z ok   pin M18: resolution reads the PHYSICAL directory; `pwd` alone can report a symlink's logical name instead
instrument-self-tests	Show the App approval refusing its own fixtures	2026-10-08T14:15:54.4244431Z ok   pin: a resolved path that is its own mount point is refused
instrument-self-tests	Show the App approval refusing its own fixtures	2026-10-08T14:15:54.5905711Z ok   REFUSE: //tmp/../ resolves to // (not /), and still must be refused
instrument-self-tests	Show the App approval refusing its own fixtures	2026-10-08T14:15:54.5923322Z ok   and nothing was minted or posted
instrument-self-tests	Show the App approval refusing its own fixtures	2026-10-08T14:15:54.7593728Z ok   REFUSE: //dev/fd must not slip past the /dev refusal and reopen the forgery hole
instrument-self-tests	Show the App approval refusing its own fixtures	2026-10-08T14:15:54.7611792Z ok   naming the devfs refusal specifically, not just a missing directory
instrument-self-tests	Show the App approval refusing its own fixtures	2026-10-08T14:15:54.9285636Z ok   REFUSE: //proc/self must not slip past the /proc refusal either
instrument-self-tests	Show the App approval refusing its own fixtures	2026-10-08T14:15:54.9303282Z ok   naming the procfs refusal specifically, where /proc exists
instrument-self-tests	Show the App approval refusing its own fixtures	2026-10-08T14:15:55.0973849Z ok   REFUSE: /proc/self is never qualifying evidence
instrument-self-tests	Show the App approval refusing its own fixtures	2026-10-08T14:15:55.0993639Z ok   naming the procfs refusal specifically, where /proc exists
instrument-self-tests	Show the App approval refusing its own fixtures	2026-10-08T14:15:55.2663279Z ok   REFUSE: /dev/fd is the same hole under devfs
instrument-self-tests	Show the App approval refusing its own fixtures	2026-10-08T14:15:55.2681659Z ok   naming the devfs refusal specifically
instrument-self-tests	Show the App approval refusing its own fixtures	2026-10-08T14:15:55.4345724Z ok   REFUSE: /sys/kernel is the same hole under sysfs
instrument-self-tests	Show the App approval refusing its own fixtures	2026-10-08T14:15:55.4363225Z ok   naming the sysfs refusal specifically
instrument-self-tests	Show the App approval refusing its own fixtures	2026-10-08T14:15:55.6027446Z ok   REFUSE: an outsider's later merge does not displace an allowlisted blocked
instrument-self-tests	Show the App approval refusing its own fixtures	2026-10-08T14:15:55.6046667Z ok   the allowlisted blocked verdict is the one read
instrument-self-tests	Show the App approval refusing its own fixtures	2026-10-08T14:15:55.9727337Z ok   an outsider's later blocked does not displace an allowlisted merge either
instrument-self-tests	Show the App approval refusing its own fixtures	2026-10-08T14:15:56.2106865Z ok   REFUSE: a pull request touching a CODEOWNERS path
instrument-self-tests	Show the App approval refusing its own fixtures	2026-10-08T14:15:56.2126129Z ok   naming the owned path
instrument-self-tests	Show the App approval refusing its own fixtures	2026-10-08T14:15:56.2143363Z ok   and nothing was minted or posted
instrument-self-tests	Show the App approval refusing its own fixtures	2026-10-08T14:15:56.4540067Z ok   REFUSE: an exact owned file at the root
instrument-self-tests	Show the App approval refusing its own fixtures	2026-10-08T14:15:56.6704468Z ok   REFUSE: a rename whose OLD path is owned
instrument-self-tests	Show the App approval refusing its own fixtures	2026-10-08T14:15:57.0599094Z ok   a later owner-less line un-owns: COMMON.md is approvable (last match wins)
instrument-self-tests	Show the App approval refusing its own fixtures	2026-10-08T14:15:57.2262334Z ok   REFUSE: CODEOWNERS unreadable at ref=main, failing closed
instrument-self-tests	Show the App approval refusing its own fixtures	2026-10-08T14:15:57.2280168Z ok   and it was asked for at ref=main
instrument-self-tests	Show the App approval refusing its own fixtures	2026-10-08T14:15:57.4457727Z ok   REFUSE: a CODEOWNERS holding no rules, failing closed
instrument-self-tests	Show the App approval refusing its own fixtures	2026-10-08T14:15:57.5000694Z ok   REFUSE: the App private key is missing
instrument-self-tests	Show the App approval refusing its own fixtures	2026-10-08T14:15:57.5018855Z ok   failing closed with a clear message
instrument-self-tests	Show the App approval refusing its own fixtures	2026-10-08T14:15:57.5037070Z ok   before any gh, openssl or curl call
instrument-self-tests	Show the App approval refusing its own fixtures	2026-10-08T14:15:57.5621369Z ok   REFUSE: an App id with a non-digit in it
instrument-self-tests	Show the App approval refusing its own fixtures	2026-10-08T14:15:57.5639507Z ok   refused as malformed, not stripped to digits
instrument-self-tests	Show the App approval refusing its own fixtures	2026-10-08T14:15:57.5658810Z ok   before any gh, openssl or curl call
instrument-self-tests	Show the App approval refusing its own fixtures	2026-10-08T14:15:57.6214384Z ok   REFUSE: an abbreviated SHA is not an exact head
instrument-self-tests	Show the App approval refusing its own fixtures	2026-10-08T14:15:57.6232515Z ok   refused as a malformed argument, before any call
instrument-self-tests	Show the App approval refusing its own fixtures	2026-10-08T14:15:57.9392265Z ok   a refused POST exits non-zero
instrument-self-tests	Show the App approval refusing its own fixtures	2026-10-08T14:15:57.9410392Z ok   the token is revoked after the failed POST
instrument-self-tests	Show the App approval refusing its own fixtures	2026-10-08T14:15:57.9434156Z ok   the private directory is gone after the failed POST
instrument-self-tests	Show the App approval refusing its own fixtures	2026-10-08T14:15:57.9450685Z ok   (the token header file did exist during that POST)
instrument-self-tests	Show the App approval refusing its own fixtures	2026-10-08T14:15:57.9472015Z ok   and no token, JWT, key or signature text reached stdout or stderr
instrument-self-tests	Show the App approval refusing its own fixtures	2026-10-08T14:15:58.1626107Z ok   --dry-run passes every refusal
instrument-self-tests	Show the App approval refusing its own fixtures	2026-10-08T14:15:58.1645244Z ok   and makes no curl call: nothing minted, nothing posted
instrument-self-tests	Show the App approval refusing its own fixtures	2026-10-08T14:15:58.1662440Z ok   and signs nothing
instrument-self-tests	Show the App approval refusing its own fixtures	2026-10-08T14:15:58.1679358Z ok   reporting what it would do
instrument-self-tests	Show the App approval refusing its own fixtures	2026-10-08T14:15:58.4054167Z ok   --dry-run still refuses what a real run would
instrument-self-tests	Show the App approval refusing its own fixtures	2026-10-08T14:15:58.4294598Z ok   CARRY: a merge from main that leaves the branch's own diff byte-identical
instrument-self-tests	Show the App approval refusing its own fixtures	2026-10-08T14:15:58.4492363Z ok   CARRY: a ci: commit that changes nothing
instrument-self-tests	Show the App approval refusing its own fixtures	2026-10-08T14:15:58.4652605Z ok   NO CARRY: the same merge with one byte of a.txt changed in its resolution (null control)
instrument-self-tests	Show the App approval refusing its own fixtures	2026-10-08T14:15:58.4668149Z ok   refused as a hand-resolved merge
instrument-self-tests	Show the App approval refusing its own fixtures	2026-10-08T14:15:58.4767556Z ok   NO CARRY: a commit of the branch's own
instrument-self-tests	Show the App approval refusing its own fixtures	2026-10-08T14:15:58.4867429Z ok   NO CARRY: an empty commit of the branch's own, which the byte comparison alone would pass
instrument-self-tests	Show the App approval refusing its own fixtures	2026-10-08T14:15:58.4982463Z ok   NO CARRY: a ci: commit that changes the branch's diff
instrument-self-tests	Show the App approval refusing its own fixtures	2026-10-08T14:15:58.4999268Z ok   refused as a ci: commit outside the driver files
instrument-self-tests	Show the App approval refusing its own fixtures	2026-10-08T14:15:58.5199633Z ok   CARRY: a ci: commit that rewrites only a merge-driver file
instrument-self-tests	Show the App approval refusing its own fixtures	2026-10-08T14:15:58.5867153Z ok   NO CARRY: a hand resolution that moves the branch's change to another function with the same context
instrument-self-tests	Show the App approval refusing its own fixtures	2026-10-08T14:15:58.5883493Z ok   refused as a hand-resolved merge, whatever the diffs compare
instrument-self-tests	Show the App approval refusing its own fixtures	2026-10-08T14:15:58.6164580Z ok   NO CARRY: a ci: commit that moves the branch's change to another function with the same context
instrument-self-tests	Show the App approval refusing its own fixtures	2026-10-08T14:15:58.6181464Z ok   refused by the ci: guard
instrument-self-tests	Show the App approval refusing its own fixtures	2026-10-08T14:15:58.6301705Z ok   NO CARRY: a merge of a branch that is not main
instrument-self-tests	Show the App approval refusing its own fixtures	2026-10-08T14:15:58.7092335Z ok   NO CARRY: one merge of main and another branch at once
instrument-self-tests	Show the App approval refusing its own fixtures	2026-10-08T14:15:58.7148406Z ok   NO CARRY: a rewritten head, not a descendant of the verdict's
instrument-self-tests	Show the App approval refusing its own fixtures	2026-10-08T14:15:58.7203922Z ok   NO CARRY: a head behind the verdict's, the same tree (only the ancestor check refuses it)
instrument-self-tests	Show the App approval refusing its own fixtures	2026-10-08T14:15:58.7442662Z ok   CARRY: a merge from main that shifted the branch's hunk and rewrote a merge-driver file
instrument-self-tests	Show the App approval refusing its own fixtures	2026-10-08T14:15:58.7684441Z ok   NO CARRY: a merge from main that changed a context line of the branch's hunk
instrument-self-tests	Show the App approval refusing its own fixtures	2026-10-08T14:15:58.7927508Z ok   NO CARRY: a driver the branch gave its own file, since drivers are read at main
instrument-self-tests	Show the App approval refusing its own fixtures	2026-10-08T14:15:59.2252835Z ok   a merge verdict at V is approved at a head it carries to
instrument-self-tests	Show the App approval refusing its own fixtures	2026-10-08T14:15:59.2484533Z ok   at the live head, and the review says it was carried
instrument-self-tests	Show the App approval refusing its own fixtures	2026-10-08T14:15:59.2503781Z ok   printing the carry it relied on
instrument-self-tests	Show the App approval refusing its own fixtures	2026-10-08T14:15:59.4306112Z ok   REFUSE: the verdict at V does not carry to a head one byte away (null control)
instrument-self-tests	Show the App approval refusing its own fixtures	2026-10-08T14:15:59.4323110Z ok   saying why
instrument-self-tests	Show the App approval refusing its own fixtures	2026-10-08T14:15:59.4340199Z ok   and nothing was minted or posted
instrument-self-tests	Show the App approval refusing its own fixtures	2026-10-08T14:15:59.6635502Z ok   REFUSE: a carried verdict whose evidence names neither head
instrument-self-tests	Show the App approval refusing its own fixtures	2026-10-08T14:15:59.6636568Z app_approve self-test: 147 checks, 0 failed
instrument-self-tests	Show the App verdict poster refusing its own fixtures	﻿2026-10-08T14:15:59.6874965Z ##[group]Run if test -f tools/audit/app_comment.sh; then bash tools/audit/app_comment.sh --self-test; else bash tools/pr/app_comment.sh --self-test; fi
instrument-self-tests	Show the App verdict poster refusing its own fixtures	2026-10-08T14:15:59.6876352Z ^[[36;1mif test -f tools/audit/app_comment.sh; then bash tools/audit/app_comment.sh --self-test; else bash tools/pr/app_comment.sh --self-test; fi^[[0m
instrument-self-tests	Show the App verdict poster refusing its own fixtures	2026-10-08T14:15:59.6939777Z shell: /usr/bin/bash -e {0}
instrument-self-tests	Show the App verdict poster refusing its own fixtures	2026-10-08T14:15:59.6940035Z env:
instrument-self-tests	Show the App verdict poster refusing its own fixtures	2026-10-08T14:15:59.6940231Z   HPO_JOB_GRADES: nothing
instrument-self-tests	Show the App verdict poster refusing its own fixtures	2026-10-08T14:15:59.6940458Z ##[endgroup]
instrument-self-tests	Show the App verdict poster refusing its own fixtures	2026-10-08T14:16:00.0356761Z ok   a merge verdict at the live head of an open pull request is posted
instrument-self-tests	Show the App verdict poster refusing its own fixtures	2026-10-08T14:16:00.0372772Z ok   with exactly one comment POST
instrument-self-tests	Show the App verdict poster refusing its own fixtures	2026-10-08T14:16:00.0389707Z ok   whose body is the file, byte for byte
instrument-self-tests	Show the App verdict poster refusing its own fixtures	2026-10-08T14:16:00.0406103Z ok   the POST carried the installation token, from a header file
instrument-self-tests	Show the App verdict poster refusing its own fixtures	2026-10-08T14:16:00.0419040Z ok   and that header file was mode 600 while it existed
instrument-self-tests	Show the App verdict poster refusing its own fixtures	2026-10-08T14:16:00.0434789Z ok   the head was read twice: before the mint and again before the POST
instrument-self-tests	Show the App verdict poster refusing its own fixtures	2026-10-08T14:16:00.0451141Z ok   the comment was read back off the API
instrument-self-tests	Show the App verdict poster refusing its own fixtures	2026-10-08T14:16:00.0467561Z ok   and gh_comment.py printed an identical read-back
instrument-self-tests	Show the App verdict poster refusing its own fixtures	2026-10-08T14:16:00.0483196Z ok   naming the App it posted as
instrument-self-tests	Show the App verdict poster refusing its own fixtures	2026-10-08T14:16:00.0498858Z ok   the installation token is revoked on exit
instrument-self-tests	Show the App verdict poster refusing its own fixtures	2026-10-08T14:16:00.0521025Z ok   the private directory is gone after a success
instrument-self-tests	Show the App verdict poster refusing its own fixtures	2026-10-08T14:16:00.0541542Z ok   no token, JWT, key or signature text in stdout or stderr
instrument-self-tests	Show the App verdict poster refusing its own fixtures	2026-10-08T14:16:00.0557358Z ok   (null control: the leak grep does find the token where it really is)
instrument-self-tests	Show the App verdict poster refusing its own fixtures	2026-10-08T14:16:00.3746608Z ok   under bash -x the post still runs
instrument-self-tests	Show the App verdict poster refusing its own fixtures	2026-10-08T14:16:00.3767927Z ok   and no token, JWT, key or signature text reaches the trace
instrument-self-tests	Show the App verdict poster refusing its own fixtures	2026-10-08T14:16:00.3783204Z ok   (null control: a JWT was signed on that run)
instrument-self-tests	Show the App verdict poster refusing its own fixtures	2026-10-08T14:16:00.6928040Z ok   a blocked head-moved verdict posts although its SHA is not the live head
instrument-self-tests	Show the App verdict poster refusing its own fixtures	2026-10-08T14:16:00.7701320Z ok   REFUSE: a merge verdict for a head that is not the live one
instrument-self-tests	Show the App verdict poster refusing its own fixtures	2026-10-08T14:16:00.7718021Z ok   naming the moved head
instrument-self-tests	Show the App verdict poster refusing its own fixtures	2026-10-08T14:16:00.7734473Z ok   and nothing was minted or posted
instrument-self-tests	Show the App verdict poster refusing its own fixtures	2026-10-08T14:16:00.9497116Z ok   REFUSE: the head moved between the mint and the POST
instrument-self-tests	Show the App verdict poster refusing its own fixtures	2026-10-08T14:16:00.9513894Z ok   and no comment was posted
instrument-self-tests	Show the App verdict poster refusing its own fixtures	2026-10-08T14:16:00.9529826Z ok   the minted token is revoked after that refusal
instrument-self-tests	Show the App verdict poster refusing its own fixtures	2026-10-08T14:16:00.9552609Z ok   and the private directory is gone, token and all
instrument-self-tests	Show the App verdict poster refusing its own fixtures	2026-10-08T14:16:01.0328904Z ok   REFUSE: a closed pull request
instrument-self-tests	Show the App verdict poster refusing its own fixtures	2026-10-08T14:16:01.0835438Z ok   REFUSE: a first line outside the verdict grammar: 'LGTM'
instrument-self-tests	Show the App verdict poster refusing its own fixtures	2026-10-08T14:16:01.0852846Z ok     and nothing was minted or posted
instrument-self-tests	Show the App verdict poster refusing its own fixtures	2026-10-08T14:16:01.1376539Z ok   REFUSE: a first line outside the verdict grammar: 'Fix review: merge 1111111'
instrument-self-tests	Show the App verdict poster refusing its own fixtures	2026-10-08T14:16:01.1393510Z ok     and nothing was minted or posted
instrument-self-tests	Show the App verdict poster refusing its own fixtures	2026-10-08T14:16:01.1922793Z ok   REFUSE: a first line outside the verdict grammar: 'Fix review: merge 1111111111111111111111111111111111111111 extra'
instrument-self-tests	Show the App verdict poster refusing its own fixtures	2026-10-08T14:16:01.1939449Z ok     and nothing was minted or posted
instrument-self-tests	Show the App verdict poster refusing its own fixtures	2026-10-08T14:16:01.2452279Z ok   REFUSE: a first line outside the verdict grammar: 'fix review: merge 1111111111111111111111111111111111111111'
instrument-self-tests	Show the App verdict poster refusing its own fixtures	2026-10-08T14:16:01.2468759Z ok     and nothing was minted or posted
instrument-self-tests	Show the App verdict poster refusing its own fixtures	2026-10-08T14:16:01.2981620Z ok   REFUSE: a first line outside the verdict grammar: 'Fix review: blocked 1111111111111111111111111111111111111111'
instrument-self-tests	Show the App verdict poster refusing its own fixtures	2026-10-08T14:16:01.2998378Z ok     and nothing was minted or posted
instrument-self-tests	Show the App verdict poster refusing its own fixtures	2026-10-08T14:16:01.3502246Z ok   REFUSE: a first line outside the verdict grammar: 'Fix review: approve 1111111111111111111111111111111111111111'
instrument-self-tests	Show the App verdict poster refusing its own fixtures	2026-10-08T14:16:01.3518382Z ok     and nothing was minted or posted
instrument-self-tests	Show the App verdict poster refusing its own fixtures	2026-10-08T14:16:01.4050287Z ok   REFUSE: a body file directly in a shared root (gh_comment.py's refusal)
instrument-self-tests	Show the App verdict poster refusing its own fixtures	2026-10-08T14:16:01.4068234Z ok     refused before the mint: nothing minted or posted
instrument-self-tests	Show the App verdict poster refusing its own fixtures	2026-10-08T14:16:01.4552443Z ok   REFUSE: an absent body file
instrument-self-tests	Show the App verdict poster refusing its own fixtures	2026-10-08T14:16:01.4571157Z ok     before any gh, openssl or curl call
instrument-self-tests	Show the App verdict poster refusing its own fixtures	2026-10-08T14:16:01.7082763Z ok   REFUSE: a post that reads back as the author App (#1233's defect)
instrument-self-tests	Show the App verdict poster refusing its own fixtures	2026-10-08T14:16:01.7098290Z ok   naming the identity it landed as
instrument-self-tests	Show the App verdict poster refusing its own fixtures	2026-10-08T14:16:01.7113776Z ok     and it is not reported as verified
instrument-self-tests	Show the App verdict poster refusing its own fixtures	2026-10-08T14:16:01.7129289Z ok     and the token is still revoked
instrument-self-tests	Show the App verdict poster refusing its own fixtures	2026-10-08T14:16:01.7188993Z ok   REFUSE: only the author App's key present; it is never used
instrument-self-tests	Show the App verdict poster refusing its own fixtures	2026-10-08T14:16:01.7206736Z ok     before any gh, openssl or curl call
instrument-self-tests	Show the App verdict poster refusing its own fixtures	2026-10-08T14:16:02.0342309Z ok   REFUSE: a comment that does not read back byte-identical
instrument-self-tests	Show the App verdict poster refusing its own fixtures	2026-10-08T14:16:02.0357994Z ok   naming the id it left on the record
instrument-self-tests	Show the App verdict poster refusing its own fixtures	2026-10-08T14:16:02.2625788Z ok   a refused POST exits non-zero
instrument-self-tests	Show the App verdict poster refusing its own fixtures	2026-10-08T14:16:02.2641807Z ok   the token is revoked after the failed POST
instrument-self-tests	Show the App verdict poster refusing its own fixtures	2026-10-08T14:16:02.2664869Z ok   the private directory is gone after the failed POST
instrument-self-tests	Show the App verdict poster refusing its own fixtures	2026-10-08T14:16:02.2686087Z ok   and no secret text reached stdout or stderr
instrument-self-tests	Show the App verdict poster refusing its own fixtures	2026-10-08T14:16:02.3456454Z ok   --dry-run passes every refusal
instrument-self-tests	Show the App verdict poster refusing its own fixtures	2026-10-08T14:16:02.3472908Z ok   and makes no curl call: nothing minted, nothing posted
instrument-self-tests	Show the App verdict poster refusing its own fixtures	2026-10-08T14:16:02.3489051Z ok   and signs nothing
instrument-self-tests	Show the App verdict poster refusing its own fixtures	2026-10-08T14:16:02.4263946Z ok   --dry-run still refuses what a real run would
instrument-self-tests	Show the App verdict poster refusing its own fixtures	2026-10-08T14:16:02.4264902Z app_comment self-test: 57 checks, 0 failed
instrument-self-tests	Show the verdict bus refusing its own fixtures	﻿2026-10-08T14:16:02.4349195Z ##[group]Run bash tools/audit/seat/bus.sh --self-test
instrument-self-tests	Show the verdict bus refusing its own fixtures	2026-10-08T14:16:02.4349611Z ^[[36;1mbash tools/audit/seat/bus.sh --self-test^[[0m
instrument-self-tests	Show the verdict bus refusing its own fixtures	2026-10-08T14:16:02.4412456Z shell: /usr/bin/bash -e {0}
instrument-self-tests	Show the verdict bus refusing its own fixtures	2026-10-08T14:16:02.4412706Z env:
instrument-self-tests	Show the verdict bus refusing its own fixtures	2026-10-08T14:16:02.4412900Z   HPO_JOB_GRADES: nothing
instrument-self-tests	Show the verdict bus refusing its own fixtures	2026-10-08T14:16:02.4413128Z ##[endgroup]
instrument-self-tests	Show the verdict bus refusing its own fixtures	2026-10-08T14:16:03.2521928Z   ok   a verdict posts as a comment through app_comment.sh, never as an approving review
instrument-self-tests	Show the verdict bus refusing its own fixtures	2026-10-08T14:16:03.2625305Z   ok   push-verdict refuses a first line outside the grammar
instrument-self-tests	Show the verdict bus refusing its own fixtures	2026-10-08T14:16:03.2748149Z   ok   push-verdict refuses a verdict with no nonce line
instrument-self-tests	Show the verdict bus refusing its own fixtures	2026-10-08T14:16:03.2897821Z   ok   push-verdict refuses evidence that names no head
instrument-self-tests	Show the verdict bus refusing its own fixtures	2026-10-08T14:16:03.3022025Z   ok   push-verdict refuses a verdict with no evidence directory
instrument-self-tests	Show the verdict bus refusing its own fixtures	2026-10-08T14:16:03.3098605Z   ok   push-verdict refuses a non-numeric pull request
instrument-self-tests	Show the verdict bus refusing its own fixtures	2026-10-08T14:16:03.3139601Z   ok   no refused push left a review ref
instrument-self-tests	Show the verdict bus refusing its own fixtures	2026-10-08T14:16:03.3328384Z   ok   a first pass records a baseline and posts nothing
instrument-self-tests	Show the verdict bus refusing its own fixtures	2026-10-08T14:16:03.4787209Z   ok   watch --post posts neither a forged proposal nor a forged verdict ref
instrument-self-tests	Show the verdict bus refusing its own fixtures	2026-10-08T14:16:03.5146078Z   ok   confirm promotes no proposal that was never dispatched
instrument-self-tests	Show the verdict bus refusing its own fixtures	2026-10-08T14:16:03.6091048Z   ok   a verdict signed with a key that is not the approver's does not post
instrument-self-tests	Show the verdict bus refusing its own fixtures	2026-10-08T14:16:03.6211967Z   ok   dispatch records pr, head and reviewer and prints a fresh nonce
instrument-self-tests	Show the verdict bus refusing its own fixtures	2026-10-08T14:16:03.6312271Z   ok   two dispatches mint two nonces
instrument-self-tests	Show the verdict bus refusing its own fixtures	2026-10-08T14:16:03.7231941Z   ok   another dispatch's nonce does not count
instrument-self-tests	Show the verdict bus refusing its own fixtures	2026-10-08T14:16:03.7922216Z   ok   push-verdict proposes on review/<pr>, fast-forwarding it
instrument-self-tests	Show the verdict bus refusing its own fixtures	2026-10-08T14:16:03.8376934Z   ok   watch reports a new handoff ref
instrument-self-tests	Show the verdict bus refusing its own fixtures	2026-10-08T14:16:03.8392812Z   ok   watch reports a new review ref
instrument-self-tests	Show the verdict bus refusing its own fixtures	2026-10-08T14:16:03.8429022Z   ok   a dispatched proposal waits for the orchestrator's confirmation, naming the reviewer
instrument-self-tests	Show the verdict bus refusing its own fixtures	2026-10-08T14:16:03.8627021Z   ok   a confirmation for a commit that is not the tip posts nothing
instrument-self-tests	Show the verdict bus refusing its own fixtures	2026-10-08T14:16:03.8726476Z   ok   confirm refuses on a machine without the approver key
instrument-self-tests	Show the verdict bus refusing its own fixtures	2026-10-08T14:16:03.9820589Z   ok   confirm signs the proposal onto verdict/<pr> and posts it once
instrument-self-tests	Show the verdict bus refusing its own fixtures	2026-10-08T14:16:03.9858454Z   ok   the signed verdict carries the reviewer's tree unchanged
instrument-self-tests	Show the verdict bus refusing its own fixtures	2026-10-08T14:16:03.9872938Z   ok   the posted body names the reviewer and the proposal
instrument-self-tests	Show the verdict bus refusing its own fixtures	2026-10-08T14:16:03.9886928Z   ok   the posted body keeps the reviewer's first line
instrument-self-tests	Show the verdict bus refusing its own fixtures	2026-10-08T14:16:03.9918585Z   ok   the posted body cites an absolute evidence directory that names the head
instrument-self-tests	Show the verdict bus refusing its own fixtures	2026-10-08T14:16:03.9932231Z   ok   the poster is called with the repository and pull request
instrument-self-tests	Show the verdict bus refusing its own fixtures	2026-10-08T14:16:04.0183331Z   ok   watch passes over a verdict it already posted
instrument-self-tests	Show the verdict bus refusing its own fixtures	2026-10-08T14:16:04.0346170Z   ok   an unchanged pass reports and posts nothing
instrument-self-tests	Show the verdict bus refusing its own fixtures	2026-10-08T14:16:04.0627811Z   ok   post refuses a commit already posted
instrument-self-tests	Show the verdict bus refusing its own fixtures	2026-10-08T14:16:04.2137761Z   ok   a signed verdict moved to another pull request does not post
instrument-self-tests	Show the verdict bus refusing its own fixtures	2026-10-08T14:16:04.2153869Z   ok   a signature over another tree does not post
instrument-self-tests	Show the verdict bus refusing its own fixtures	2026-10-08T14:16:04.3182513Z   ok   round 1's nonce does not count at another head
instrument-self-tests	Show the verdict bus refusing its own fixtures	2026-10-08T14:16:04.5062488Z   ok   a later round fast-forwards the verdict ref and is posted
instrument-self-tests	Show the verdict bus refusing its own fixtures	2026-10-08T14:16:04.6189313Z   ok   a confirmed verdict replayed after a later round does not post again
instrument-self-tests	Show the verdict bus refusing its own fixtures	2026-10-08T14:16:04.6979533Z   ok   a replay with its signature line re-encoded does not post again
instrument-self-tests	Show the verdict bus refusing its own fixtures	2026-10-08T14:16:04.7729885Z   ok   a replay with its signature line re-encoded does not post again
instrument-self-tests	Show the verdict bus refusing its own fixtures	2026-10-08T14:16:04.7882686Z   ok   a signature line that is not canonical base64 does not verify
instrument-self-tests	Show the verdict bus refusing its own fixtures	2026-10-08T14:16:04.8494471Z   ok   watch refuses a raw ref outside the grammar and posts nothing
instrument-self-tests	Show the verdict bus refusing its own fixtures	2026-10-08T14:16:04.8658129Z   ok   a refused verdict is not retried on the next pass
instrument-self-tests	Show the verdict bus refusing its own fixtures	2026-10-08T14:16:04.9271907Z   ok   watch refuses a raw proposal whose only naming file is VERDICT.md
instrument-self-tests	Show the verdict bus refusing its own fixtures	2026-10-08T14:16:05.1009691Z   ok   a poster refusal is reported and not recorded as posted
instrument-self-tests	Show the verdict bus refusing its own fixtures	2026-10-08T14:16:05.1568895Z   ok   post retries a refused verdict by hand
instrument-self-tests	Show the verdict bus refusing its own fixtures	2026-10-08T14:16:05.1851505Z   ok   watch reports a deleted ref
instrument-self-tests	Show the verdict bus refusing its own fixtures	2026-10-08T14:16:05.2200065Z   ok   watch without --once exits on its first event
instrument-self-tests	Show the verdict bus refusing its own fixtures	2026-10-08T14:16:08.2232653Z   ok   watch without --once keeps waiting while nothing changes
instrument-self-tests	Show the verdict bus refusing its own fixtures	2026-10-08T14:16:08.2359740Z bus self-test: 45 checks, 0 failed
instrument-self-tests	Show the budget-raise gate refusing its own fixtures	﻿2026-10-08T14:16:08.2399103Z ##[group]Run set -o pipefail
instrument-self-tests	Show the budget-raise gate refusing its own fixtures	2026-10-08T14:16:08.2399442Z ^[[36;1mset -o pipefail^[[0m
instrument-self-tests	Show the budget-raise gate refusing its own fixtures	2026-10-08T14:16:08.2400304Z ^[[36;1mif test -f .claude/workflows/budget_raise_gate.py; then python3 .claude/workflows/budget_raise_gate.py --self-test; else python3 tools/policy/budget_raise_gate.py --self-test; fi| tee "$RUNNER_TEMP/brg-self-test.txt"^[[0m
instrument-self-tests	Show the budget-raise gate refusing its own fixtures	2026-10-08T14:16:08.2401443Z ^[[36;1mgrep -Eq '^budget_raise_gate self-test: [1-9][0-9]* checks, 0 failed$' "$RUNNER_TEMP/brg-self-test.txt"^[[0m
instrument-self-tests	Show the budget-raise gate refusing its own fixtures	2026-10-08T14:16:08.2462876Z shell: /usr/bin/bash -e {0}
instrument-self-tests	Show the budget-raise gate refusing its own fixtures	2026-10-08T14:16:08.2463124Z env:
instrument-self-tests	Show the budget-raise gate refusing its own fixtures	2026-10-08T14:16:08.2463312Z   HPO_JOB_GRADES: nothing
instrument-self-tests	Show the budget-raise gate refusing its own fixtures	2026-10-08T14:16:08.2463540Z ##[endgroup]
instrument-self-tests	Show the budget-raise gate refusing its own fixtures	2026-10-08T14:16:08.3214536Z   ok   structure: null control
instrument-self-tests	Show the budget-raise gate refusing its own fixtures	2026-10-08T14:16:08.3215519Z   ok   structure: a metric re-recorded down is routine
instrument-self-tests	Show the budget-raise gate refusing its own fixtures	2026-10-08T14:16:08.3215998Z   ok   structure: a metric up is a raise
instrument-self-tests	Show the budget-raise gate refusing its own fixtures	2026-10-08T14:16:08.3216344Z   ok   structure: a metric deleted is a raise
instrument-self-tests	Show the budget-raise gate refusing its own fixtures	2026-10-08T14:16:08.3216697Z   ok   structure: a new metric is not a raise
instrument-self-tests	Show the budget-raise gate refusing its own fixtures	2026-10-08T14:16:08.3217065Z   ok   mutation: null control
instrument-self-tests	Show the budget-raise gate refusing its own fixtures	2026-10-08T14:16:08.3217436Z   ok   mutation: ledger rows re-keyed after a line shift are routine
instrument-self-tests	Show the budget-raise gate refusing its own fixtures	2026-10-08T14:16:08.3217870Z   ok   mutation: the unpinned count up is a raise
instrument-self-tests	Show the budget-raise gate refusing its own fixtures	2026-10-08T14:16:08.3218228Z   ok   mutation: a survivor fraction up is a raise
instrument-self-tests	Show the budget-raise gate refusing its own fixtures	2026-10-08T14:16:08.3218593Z   ok   mutation: the committed count removed is a raise
instrument-self-tests	Show the budget-raise gate refusing its own fixtures	2026-10-08T14:16:08.3218911Z   ok   coverage: null control
instrument-self-tests	Show the budget-raise gate refusing its own fixtures	2026-10-08T14:16:08.3219232Z   ok   coverage: a floor up, a pragma paid off, is routine
instrument-self-tests	Show the budget-raise gate refusing its own fixtures	2026-10-08T14:16:08.3219583Z   ok   coverage: a floor down is a raise
instrument-self-tests	Show the budget-raise gate refusing its own fixtures	2026-10-08T14:16:08.3219893Z   ok   coverage: the ceiling down is a raise
instrument-self-tests	Show the budget-raise gate refusing its own fixtures	2026-10-08T14:16:08.3220206Z   ok   coverage: a pragma added is a raise
instrument-self-tests	Show the budget-raise gate refusing its own fixtures	2026-10-08T14:16:08.3220482Z   ok   stress: null control
instrument-self-tests	Show the budget-raise gate refusing its own fixtures	2026-10-08T14:16:08.3220800Z   ok   stress: a scenario re-recorded cheaper is routine
instrument-self-tests	Show the budget-raise gate refusing its own fixtures	2026-10-08T14:16:08.3221137Z   ok   stress: a ratio up is a raise
instrument-self-tests	Show the budget-raise gate refusing its own fixtures	2026-10-08T14:16:08.3221436Z   ok   stress: a scenario dropped is a raise
instrument-self-tests	Show the budget-raise gate refusing its own fixtures	2026-10-08T14:16:08.3221764Z   ok   stress: the override lowered is a raise
instrument-self-tests	Show the budget-raise gate refusing its own fixtures	2026-10-08T14:16:08.3222178Z   ok   stress: the override withdrawn is routine (the literal is stricter)
instrument-self-tests	Show the budget-raise gate refusing its own fixtures	2026-10-08T14:16:08.3222612Z   ok   stress: an override granted is a raise
instrument-self-tests	Show the budget-raise gate refusing its own fixtures	2026-10-08T14:16:08.3222893Z   ok   typing: null control
instrument-self-tests	Show the budget-raise gate refusing its own fixtures	2026-10-08T14:16:08.3223265Z   ok   typing: a re-measured environment and a new record sha are routine
instrument-self-tests	Show the budget-raise gate refusing its own fixtures	2026-10-08T14:16:08.3223682Z   ok   typing: a type-ignore added is a raise
instrument-self-tests	Show the budget-raise gate refusing its own fixtures	2026-10-08T14:16:08.3224028Z   ok   typing: an error code appearing is a raise
instrument-self-tests	Show the budget-raise gate refusing its own fixtures	2026-10-08T14:16:08.3224385Z   ok   typing: the ruler's toolchain moved is a raise
instrument-self-tests	Show the budget-raise gate refusing its own fixtures	2026-10-08T14:16:08.3224698Z   ok   policy: null control
instrument-self-tests	Show the budget-raise gate refusing its own fixtures	2026-10-08T14:16:08.3225279Z   ok   policy: a cap down, a deleted file's cap dropped, a sample widened are routine
instrument-self-tests	Show the budget-raise gate refusing its own fixtures	2026-10-08T14:16:08.3225965Z   ok   policy: a per-file cap up is a raise
instrument-self-tests	Show the budget-raise gate refusing its own fixtures	2026-10-08T14:16:08.3226290Z   ok   policy: the band widened is a raise
instrument-self-tests	Show the budget-raise gate refusing its own fixtures	2026-10-08T14:16:08.3226632Z   ok   policy: a role's sample narrowed is a raise
instrument-self-tests	Show the budget-raise gate refusing its own fixtures	2026-10-08T14:16:08.3227025Z   ok   policy: a cap dropped while its file stays is a raise
instrument-self-tests	Show the budget-raise gate refusing its own fixtures	2026-10-08T14:16:08.3227624Z   ok   structure: a metric set to NaN is a raise
instrument-self-tests	Show the budget-raise gate refusing its own fixtures	2026-10-08T14:16:08.3227965Z   ok   coverage: a floor set to NaN is a raise
instrument-self-tests	Show the budget-raise gate refusing its own fixtures	2026-10-08T14:16:08.3228299Z   ok   structure: a metric set to +inf is a raise
instrument-self-tests	Show the budget-raise gate refusing its own fixtures	2026-10-08T14:16:08.3228636Z   ok   coverage: a floor set to +inf is a raise
instrument-self-tests	Show the budget-raise gate refusing its own fixtures	2026-10-08T14:16:08.3228984Z   ok   structure: a metric set to -inf is a raise
instrument-self-tests	Show the budget-raise gate refusing its own fixtures	2026-10-08T14:16:08.3229328Z   ok   coverage: a floor set to -inf is a raise
instrument-self-tests	Show the budget-raise gate refusing its own fixtures	2026-10-08T14:16:08.3229680Z   ok   structure: a metric set to a string is a raise
instrument-self-tests	Show the budget-raise gate refusing its own fixtures	2026-10-08T14:16:08.3230054Z   ok   coverage: a floor set to a string is a raise
instrument-self-tests	Show the budget-raise gate refusing its own fixtures	2026-10-08T14:16:08.3230403Z   ok   structure: a metric set to null is a raise
instrument-self-tests	Show the budget-raise gate refusing its own fixtures	2026-10-08T14:16:08.3230736Z   ok   coverage: a floor set to null is a raise
instrument-self-tests	Show the budget-raise gate refusing its own fixtures	2026-10-08T14:16:08.3231079Z   ok   structure: a metric set to a bool is a raise
instrument-self-tests	Show the budget-raise gate refusing its own fixtures	2026-10-08T14:16:08.3231606Z   ok   coverage: a floor set to a bool is a raise
instrument-self-tests	Show the budget-raise gate refusing its own fixtures	2026-10-08T14:16:08.3231941Z   ok   structure: a new metric at NaN is a raise
instrument-self-tests	Show the budget-raise gate refusing its own fixtures	2026-10-08T14:16:08.3232296Z   ok   structure: a new metric as a string is a raise
instrument-self-tests	Show the budget-raise gate refusing its own fixtures	2026-10-08T14:16:08.3232669Z   ok   mutation: the survivor fraction at +inf is a raise
instrument-self-tests	Show the budget-raise gate refusing its own fixtures	2026-10-08T14:16:08.3233023Z   ok   stress: a ratio at NaN is a raise
instrument-self-tests	Show the budget-raise gate refusing its own fixtures	2026-10-08T14:16:08.3233358Z   ok   stress: the override floor at -inf is a raise
instrument-self-tests	Show the budget-raise gate refusing its own fixtures	2026-10-08T14:16:08.3233708Z   ok   typing: a new error code at +inf is a raise
instrument-self-tests	Show the budget-raise gate refusing its own fixtures	2026-10-08T14:16:08.3234048Z   ok   policy: a per-file cap at NaN is a raise
instrument-self-tests	Show the budget-raise gate refusing its own fixtures	2026-10-08T14:16:08.3234443Z   ok   a NaN base lowered to a number is not a raise (null control)
instrument-self-tests	Show the budget-raise gate refusing its own fixtures	2026-10-08T14:16:08.3234858Z   ok   unknown file: a change with no schema is a raise
instrument-self-tests	Show the budget-raise gate refusing its own fixtures	2026-10-08T14:16:08.3235360Z   ok   unknown file: added is a raise
instrument-self-tests	Show the budget-raise gate refusing its own fixtures	2026-10-08T14:16:08.3235652Z   ok   a budget file deleted is a raise
instrument-self-tests	Show the budget-raise gate refusing its own fixtures	2026-10-08T14:16:08.3235959Z   ok   a head that does not parse is a raise
instrument-self-tests	Show the budget-raise gate refusing its own fixtures	2026-10-08T14:16:08.3236324Z   ok   no raise: passes with no review at all (null control)
instrument-self-tests	Show the budget-raise gate refusing its own fixtures	2026-10-08T14:16:08.3236671Z   ok   no raise: never reads the API
instrument-self-tests	Show the budget-raise gate refusing its own fixtures	2026-10-08T14:16:08.3236965Z   ok   an approved raise passes
instrument-self-tests	Show the budget-raise gate refusing its own fixtures	2026-10-08T14:16:08.3237234Z   ok   an unapproved raise fails
instrument-self-tests	Show the budget-raise gate refusing its own fixtures	2026-10-08T14:16:08.3237553Z   ok   a raise approved only by the approver App fails
instrument-self-tests	Show the budget-raise gate refusing its own fixtures	2026-10-08T14:16:08.3237908Z   ok   a stale approval on an older SHA fails
instrument-self-tests	Show the budget-raise gate refusing its own fixtures	2026-10-08T14:16:08.3247890Z   ok   an approval then changes requested fails
instrument-self-tests	Show the budget-raise gate refusing its own fixtures	2026-10-08T14:16:08.3248352Z   ok   an approval then dismissed fails
instrument-self-tests	Show the budget-raise gate refusing its own fixtures	2026-10-08T14:16:08.3248803Z   ok   an approval then a comment still passes
instrument-self-tests	Show the budget-raise gate refusing its own fixtures	2026-10-08T14:16:08.3249409Z   ok   a stale approval then a fresh one passes
instrument-self-tests	Show the budget-raise gate refusing its own fixtures	2026-10-08T14:16:08.3249991Z   ok   an account named tvofi with another id fails
instrument-self-tests	Show the budget-raise gate refusing its own fixtures	2026-10-08T14:16:08.3250826Z   ok   the owner's id under another login fails (a rename is re-pinned, not followed)
instrument-self-tests	Show the budget-raise gate refusing its own fixtures	2026-10-08T14:16:08.3251696Z   ok   the owner's id and login on a non-User account fails
instrument-self-tests	Show the budget-raise gate refusing its own fixtures	2026-10-08T14:16:08.3252361Z   ok   a reviews read that fails, fails closed
instrument-self-tests	Show the budget-raise gate refusing its own fixtures	2026-10-08T14:16:08.3253326Z   ok   a raise approved at the head by an agent-declared review fails (the orchestrator's mandate wording)
instrument-self-tests	Show the budget-raise gate refusing its own fixtures	2026-10-08T14:16:08.3254676Z   ok   a raise approved at the head by an agent-declared review fails (the 'given by the orchestrator' wording)
instrument-self-tests	Show the budget-raise gate refusing its own fixtures	2026-10-08T14:16:08.3256148Z   ok   a raise approved at the head by an agent-declared review fails (a seat's wording)
instrument-self-tests	Show the budget-raise gate refusing its own fixtures	2026-10-08T14:16:08.3257361Z   ok   a raise approved at the head by an agent-declared review fails (a delegation's wording)
instrument-self-tests	Show the budget-raise gate refusing its own fixtures	2026-10-08T14:16:08.3258587Z   ok   a raise approved at the head by an agent-declared review fails (a mandate named alone)
instrument-self-tests	Show the budget-raise gate refusing its own fixtures	2026-10-08T14:16:08.3259778Z   ok   a raise approved at the head by an agent-declared review fails (the agent footer)
instrument-self-tests	Show the budget-raise gate refusing its own fixtures	2026-10-08T14:16:08.3260920Z   ok   the owner's own approval at the head still passes beside an agent-declared one
instrument-self-tests	Show the budget-raise gate refusing its own fixtures	2026-10-08T14:16:08.3261982Z   ok   an agent-declared approval does not revive the owner's stale one
instrument-self-tests	Show the budget-raise gate refusing its own fixtures	2026-10-08T14:16:08.3262730Z   ok   an owner approval with an empty body passes (null control)
instrument-self-tests	Show the budget-raise gate refusing its own fixtures	2026-10-08T14:16:08.3263226Z   ok   an owner approval whose body names no agent passes (null control)
instrument-self-tests	Show the budget-raise gate refusing its own fixtures	2026-10-08T14:16:08.3263895Z   ok   the refusal names why
instrument-self-tests	Show the budget-raise gate refusing its own fixtures	2026-10-08T14:16:08.3264339Z   ok   mandate: an agent's approval at the head under a budget-raise mandate passes
instrument-self-tests	Show the budget-raise gate refusing its own fixtures	2026-10-08T14:16:08.3264840Z   ok   mandate: ... and the verdict names the mandate it used
instrument-self-tests	Show the budget-raise gate refusing its own fixtures	2026-10-08T14:16:08.3265692Z   ok   mandate: ... and the review stays declared an agent's (nothing hides authorship)
instrument-self-tests	Show the budget-raise gate refusing its own fixtures	2026-10-08T14:16:08.3266140Z   ok   mandate: scope all covers a raise
instrument-self-tests	Show the budget-raise gate refusing its own fixtures	2026-10-08T14:16:08.3266476Z   ok   mandate: until programme-end is open-ended
instrument-self-tests	Show the budget-raise gate refusing its own fixtures	2026-10-08T14:16:08.3266863Z   ok   mandate: the review's comment URL is a citation too
instrument-self-tests	Show the budget-raise gate refusing its own fixtures	2026-10-08T14:16:08.3267255Z   ok   mandate: no raise reads no mandate (null control)
instrument-self-tests	Show the budget-raise gate refusing its own fixtures	2026-10-08T14:16:08.3267632Z   ok   mandate: a review submitted after `until` fails
instrument-self-tests	Show the budget-raise gate refusing its own fixtures	2026-10-08T14:16:08.3268169Z   ok   mandate: a review submitted exactly at `until` fails
instrument-self-tests	Show the budget-raise gate refusing its own fixtures	2026-10-08T14:16:08.3268556Z   ok   mandate: a review submitted before `from` fails
instrument-self-tests	Show the budget-raise gate refusing its own fixtures	2026-10-08T14:16:08.3269027Z   ok   mandate: a `from` back-dated before the comment existed starts at the comment
instrument-self-tests	Show the budget-raise gate refusing its own fixtures	2026-10-08T14:16:08.3269494Z   ok   mandate: a mandate edited after the review fails
instrument-self-tests	Show the budget-raise gate refusing its own fixtures	2026-10-08T14:16:08.3269856Z   ok   mandate: a review with no submitted_at fails
instrument-self-tests	Show the budget-raise gate refusing its own fixtures	2026-10-08T14:16:08.3270199Z   ok   mandate: a mandate tvofi revoked fails
instrument-self-tests	Show the budget-raise gate refusing its own fixtures	2026-10-08T14:16:08.3270559Z   ok   mandate: ... and the refusal names the revocation
instrument-self-tests	Show the budget-raise gate refusing its own fixtures	2026-10-08T14:16:08.3271028Z   ok   mandate: a revocation by another account revokes nothing (null control)
instrument-self-tests	Show the budget-raise gate refusing its own fixtures	2026-10-08T14:16:08.3271560Z   ok   mandate: a revocation of another mandate revokes nothing (null control)
instrument-self-tests	Show the budget-raise gate refusing its own fixtures	2026-10-08T14:16:08.3272021Z   ok   mandate: a mandate comment by another account fails
instrument-self-tests	Show the budget-raise gate refusing its own fixtures	2026-10-08T14:16:08.3272487Z   ok   mandate: a mandate comment by an account named tvofi with another id fails
instrument-self-tests	Show the budget-raise gate refusing its own fixtures	2026-10-08T14:16:08.3272963Z   ok   mandate: a mandate comment by the approver App fails
instrument-self-tests	Show the budget-raise gate refusing its own fixtures	2026-10-08T14:16:08.3273361Z   ok   mandate: a mandate comment on another issue fails
instrument-self-tests	Show the budget-raise gate refusing its own fixtures	2026-10-08T14:16:08.3273742Z   ok   mandate: a cited comment that does not exist fails
instrument-self-tests	Show the budget-raise gate refusing its own fixtures	2026-10-08T14:16:08.3274165Z   ok   mandate: a mandate comment on #201 of another repository fails
instrument-self-tests	Show the budget-raise gate refusing its own fixtures	2026-10-08T14:16:08.3274594Z   ok   mandate: a mandate read that fails, fails closed
instrument-self-tests	Show the budget-raise gate refusing its own fixtures	2026-10-08T14:16:08.3274963Z   ok   mandate: a body that is not the grammar fails
instrument-self-tests	Show the budget-raise gate refusing its own fixtures	2026-10-08T14:16:08.3275459Z   ok   mandate: a time with no zone fails
instrument-self-tests	Show the budget-raise gate refusing its own fixtures	2026-10-08T14:16:08.3275802Z   ok   mandate: scope code-owned does not cover a raise
instrument-self-tests	Show the budget-raise gate refusing its own fixtures	2026-10-08T14:16:08.3276201Z   ok   mandate: a mandated approval on a non-head commit fails
instrument-self-tests	Show the budget-raise gate refusing its own fixtures	2026-10-08T14:16:08.3276685Z   ok   mandate: an agent's approval citing no mandate still fails (null control)
instrument-self-tests	Show the budget-raise gate refusing its own fixtures	2026-10-08T14:16:08.3277125Z   ok   mandate: a review citing two mandates fails
instrument-self-tests	Show the budget-raise gate refusing its own fixtures	2026-10-08T14:16:08.3277559Z   ok   mandate: an agent's CHANGES_REQUESTED under a mandate decides nothing
instrument-self-tests	Show the budget-raise gate refusing its own fixtures	2026-10-08T14:16:08.3278049Z   ok   mandate: the owner's own later CHANGES_REQUESTED still decides
instrument-self-tests	Show the budget-raise gate refusing its own fixtures	2026-10-08T14:16:08.3278535Z   ok   mandate: a mandated approval from another account is not the owner's
instrument-self-tests	Show the budget-raise gate refusing its own fixtures	2026-10-08T14:16:08.3279019Z   ok   mandate: the revocation 'MANDATE REVOKED 4100000001.' revokes
instrument-self-tests	Show the budget-raise gate refusing its own fixtures	2026-10-08T14:16:08.3279465Z   ok   mandate: the revocation 'MANDATE REVOKED #4100000001' revokes
instrument-self-tests	Show the budget-raise gate refusing its own fixtures	2026-10-08T14:16:08.3279914Z   ok   mandate: the revocation 'MANDATE REVOKED: 4100000001' revokes
instrument-self-tests	Show the budget-raise gate refusing its own fixtures	2026-10-08T14:16:08.3280351Z   ok   mandate: the revocation 'Mandate revoked 4100000001' revokes
instrument-self-tests	Show the budget-raise gate refusing its own fixtures	2026-10-08T14:16:08.3280846Z   ok   mandate: the revocation 'Ending it now.\nMANDATE REVOKED 4100000001' revokes
instrument-self-tests	Show the budget-raise gate refusing its own fixtures	2026-10-08T14:16:08.3281628Z   ok   mandate: the revocation 'I revoke mandate https://github.com/tvofi/heatpump_optimizer/issues/201#issuecomment-4100000001' revokes
instrument-self-tests	Show the budget-raise gate refusing its own fixtures	2026-10-08T14:16:08.3282451Z   ok   mandate: a revocation naming a longer id that contains this one revokes nothing (null control)
instrument-self-tests	Show the budget-raise gate refusing its own fixtures	2026-10-08T14:16:08.3283143Z   ok   mandate: tvofi's comment naming the id with no revocation word revokes nothing (null control)
instrument-self-tests	Show the budget-raise gate refusing its own fixtures	2026-10-08T14:16:08.3283816Z   ok   mandate: a mandate edited before the review fails
instrument-self-tests	Show the budget-raise gate refusing its own fixtures	2026-10-08T14:16:08.3284188Z   ok   mandate: ... and the refusal says it was edited
instrument-self-tests	Show the budget-raise gate refusing its own fixtures	2026-10-08T14:16:08.3284672Z   ok   mandate: a body that is not the grammar is refused as such, not as an unread mandate
instrument-self-tests	Show the budget-raise gate refusing its own fixtures	2026-10-08T14:16:08.3285426Z   ok   mandate: a mandated approval does not override tvofi's own earlier CHANGES_REQUESTED
instrument-self-tests	Show the budget-raise gate refusing its own fixtures	2026-10-08T14:16:08.3285891Z   ok   mandate: ... and the refusal says so
instrument-self-tests	Show the budget-raise gate refusing its own fixtures	2026-10-08T14:16:08.3286387Z   ok   mandate: tvofi's own later approval clears his CHANGES_REQUESTED, as before (null control)
instrument-self-tests	Show the budget-raise gate refusing its own fixtures	2026-10-08T14:16:08.3286923Z   ok   mandate: tvofi's own earlier DISMISSED blocks nothing
instrument-self-tests	Show the budget-raise gate refusing its own fixtures	2026-10-08T14:16:08.3287278Z   ok   the tree has budget files to read
instrument-self-tests	Show the budget-raise gate refusing its own fixtures	2026-10-08T14:16:08.3287654Z   ok   dev/governance/config/policy_budgets.json: has a schema
instrument-self-tests	Show the budget-raise gate refusing its own fixtures	2026-10-08T14:16:08.3288331Z   ok   dev/governance/config/policy_budgets.json: carries at least one cap the gate reads
instrument-self-tests	Show the budget-raise gate refusing its own fixtures	2026-10-08T14:16:08.3288948Z   ok   dev/governance/config/policy_budgets.json: null control, the file against itself
instrument-self-tests	Show the budget-raise gate refusing its own fixtures	2026-10-08T14:16:08.3289620Z   ok   dev/governance/config/policy_budgets.json: every cap moved the strict way is routine (47 cap(s))
instrument-self-tests	Show the budget-raise gate refusing its own fixtures	2026-10-08T14:16:08.3290294Z   ok   dev/governance/config/policy_budgets.json: every cap moved the loose way is a raise
instrument-self-tests	Show the budget-raise gate refusing its own fixtures	2026-10-08T14:16:10.4694704Z   ok   tests/coverage_budgets.json: has a schema
instrument-self-tests	Show the budget-raise gate refusing its own fixtures	2026-10-08T14:16:10.4696062Z   ok   tests/coverage_budgets.json: carries at least one cap the gate reads
instrument-self-tests	Show the budget-raise gate refusing its own fixtures	2026-10-08T14:16:10.4697075Z   ok   tests/coverage_budgets.json: null control, the file against itself
instrument-self-tests	Show the budget-raise gate refusing its own fixtures	2026-10-08T14:16:10.4697988Z   ok   tests/coverage_budgets.json: every cap moved the strict way is routine (5 cap(s))
instrument-self-tests	Show the budget-raise gate refusing its own fixtures	2026-10-08T14:16:10.4698627Z   ok   tests/coverage_budgets.json: every cap moved the loose way is a raise
instrument-self-tests	Show the budget-raise gate refusing its own fixtures	2026-10-08T14:16:10.4699113Z   ok   tests/mutation_budgets.json: has a schema
instrument-self-tests	Show the budget-raise gate refusing its own fixtures	2026-10-08T14:16:10.4699635Z   ok   tests/mutation_budgets.json: carries at least one cap the gate reads
instrument-self-tests	Show the budget-raise gate refusing its own fixtures	2026-10-08T14:16:10.4700189Z   ok   tests/mutation_budgets.json: null control, the file against itself
instrument-self-tests	Show the budget-raise gate refusing its own fixtures	2026-10-08T14:16:10.4700795Z   ok   tests/mutation_budgets.json: every cap moved the strict way is routine (2 cap(s))
instrument-self-tests	Show the budget-raise gate refusing its own fixtures	2026-10-08T14:16:10.4701628Z   ok   tests/mutation_budgets.json: every cap moved the loose way is a raise
instrument-self-tests	Show the budget-raise gate refusing its own fixtures	2026-10-08T14:16:10.4702162Z   ok   tests/stress_budgets.json: has a schema
instrument-self-tests	Show the budget-raise gate refusing its own fixtures	2026-10-08T14:16:10.4702627Z   ok   tests/stress_budgets.json: carries at least one cap the gate reads
instrument-self-tests	Show the budget-raise gate refusing its own fixtures	2026-10-08T14:16:10.4703168Z   ok   tests/stress_budgets.json: null control, the file against itself
instrument-self-tests	Show the budget-raise gate refusing its own fixtures	2026-10-08T14:16:10.4703754Z   ok   tests/stress_budgets.json: every cap moved the strict way is routine (216 cap(s))
instrument-self-tests	Show the budget-raise gate refusing its own fixtures	2026-10-08T14:16:10.4704346Z   ok   tests/stress_budgets.json: every cap moved the loose way is a raise
instrument-self-tests	Show the budget-raise gate refusing its own fixtures	2026-10-08T14:16:10.4704808Z   ok   tests/structure_budgets.json: has a schema
instrument-self-tests	Show the budget-raise gate refusing its own fixtures	2026-10-08T14:16:10.4705495Z   ok   tests/structure_budgets.json: carries at least one cap the gate reads
instrument-self-tests	Show the budget-raise gate refusing its own fixtures	2026-10-08T14:16:10.4706054Z   ok   tests/structure_budgets.json: null control, the file against itself
instrument-self-tests	Show the budget-raise gate refusing its own fixtures	2026-10-08T14:16:10.4706632Z   ok   tests/structure_budgets.json: every cap moved the strict way is routine (16 cap(s))
instrument-self-tests	Show the budget-raise gate refusing its own fixtures	2026-10-08T14:16:10.4707216Z   ok   tests/structure_budgets.json: every cap moved the loose way is a raise
instrument-self-tests	Show the budget-raise gate refusing its own fixtures	2026-10-08T14:16:10.4707647Z   ok   tests/typing_budgets.json: has a schema
instrument-self-tests	Show the budget-raise gate refusing its own fixtures	2026-10-08T14:16:10.4708082Z   ok   tests/typing_budgets.json: carries at least one cap the gate reads
instrument-self-tests	Show the budget-raise gate refusing its own fixtures	2026-10-08T14:16:10.4708575Z   ok   tests/typing_budgets.json: null control, the file against itself
instrument-self-tests	Show the budget-raise gate refusing its own fixtures	2026-10-08T14:16:10.4709119Z   ok   tests/typing_budgets.json: every cap moved the strict way is routine (2 cap(s))
instrument-self-tests	Show the budget-raise gate refusing its own fixtures	2026-10-08T14:16:10.4709663Z   ok   tests/typing_budgets.json: every cap moved the loose way is a raise
instrument-self-tests	Show the budget-raise gate refusing its own fixtures	2026-10-08T14:16:10.4710090Z   ok   e2e: a routine edit exits 0 (null control)
instrument-self-tests	Show the budget-raise gate refusing its own fixtures	2026-10-08T14:16:10.4710412Z   ok   e2e: ... reads no reviews
instrument-self-tests	Show the budget-raise gate refusing its own fixtures	2026-10-08T14:16:10.4710749Z   ok   e2e: ... compares at the fork point, not the moved base
instrument-self-tests	Show the budget-raise gate refusing its own fixtures	2026-10-08T14:16:10.4711375Z   ok   e2e: ... and reports every budget file it read
instrument-self-tests	Show the budget-raise gate refusing its own fixtures	2026-10-08T14:16:10.4711830Z   ok   e2e: a budget file moved to its new path, unchanged, is no raise (R9-RO-2)
instrument-self-tests	Show the budget-raise gate refusing its own fixtures	2026-10-08T14:16:10.4712350Z   ok   e2e: ... and one raised as it moved is a raise, named at its old path
instrument-self-tests	Show the budget-raise gate refusing its own fixtures	2026-10-08T14:16:10.4712747Z   ok   e2e: an unapproved raise exits 1
instrument-self-tests	Show the budget-raise gate refusing its own fixtures	2026-10-08T14:16:10.4713038Z   ok   e2e: ... names the raise
instrument-self-tests	Show the budget-raise gate refusing its own fixtures	2026-10-08T14:16:10.4713376Z   ok   e2e: ... after asking for this PR's reviews, every page
instrument-self-tests	Show the budget-raise gate refusing its own fixtures	2026-10-08T14:16:10.4713832Z   ok   e2e: a raise approved on the head, on the second page, exits 0
instrument-self-tests	Show the budget-raise gate refusing its own fixtures	2026-10-08T14:16:10.4714260Z   ok   e2e: a raise whose latest approval is stale exits 1
instrument-self-tests	Show the budget-raise gate refusing its own fixtures	2026-10-08T14:16:10.4714700Z   ok   e2e: a raise approved at the head under a mandate in force exits 0
instrument-self-tests	Show the budget-raise gate refusing its own fixtures	2026-10-08T14:16:10.4715444Z   ok   e2e: ... after reading the comment, then #201 since it was written
instrument-self-tests	Show the budget-raise gate refusing its own fixtures	2026-10-08T14:16:10.4716029Z   ok   e2e: ... and exits 1 once tvofi revokes it
instrument-self-tests	Show the budget-raise gate refusing its own fixtures	2026-10-08T14:16:10.4716386Z   ok   e2e: a cited mandate that does not exist exits 1
instrument-self-tests	Show the budget-raise gate refusing its own fixtures	2026-10-08T14:16:10.4716764Z   ok   e2e: a mandate read that fails otherwise exits 1
instrument-self-tests	Show the budget-raise gate refusing its own fixtures	2026-10-08T14:16:10.4717202Z   ok   e2e: a reviews read that exits non-zero exits 1, whatever it printed
instrument-self-tests	Show the budget-raise gate refusing its own fixtures	2026-10-08T14:16:10.4717606Z   ok   e2e: a cap edited to NaN exits 1
instrument-self-tests	Show the budget-raise gate refusing its own fixtures	2026-10-08T14:16:10.4717940Z   ok   e2e: an added budget file with no schema exits 1
instrument-self-tests	Show the budget-raise gate refusing its own fixtures	2026-10-08T14:16:10.4718283Z   ok   e2e: a deleted budget file exits 1
instrument-self-tests	Show the budget-raise gate refusing its own fixtures	2026-10-08T14:16:10.4718647Z   ok   e2e: a per-file cap dropped while the file stays exits 1
instrument-self-tests	Show the budget-raise gate refusing its own fixtures	2026-10-08T14:16:10.4719041Z   ok   e2e: --repo is the repository asked
instrument-self-tests	Show the budget-raise gate refusing its own fixtures	2026-10-08T14:16:10.4719372Z   ok   e2e: without --repo, GITHUB_REPOSITORY is
instrument-self-tests	Show the budget-raise gate refusing its own fixtures	2026-10-08T14:16:10.4719702Z   ok   e2e: no --pr exits 2 and asks nothing
instrument-self-tests	Show the budget-raise gate refusing its own fixtures	2026-10-08T14:16:10.4720041Z   ok   e2e: an unknown flag exits 2 and asks nothing
instrument-self-tests	Show the budget-raise gate refusing its own fixtures	2026-10-08T14:16:10.4720439Z   ok   e2e: a trailing flag with no value exits 2 and asks nothing
instrument-self-tests	Show the budget-raise gate refusing its own fixtures	2026-10-08T14:16:10.4720817Z   ok   e2e: an unresolvable base fails closed
instrument-self-tests	Show the budget-raise gate refusing its own fixtures	2026-10-08T14:16:10.4721257Z   ok   rerun: a passing review run re-runs the red pull_request run at its head
instrument-self-tests	Show the budget-raise gate refusing its own fixtures	2026-10-08T14:16:10.4721700Z   ok   rerun: two red twins at one head, both re-run
instrument-self-tests	Show the budget-raise gate refusing its own fixtures	2026-10-08T14:16:10.4722118Z   ok   rerun: an older red run beside a newer green one is still re-run
instrument-self-tests	Show the budget-raise gate refusing its own fixtures	2026-10-08T14:16:10.4722564Z   ok   rerun: ... and a newer red one beside an older green one
instrument-self-tests	Show the budget-raise gate refusing its own fixtures	2026-10-08T14:16:10.4722976Z   ok   rerun: twins both green re-run nothing (null control)
instrument-self-tests	Show the budget-raise gate refusing its own fixtures	2026-10-08T14:16:10.4723410Z   ok   rerun: a twin still going is waited for before either is re-run
instrument-self-tests	Show the budget-raise gate refusing its own fixtures	2026-10-08T14:16:10.4723872Z   ok   rerun: a failing review run re-runs nothing (the red stands)
instrument-self-tests	Show the budget-raise gate refusing its own fixtures	2026-10-08T14:16:10.4724424Z   ok   rerun: a pull_request trigger re-runs nothing (no loop on the re-run's own completion)
instrument-self-tests	Show the budget-raise gate refusing its own fixtures	2026-10-08T14:16:10.4724914Z   ok   rerun: another workflow's run is not the gate
instrument-self-tests	Show the budget-raise gate refusing its own fixtures	2026-10-08T14:16:10.4725519Z   ok   rerun: a red run at another head is left alone
instrument-self-tests	Show the budget-raise gate refusing its own fixtures	2026-10-08T14:16:10.4725898Z   ok   rerun: a red run of another workflow is left alone
instrument-self-tests	Show the budget-raise gate refusing its own fixtures	2026-10-08T14:16:10.4726252Z   ok   rerun: a cancelled run is left alone
instrument-self-tests	Show the budget-raise gate refusing its own fixtures	2026-10-08T14:16:10.4726581Z   ok   rerun: a run still going is waited for
instrument-self-tests	Show the budget-raise gate refusing its own fixtures	2026-10-08T14:16:10.4726951Z WAIT: run(s) [3] at hhhhhhhhhhhh still going
instrument-self-tests	Show the budget-raise gate refusing its own fixtures	2026-10-08T14:16:10.4727333Z RERUN: run(s) [3] at hhhhhhhhhhhh concluded red
instrument-self-tests	Show the budget-raise gate refusing its own fixtures	2026-10-08T14:16:10.4727654Z RESULT rerun_requested=3
instrument-self-tests	Show the budget-raise gate refusing its own fixtures	2026-10-08T14:16:10.4727988Z   ok   rerun: end to end, waits for the run and then re-runs it
instrument-self-tests	Show the budget-raise gate refusing its own fixtures	2026-10-08T14:16:10.4728388Z WAIT: run(s) [3] at hhhhhhhhhhhh still going
instrument-self-tests	Show the budget-raise gate refusing its own fixtures	2026-10-08T14:16:10.4728738Z WAIT: run(s) [3] at hhhhhhhhhhhh still going
instrument-self-tests	Show the budget-raise gate refusing its own fixtures	2026-10-08T14:16:10.4729079Z WAIT: run(s) [3] at hhhhhhhhhhhh still going
instrument-self-tests	Show the budget-raise gate refusing its own fixtures	2026-10-08T14:16:10.4729418Z WAIT: run(s) [3] at hhhhhhhhhhhh still going
instrument-self-tests	Show the budget-raise gate refusing its own fixtures	2026-10-08T14:16:10.4729866Z REFUSED: the pull_request run did not finish in time; re-run it by hand
instrument-self-tests	Show the budget-raise gate refusing its own fixtures	2026-10-08T14:16:10.4730360Z   ok   rerun: a run that never finishes is a red job, not a silent pass
instrument-self-tests	Show the budget-raise gate refusing its own fixtures	2026-10-08T14:16:10.4730806Z RERUN: run(s) [3, 4] at hhhhhhhhhhhh concluded red
instrument-self-tests	Show the budget-raise gate refusing its own fixtures	2026-10-08T14:16:10.4731264Z RESULT rerun_requested=3
instrument-self-tests	Show the budget-raise gate refusing its own fixtures	2026-10-08T14:16:10.4731506Z RESULT rerun_requested=4
instrument-self-tests	Show the budget-raise gate refusing its own fixtures	2026-10-08T14:16:10.4731807Z   ok   rerun: end to end, two red twins post two re-runs
instrument-self-tests	Show the budget-raise gate refusing its own fixtures	2026-10-08T14:16:10.4732193Z RERUN: run(s) [3] at hhhhhhhhhhhh concluded red
instrument-self-tests	Show the budget-raise gate refusing its own fixtures	2026-10-08T14:16:10.4732493Z REFUSED: HTTP 403
instrument-self-tests	Show the budget-raise gate refusing its own fixtures	2026-10-08T14:16:10.4732770Z   ok   rerun: a refused re-run request is a red job
instrument-self-tests	Show the budget-raise gate refusing its own fixtures	2026-10-08T14:16:10.4733227Z NONE: 1 pull_request run(s) at hhhhhhhhhhhh, none red; nothing is stale
instrument-self-tests	Show the budget-raise gate refusing its own fixtures	2026-10-08T14:16:10.4733659Z   ok   rerun: nothing stale posts nothing (null control)
instrument-self-tests	Show the budget-raise gate refusing its own fixtures	2026-10-08T14:16:10.4734051Z budget_raise_gate self-test: 206 checks, 0 failed
instrument-self-tests	Show the contract re-run deciding its own fixtures	﻿2026-10-08T14:16:10.4823091Z ##[group]Run set -o pipefail
instrument-self-tests	Show the contract re-run deciding its own fixtures	2026-10-08T14:16:10.4823414Z ^[[36;1mset -o pipefail^[[0m
instrument-self-tests	Show the contract re-run deciding its own fixtures	2026-10-08T14:16:10.4824240Z ^[[36;1mif test -f .claude/workflows/contract_rerun.py; then python3 .claude/workflows/contract_rerun.py --self-test; else python3 tools/pr/contract_rerun.py --self-test; fi| tee "$RUNNER_TEMP/crr-self-test.txt"^[[0m
instrument-self-tests	Show the contract re-run deciding its own fixtures	2026-10-08T14:16:10.4825624Z ^[[36;1mgrep -Eq '^contract_rerun self-test: [1-9][0-9]* checks, 0 failed$' "$RUNNER_TEMP/crr-self-test.txt"^[[0m
instrument-self-tests	Show the contract re-run deciding its own fixtures	2026-10-08T14:16:10.4887452Z shell: /usr/bin/bash -e {0}
instrument-self-tests	Show the contract re-run deciding its own fixtures	2026-10-08T14:16:10.4887700Z env:
instrument-self-tests	Show the contract re-run deciding its own fixtures	2026-10-08T14:16:10.4887893Z   HPO_JOB_GRADES: nothing
instrument-self-tests	Show the contract re-run deciding its own fixtures	2026-10-08T14:16:10.4888125Z ##[endgroup]
instrument-self-tests	Show the contract re-run deciding its own fixtures	2026-10-08T14:16:10.5230127Z   ok   a red that finished after the contract started re-runs the contract
instrument-self-tests	Show the contract re-run deciding its own fixtures	2026-10-08T14:16:10.5231430Z   ok   a contract that started after the red finished is left alone (null control)
instrument-self-tests	Show the contract re-run deciding its own fixtures	2026-10-08T14:16:10.5232270Z   ok   only the newest contract run counts
instrument-self-tests	Show the contract re-run deciding its own fixtures	2026-10-08T14:16:10.5232894Z   ok   ... and it is the one re-run when it is stale
instrument-self-tests	Show the contract re-run deciding its own fixtures	2026-10-08T14:16:10.5233570Z   ok   a green run is no new red
instrument-self-tests	Show the contract re-run deciding its own fixtures	2026-10-08T14:16:10.5234262Z   ok   a timed-out run re-runs the contract (the mutation lane's limit)
instrument-self-tests	Show the contract re-run deciding its own fixtures	2026-10-08T14:16:10.5235296Z   ok   a cancelled run at a superseded head is no new red
instrument-self-tests	Show the contract re-run deciding its own fixtures	2026-10-08T14:16:10.5236017Z   ok   a cancelled run with no pull request named is no new red
instrument-self-tests	Show the contract re-run deciding its own fixtures	2026-10-08T14:16:10.5236790Z   ok   a cancelled run still at the pull request's head re-runs the contract
instrument-self-tests	Show the contract re-run deciding its own fixtures	2026-10-08T14:16:10.5237551Z   ok   a skipped run is no new red
instrument-self-tests	Show the contract re-run deciding its own fixtures	2026-10-08T14:16:10.5238170Z   ok   the contract's own completion re-runs nothing (no loop)
instrument-self-tests	Show the contract re-run deciding its own fixtures	2026-10-08T14:16:10.5238897Z   ok   a contract run at another head is left alone
instrument-self-tests	Show the contract re-run deciding its own fixtures	2026-10-08T14:16:10.5239549Z   ok   another workflow's run is not the contract
instrument-self-tests	Show the contract re-run deciding its own fixtures	2026-10-08T14:16:10.5240325Z   ok   a push run at the head is not the contract the pull request shows
instrument-self-tests	Show the contract re-run deciding its own fixtures	2026-10-08T14:16:10.5241078Z   ok   a contract still running is waited for
instrument-self-tests	Show the contract re-run deciding its own fixtures	2026-10-08T14:16:10.5241665Z   ok   a missing start time is read as stale
instrument-self-tests	Show the contract re-run deciding its own fixtures	2026-10-08T14:16:10.5242245Z   ok   a missing finish time is read as stale
instrument-self-tests	Show the contract re-run deciding its own fixtures	2026-10-08T14:16:10.5242880Z   ok   a red from any other watched workflow counts
instrument-self-tests	Show the contract re-run deciding its own fixtures	2026-10-08T14:16:10.5243597Z WAIT: contract run 3 at hhhhhhhhhhhh is in_progress
instrument-self-tests	Show the contract re-run deciding its own fixtures	2026-10-08T14:16:10.5244614Z RERUN: contract run 3 started 2026-09-26T10:01:00Z, before the red run 9 finished 2026-09-26T10:20:00Z
instrument-self-tests	Show the contract re-run deciding its own fixtures	2026-10-08T14:16:10.5245691Z RESULT rerun_requested=3
instrument-self-tests	Show the contract re-run deciding its own fixtures	2026-10-08T14:16:10.5246260Z   ok   end to end: waits for the contract, then re-runs it
instrument-self-tests	Show the contract re-run deciding its own fixtures	2026-10-08T14:16:10.5246999Z   ok   end to end: lists the contract's runs at the red run's head
instrument-self-tests	Show the contract re-run deciding its own fixtures	2026-10-08T14:16:10.5247820Z WAIT: contract run 3 at hhhhhhhhhhhh is in_progress
instrument-self-tests	Show the contract re-run deciding its own fixtures	2026-10-08T14:16:10.5248566Z WAIT: contract run 3 at hhhhhhhhhhhh is in_progress
instrument-self-tests	Show the contract re-run deciding its own fixtures	2026-10-08T14:16:10.5249308Z WAIT: contract run 3 at hhhhhhhhhhhh is in_progress
instrument-self-tests	Show the contract re-run deciding its own fixtures	2026-10-08T14:16:10.5250031Z WAIT: contract run 3 at hhhhhhhhhhhh is in_progress
instrument-self-tests	Show the contract re-run deciding its own fixtures	2026-10-08T14:16:10.5250854Z REFUSED: the contract run did not finish in time; re-run it by hand
instrument-self-tests	Show the contract re-run deciding its own fixtures	2026-10-08T14:16:10.5251797Z   ok   end to end: a contract that never finishes is a red job, not a silent pass
instrument-self-tests	Show the contract re-run deciding its own fixtures	2026-10-08T14:16:10.5253056Z RERUN: contract run 3 started 2026-09-26T10:01:00Z, before the red run 9 finished 2026-09-26T10:20:00Z
instrument-self-tests	Show the contract re-run deciding its own fixtures	2026-10-08T14:16:10.5253925Z REFUSED: HTTP 403
instrument-self-tests	Show the contract re-run deciding its own fixtures	2026-10-08T14:16:10.5254724Z   ok   end to end: a refused re-run request is a red job
instrument-self-tests	Show the contract re-run deciding its own fixtures	2026-10-08T14:16:10.5256044Z NONE: contract run 3 started 2026-09-26T10:21:00Z, after the red finished 2026-09-26T10:20:00Z; it listed it
instrument-self-tests	Show the contract re-run deciding its own fixtures	2026-10-08T14:16:10.5257078Z   ok   end to end: nothing stale posts nothing (null control)
instrument-self-tests	Show the contract re-run deciding its own fixtures	2026-10-08T14:16:10.5257719Z REFUSED: HTTP 502
instrument-self-tests	Show the contract re-run deciding its own fixtures	2026-10-08T14:16:10.5258209Z   ok   end to end: an unreadable run fails closed
instrument-self-tests	Show the contract re-run deciding its own fixtures	2026-10-08T14:16:10.5258874Z contract_rerun self-test: 24 checks, 0 failed
instrument-self-tests	Show the merge fast path refusing its own fixtures	﻿2026-10-08T14:16:10.5343916Z ##[group]Run set -o pipefail
instrument-self-tests	Show the merge fast path refusing its own fixtures	2026-10-08T14:16:10.5344452Z ^[[36;1mset -o pipefail^[[0m
instrument-self-tests	Show the merge fast path refusing its own fixtures	2026-10-08T14:16:10.5345524Z ^[[36;1mpython3 tools/audit/merge_fastpath.py --self-test | tee "$RUNNER_TEMP/mfp-self-test.txt"^[[0m
instrument-self-tests	Show the merge fast path refusing its own fixtures	2026-10-08T14:16:10.5346783Z ^[[36;1mgrep -Eq '^merge_fastpath self-test: [1-9][0-9]* checks, 0 failed$' "$RUNNER_TEMP/mfp-self-test.txt"^[[0m
instrument-self-tests	Show the merge fast path refusing its own fixtures	2026-10-08T14:16:10.5418256Z shell: /usr/bin/bash -e {0}
instrument-self-tests	Show the merge fast path refusing its own fixtures	2026-10-08T14:16:10.5418520Z env:
instrument-self-tests	Show the merge fast path refusing its own fixtures	2026-10-08T14:16:10.5418719Z   HPO_JOB_GRADES: nothing
instrument-self-tests	Show the merge fast path refusing its own fixtures	2026-10-08T14:16:10.5418970Z ##[endgroup]
instrument-self-tests	Show the merge fast path refusing its own fixtures	2026-10-08T14:16:10.6360549Z /home/runner/work/heatpump_optimizer/heatpump_optimizer/dev/audit/rounds/round6/D11/fix/codeowners_gap.py:857: SyntaxWarning: invalid escape sequence '\;'
instrument-self-tests	Show the merge fast path refusing its own fixtures	2026-10-08T14:16:10.6362145Z   ("find -exec", _run("find tools -name '*.sh' -exec {} \;")),
instrument-self-tests	Show the merge fast path refusing its own fixtures	2026-10-08T14:16:10.6441265Z   ok   disjoint closures are eligible (null control)
instrument-self-tests	Show the merge fast path refusing its own fixtures	2026-10-08T14:16:10.6442345Z   ok   main changed a file the selected script reads
instrument-self-tests	Show the merge fast path refusing its own fixtures	2026-10-08T14:16:10.6443532Z   ok   ... and the mirror: the pull request's file is in the closure main changed
instrument-self-tests	Show the merge fast path refusing its own fixtures	2026-10-08T14:16:10.6444946Z   ok   an overlap only the head's table records still refuses
instrument-self-tests	Show the merge fast path refusing its own fixtures	2026-10-08T14:16:10.6446230Z   ok   a merge-tree conflict refuses
instrument-self-tests	Show the merge fast path refusing its own fixtures	2026-10-08T14:16:10.6447043Z   ok   a workflow change on main refuses
instrument-self-tests	Show the merge fast path refusing its own fixtures	2026-10-08T14:16:10.6447741Z   ok   a claim-file change on the pull request refuses
instrument-self-tests	Show the merge fast path refusing its own fixtures	2026-10-08T14:16:10.6448516Z   ok   a pinned grader changed on main refuses
instrument-self-tests	Show the merge fast path refusing its own fixtures	2026-10-08T14:16:10.6449311Z   ok   an unmeasured budget file on either side refuses
instrument-self-tests	Show the merge fast path refusing its own fixtures	2026-10-08T14:16:10.6450352Z   ok   a measured one is the overlap's to judge, not a refusal of its own (null control)
instrument-self-tests	Show the merge fast path refusing its own fixtures	2026-10-08T14:16:10.6451764Z   ok   file_class with nothing measured calls every budget file a budget (merge_train.py's batch routing)
instrument-self-tests	Show the merge fast path refusing its own fixtures	2026-10-08T14:16:10.6452866Z   ok   ... and a measured one is no class of its own (null control)
instrument-self-tests	Show the merge fast path refusing its own fixtures	2026-10-08T14:16:10.6453401Z   ok   a gate file in the pull request is FULL and refuses
instrument-self-tests	Show the merge fast path refusing its own fixtures	2026-10-08T14:16:10.6453914Z   ok   an unmeasured file in the pull request is FULL and refuses
instrument-self-tests	Show the merge fast path refusing its own fixtures	2026-10-08T14:16:10.6454694Z   ok   an INERT-only pull request selects nothing and is eligible against code when no script runs always (null control)
instrument-self-tests	Show the merge fast path refusing its own fixtures	2026-10-08T14:16:10.6456368Z   ok   #1823's probe: the pull request links a file from SECURITY.md and main deletes it, and a run_always script reads both unrecorded
instrument-self-tests	Show the merge fast path refusing its own fixtures	2026-10-08T14:16:10.6457678Z   ok   ... the same pair with no run_always script is eligible (null control)
instrument-self-tests	Show the merge fast path refusing its own fixtures	2026-10-08T14:16:10.6458549Z   ok   an unrecorded file on main's side alone refuses too
instrument-self-tests	Show the merge fast path refusing its own fixtures	2026-10-08T14:16:10.6459760Z   ok   R9-F10.9d: a docs/delivery row main adds, which no run_always script opened, is eligible once the table records the INERT reads
instrument-self-tests	Show the merge fast path refusing its own fixtures	2026-10-08T14:16:10.6460653Z   ok   ... and the pull request's own delivery row beside a code change main made
instrument-self-tests	Show the merge fast path refusing its own fixtures	2026-10-08T14:16:10.6461223Z   ok   a doc a run_always script opened still refuses (null control for the pair above)
instrument-self-tests	Show the merge fast path refusing its own fixtures	2026-10-08T14:16:10.6461670Z   ok   ... on the pull request's side too
instrument-self-tests	Show the merge fast path refusing its own fixtures	2026-10-08T14:16:10.6462119Z   ok   a new page beside the docs a script opened refuses: it may glob the folder
instrument-self-tests	Show the merge fast path refusing its own fixtures	2026-10-08T14:16:10.6462596Z   ok   an unmeasured file that is not INERT refuses even then
instrument-self-tests	Show the merge fast path refusing its own fixtures	2026-10-08T14:16:10.6463060Z   ok   a table in which one side never measured the reads keeps the old answer
instrument-self-tests	Show the merge fast path refusing its own fixtures	2026-10-08T14:16:10.6463607Z   ok   this tree's table records harness_headers.py's INERT reads, LICENSE among them
instrument-self-tests	Show the merge fast path refusing its own fixtures	2026-10-08T14:16:10.6464237Z   ok   main changed what a run_always script reads, which the pull request never selected: overlap
instrument-self-tests	Show the merge fast path refusing its own fixtures	2026-10-08T14:16:10.6465434Z   ok   ... and with that script not run_always, the same pair is eligible (null control)
instrument-self-tests	Show the merge fast path refusing its own fixtures	2026-10-08T14:16:10.6465924Z   ok   the run_always scripts are read from tests/run.sh
instrument-self-tests	Show the merge fast path refusing its own fixtures	2026-10-08T14:16:10.6466326Z   ok   this tree's run.sh runs harness_headers.py always
instrument-self-tests	Show the merge fast path refusing its own fixtures	2026-10-08T14:16:10.6466689Z   ok   no determinable pull-request file refuses
instrument-self-tests	Show the merge fast path refusing its own fixtures	2026-10-08T14:16:10.6467164Z   ok   main unmoved since the CI base: even a gate change is eligible (null control)
instrument-self-tests	Show the merge fast path refusing its own fixtures	2026-10-08T14:16:10.6467815Z   ok   ... but never past a conflict
instrument-self-tests	Show the merge fast path refusing its own fixtures	2026-10-08T14:16:10.6468195Z   ok   the grader specs are the restore pathspecs the workflows name
instrument-self-tests	Show the merge fast path refusing its own fixtures	2026-10-08T14:16:10.6468620Z   ok   this tree's workflows pin the governance programs
instrument-self-tests	Show the merge fast path refusing its own fixtures	2026-10-08T14:16:10.6469028Z merge_fastpath self-test: 35 checks, 0 failed
instrument-self-tests	Refuse a temp or machine path in a tracked script or decision	﻿2026-10-08T14:16:10.6588051Z ##[group]Run set -euo pipefail
instrument-self-tests	Refuse a temp or machine path in a tracked script or decision	2026-10-08T14:16:10.6588394Z ^[[36;1mset -euo pipefail^[[0m
instrument-self-tests	Refuse a temp or machine path in a tracked script or decision	2026-10-08T14:16:10.6588731Z ^[[36;1mpython3 -I tools/audit/seat/tmp_paths.py --self-test^[[0m
instrument-self-tests	Refuse a temp or machine path in a tracked script or decision	2026-10-08T14:16:10.6589130Z ^[[36;1mpython3 -I tools/audit/seat/tmp_paths.py --check^[[0m
instrument-self-tests	Refuse a temp or machine path in a tracked script or decision	2026-10-08T14:16:10.6651999Z shell: /usr/bin/bash -e {0}
instrument-self-tests	Refuse a temp or machine path in a tracked script or decision	2026-10-08T14:16:10.6652250Z env:
instrument-self-tests	Refuse a temp or machine path in a tracked script or decision	2026-10-08T14:16:10.6652441Z   HPO_JOB_GRADES: nothing
instrument-self-tests	Refuse a temp or machine path in a tracked script or decision	2026-10-08T14:16:10.6652675Z ##[endgroup]
instrument-self-tests	Refuse a temp or machine path in a tracked script or decision	2026-10-08T14:16:10.7063180Z   ok   a state dir under /private/tmp is refused
instrument-self-tests	Refuse a temp or machine path in a tracked script or decision	2026-10-08T14:16:10.7063963Z   ok   a fixed /tmp state name is refused
instrument-self-tests	Refuse a temp or machine path in a tracked script or decision	2026-10-08T14:16:10.7064473Z   ok   a home path is refused
instrument-self-tests	Refuse a temp or machine path in a tracked script or decision	2026-10-08T14:16:10.7064956Z   ok   an instrument run from ~ is refused
instrument-self-tests	Refuse a temp or machine path in a tracked script or decision	2026-10-08T14:16:10.7065783Z   ok   an instrument run from $HOME is refused
instrument-self-tests	Refuse a temp or machine path in a tracked script or decision	2026-10-08T14:16:10.7066381Z   ok   a decision record citing /private/tmp is refused
instrument-self-tests	Refuse a temp or machine path in a tracked script or decision	2026-10-08T14:16:10.7067127Z   ok   a decision record at its lifted home citing /private/tmp is refused
instrument-self-tests	Refuse a temp or machine path in a tracked script or decision	2026-10-08T14:16:10.7068018Z   ok   a workflow invoking a ~/ instrument is refused
instrument-self-tests	Refuse a temp or machine path in a tracked script or decision	2026-10-08T14:16:10.7068648Z   ok   a repo-relative path passes (null control)
instrument-self-tests	Refuse a temp or machine path in a tracked script or decision	2026-10-08T14:16:10.7069217Z   ok   a $TMPDIR default passes
instrument-self-tests	Refuse a temp or machine path in a tracked script or decision	2026-10-08T14:16:10.7069709Z   ok   a per-process temp name passes
instrument-self-tests	Refuse a temp or machine path in a tracked script or decision	2026-10-08T14:16:10.7070232Z   ok   a runner's /tmp in a workflow passes
instrument-self-tests	Refuse a temp or machine path in a tracked script or decision	2026-10-08T14:16:10.7070732Z   ok   the gate lease passes
instrument-self-tests	Refuse a temp or machine path in a tracked script or decision	2026-10-08T14:16:10.7071288Z   ok   the lease does not excuse another /tmp name on its line
instrument-self-tests	Refuse a temp or machine path in a tracked script or decision	2026-10-08T14:16:10.7071841Z   ok   the state root passes
instrument-self-tests	Refuse a temp or machine path in a tracked script or decision	2026-10-08T14:16:10.7072286Z   ok   the cloud checkout root passes
instrument-self-tests	Refuse a temp or machine path in a tracked script or decision	2026-10-08T14:16:10.7072783Z   ok   round evidence is out of scope
instrument-self-tests	Refuse a temp or machine path in a tracked script or decision	2026-10-08T14:16:10.7073483Z   ok   a harness under dev/audit/harnesses is scanned and a wave record is not
instrument-self-tests	Refuse a temp or machine path in a tracked script or decision	2026-10-08T14:16:10.7074259Z   ok   an allow entry excuses only its own file
instrument-self-tests	Refuse a temp or machine path in a tracked script or decision	2026-10-08T14:16:10.7074889Z   ok   an allow entry that matches nothing is reported stale
instrument-self-tests	Refuse a temp or machine path in a tracked script or decision	2026-10-08T14:16:10.7075819Z   ok   refused: an env default to /tmp with a fixed name
instrument-self-tests	Refuse a temp or machine path in a tracked script or decision	2026-10-08T14:16:10.7076381Z   ok   refused: $TMPDIR with a fixed name
instrument-self-tests	Refuse a temp or machine path in a tracked script or decision	2026-10-08T14:16:10.7076906Z   ok   refused: a variable holding /private/tmp
instrument-self-tests	Refuse a temp or machine path in a tracked script or decision	2026-10-08T14:16:10.7077492Z   ok   refused: os.path.join over /tmp
instrument-self-tests	Refuse a temp or machine path in a tracked script or decision	2026-10-08T14:16:10.7078085Z   ok   refused: tempfile.gettempdir() plus a fixed name
instrument-self-tests	Refuse a temp or machine path in a tracked script or decision	2026-10-08T14:16:10.7078745Z   ok   refused: os.path.join over gettempdir()
instrument-self-tests	Refuse a temp or machine path in a tracked script or decision	2026-10-08T14:16:10.7079306Z   ok   refused: a concatenation
instrument-self-tests	Refuse a temp or machine path in a tracked script or decision	2026-10-08T14:16:10.7079796Z   ok   refused: $$ elsewhere on the line
instrument-self-tests	Refuse a temp or machine path in a tracked script or decision	2026-10-08T14:16:10.7080300Z   ok   refused: $$ in a comment
instrument-self-tests	Refuse a temp or machine path in a tracked script or decision	2026-10-08T14:16:10.7080873Z   ok   refused: the lease name with a suffix concatenated
instrument-self-tests	Refuse a temp or machine path in a tracked script or decision	2026-10-08T14:16:10.7081554Z   ok   refused: /home/user outside the cloud checkout
instrument-self-tests	Refuse a temp or machine path in a tracked script or decision	2026-10-08T14:16:10.7082187Z   ok   refused: pathlib's / over Path("/tmp")
instrument-self-tests	Refuse a temp or machine path in a tracked script or decision	2026-10-08T14:16:10.7082757Z   ok   refused: an f-string under /tmp
instrument-self-tests	Refuse a temp or machine path in a tracked script or decision	2026-10-08T14:16:10.7083334Z   ok   refused: os.environ["TMPDIR"] plus a fixed name
instrument-self-tests	Refuse a temp or machine path in a tracked script or decision	2026-10-08T14:16:10.7083971Z   ok   refused: pathlib's / over gettempdir()
instrument-self-tests	Refuse a temp or machine path in a tracked script or decision	2026-10-08T14:16:10.7084585Z   ok   refused: a hook command in settings.json
instrument-self-tests	Refuse a temp or machine path in a tracked script or decision	2026-10-08T14:16:10.7085858Z   ok   an env default with a per-process name passes
instrument-self-tests	Refuse a temp or machine path in a tracked script or decision	2026-10-08T14:16:10.7086405Z   ok   a bare $TMPDIR handed to mktemp passes
instrument-self-tests	Refuse a temp or machine path in a tracked script or decision	2026-10-08T14:16:10.7086972Z   ok   a list of temp roots passes
instrument-self-tests	Refuse a temp or machine path in a tracked script or decision	2026-10-08T14:16:10.7087433Z   ok   prose naming /tmp passes
instrument-self-tests	Refuse a temp or machine path in a tracked script or decision	2026-10-08T14:16:10.7087975Z   ok   a TMPDIR fallback to the bare root passes
instrument-self-tests	Refuse a temp or machine path in a tracked script or decision	2026-10-08T14:16:10.7088637Z   ok   refused: a fixed name after a `?? '/tmp'` fallback
instrument-self-tests	Refuse a temp or machine path in a tracked script or decision	2026-10-08T14:16:10.7089225Z   ok   the cloud worktree root passes
instrument-self-tests	Refuse a temp or machine path in a tracked script or decision	2026-10-08T14:16:10.7089821Z   ok   a ledger reason citing a seat scratch driver is refused
instrument-self-tests	Refuse a temp or machine path in a tracked script or decision	2026-10-08T14:16:10.7090557Z   ok   a ledger reason citing a /private/tmp probe is refused
instrument-self-tests	Refuse a temp or machine path in a tracked script or decision	2026-10-08T14:16:10.7091281Z   ok   a ledger reason citing a fixed /tmp name is refused
instrument-self-tests	Refuse a temp or machine path in a tracked script or decision	2026-10-08T14:16:10.7092019Z   ok   a ledger reason citing a seat dir without a root is refused
instrument-self-tests	Refuse a temp or machine path in a tracked script or decision	2026-10-08T14:16:10.7093135Z   ok   a ledger reason citing a tracked path passes (null control)
instrument-self-tests	Refuse a temp or machine path in a tracked script or decision	2026-10-08T14:16:10.7093984Z   ok   a ledger line main already carries is not charged to the diff (stock)
instrument-self-tests	Refuse a temp or machine path in a tracked script or decision	2026-10-08T14:16:10.7094954Z   ok   the same line under another ledger file is still stock (a re-key moves it)
instrument-self-tests	Refuse a temp or machine path in a tracked script or decision	2026-10-08T14:16:10.7096021Z tmp_paths self-test: 50 checks, 0 failed
instrument-self-tests	Refuse a temp or machine path in a tracked script or decision	2026-10-08T14:16:10.8176185Z tmp_paths: 0 refused, 0 stale allow entries at HEAD, ledger lines added since 0b89f781f340
instrument-self-tests	Refuse a throwaway git repository built without the shared helper	﻿2026-10-08T14:16:10.8283939Z ##[group]Run set -euo pipefail
instrument-self-tests	Refuse a throwaway git repository built without the shared helper	2026-10-08T14:16:10.8284513Z ^[[36;1mset -euo pipefail^[[0m
instrument-self-tests	Refuse a throwaway git repository built without the shared helper	2026-10-08T14:16:10.8285321Z ^[[36;1mpython3 -I tests/throwaway_git.py --self-test^[[0m
instrument-self-tests	Refuse a throwaway git repository built without the shared helper	2026-10-08T14:16:10.8285994Z ^[[36;1mpython3 -I tests/throwaway_git.py --check^[[0m
instrument-self-tests	Refuse a throwaway git repository built without the shared helper	2026-10-08T14:16:10.8356793Z shell: /usr/bin/bash -e {0}
instrument-self-tests	Refuse a throwaway git repository built without the shared helper	2026-10-08T14:16:10.8357065Z env:
instrument-self-tests	Refuse a throwaway git repository built without the shared helper	2026-10-08T14:16:10.8357260Z   HPO_JOB_GRADES: nothing
instrument-self-tests	Refuse a throwaway git repository built without the shared helper	2026-10-08T14:16:10.8357491Z ##[endgroup]
instrument-self-tests	Refuse a throwaway git repository built without the shared helper	2026-10-08T14:16:10.9378733Z   ok   refused: a subprocess git init
instrument-self-tests	Refuse a throwaway git repository built without the shared helper	2026-10-08T14:16:10.9379327Z   ok   refused: a runner that never spells git
instrument-self-tests	Refuse a throwaway git repository built without the shared helper	2026-10-08T14:16:10.9379723Z   ok   refused: a runner over a command list
instrument-self-tests	Refuse a throwaway git repository built without the shared helper	2026-10-08T14:16:10.9380087Z   ok   refused: a bare init
instrument-self-tests	Refuse a throwaway git repository built without the shared helper	2026-10-08T14:16:10.9380346Z   ok   refused: a shell init
instrument-self-tests	Refuse a throwaway git repository built without the shared helper	2026-10-08T14:16:10.9380650Z   ok   refused: a shell init through -C
instrument-self-tests	Refuse a throwaway git repository built without the shared helper	2026-10-08T14:16:10.9380992Z   ok   refused: a git binary in a variable
instrument-self-tests	Refuse a throwaway git repository built without the shared helper	2026-10-08T14:16:10.9381353Z   ok   refused: an init in a dev/audit harness
instrument-self-tests	Refuse a throwaway git repository built without the shared helper	2026-10-08T14:16:10.9381700Z   ok   refused: a subprocess clone
instrument-self-tests	Refuse a throwaway git repository built without the shared helper	2026-10-08T14:16:10.9382126Z   ok   refused: a runner clone that never spells git
instrument-self-tests	Refuse a throwaway git repository built without the shared helper	2026-10-08T14:16:10.9394001Z   ok   refused: a shell clone
instrument-self-tests	Refuse a throwaway git repository built without the shared helper	2026-10-08T14:16:10.9394570Z   ok   refused: a JS clone
instrument-self-tests	Refuse a throwaway git repository built without the shared helper	2026-10-08T14:16:10.9395386Z   ok   refused: a positional list clone (the #2054 review's K2)
instrument-self-tests	Refuse a throwaway git repository built without the shared helper	2026-10-08T14:16:10.9395832Z   ok   refused: a list clone with --depth
instrument-self-tests	Refuse a throwaway git repository built without the shared helper	2026-10-08T14:16:10.9396169Z   ok   refused: execFileSync clone
instrument-self-tests	Refuse a throwaway git repository built without the shared helper	2026-10-08T14:16:10.9396523Z   ok   refused: a shell clone through a git variable
instrument-self-tests	Refuse a throwaway git repository built without the shared helper	2026-10-08T14:16:10.9396906Z   ok   refused: a shell clone after a global option
instrument-self-tests	Refuse a throwaway git repository built without the shared helper	2026-10-08T14:16:10.9397283Z   ok   refused: a list clone after -c options
instrument-self-tests	Refuse a throwaway git repository built without the shared helper	2026-10-08T14:16:10.9397630Z   ok   refused: a shell clone after -C and -c
instrument-self-tests	Refuse a throwaway git repository built without the shared helper	2026-10-08T14:16:10.9397943Z   ok   passes: the helper call
instrument-self-tests	Refuse a throwaway git repository built without the shared helper	2026-10-08T14:16:10.9398221Z   ok   passes: the shell helper call
instrument-self-tests	Refuse a throwaway git repository built without the shared helper	2026-10-08T14:16:10.9398530Z   ok   passes: a comment naming git init
instrument-self-tests	Refuse a throwaway git repository built without the shared helper	2026-10-08T14:16:10.9398850Z   ok   passes: a config-flow step named init
instrument-self-tests	Refuse a throwaway git repository built without the shared helper	2026-10-08T14:16:10.9399151Z   ok   passes: a dunder init
instrument-self-tests	Refuse a throwaway git repository built without the shared helper	2026-10-08T14:16:10.9399421Z   ok   passes: the clone helper call
instrument-self-tests	Refuse a throwaway git repository built without the shared helper	2026-10-08T14:16:10.9399711Z   ok   passes: prose about a clone
instrument-self-tests	Refuse a throwaway git repository built without the shared helper	2026-10-08T14:16:10.9400004Z   ok   passes: a directory named clone
instrument-self-tests	Refuse a throwaway git repository built without the shared helper	2026-10-08T14:16:10.9400342Z   ok   passes: a clone carrying the local layer inline
instrument-self-tests	Refuse a throwaway git repository built without the shared helper	2026-10-08T14:16:10.9400659Z   ok   passes: round evidence
instrument-self-tests	Refuse a throwaway git repository built without the shared helper	2026-10-08T14:16:10.9400909Z   ok   passes: the archive
instrument-self-tests	Refuse a throwaway git repository built without the shared helper	2026-10-08T14:16:10.9401202Z   ok   an allow entry excuses only its own file
instrument-self-tests	Refuse a throwaway git repository built without the shared helper	2026-10-08T14:16:10.9401586Z   ok   an allow entry that matches nothing is reported stale
instrument-self-tests	Refuse a throwaway git repository built without the shared helper	2026-10-08T14:16:10.9402357Z   ok   the env drops every repository-local variable and every inherited config pair
instrument-self-tests	Refuse a throwaway git repository built without the shared helper	2026-10-08T14:16:10.9402810Z   ok   the env keeps what is not git's
instrument-self-tests	Refuse a throwaway git repository built without the shared helper	2026-10-08T14:16:10.9403082Z   ok   init returns the env
instrument-self-tests	Refuse a throwaway git repository built without the shared helper	2026-10-08T14:16:10.9403441Z   ok   git reads auto-maintenance off, and gc.auto 0, through the env
instrument-self-tests	Refuse a throwaway git repository built without the shared helper	2026-10-08T14:16:10.9403960Z   ok   a caller WITHOUT the env still reads both off: the repository's own config
instrument-self-tests	Refuse a throwaway git repository built without the shared helper	2026-10-08T14:16:10.9404646Z   ok   null control: an inherited -c maintenance.auto=true outranks both layers, which is why the env drops it
instrument-self-tests	Refuse a throwaway git repository built without the shared helper	2026-10-08T14:16:10.9405574Z   ok   the env survives the same hostile parameters, once rebuilt from them
instrument-self-tests	Refuse a throwaway git repository built without the shared helper	2026-10-08T14:16:10.9406084Z   ok   a clone writes both keys into its own config, and returns the env
instrument-self-tests	Refuse a throwaway git repository built without the shared helper	2026-10-08T14:16:10.9406988Z   ok   throwaway_git_environ: a call passing no env= reads auto-maintenance off under an inherited -c maintenance.auto=true, and os.environ is restored after the block
instrument-self-tests	Refuse a throwaway git repository built without the shared helper	2026-10-08T14:16:10.9407834Z   ok   the shell twin's throwaway_git_env sets exactly the same GIT_ variables
instrument-self-tests	Refuse a throwaway git repository built without the shared helper	2026-10-08T14:16:10.9408382Z   ok   the shell twin's init writes both keys and leaves the caller's shell untouched
instrument-self-tests	Refuse a throwaway git repository built without the shared helper	2026-10-08T14:16:10.9408950Z   ok   the shell twin's clone writes both keys and leaves the caller's shell untouched
instrument-self-tests	Refuse a throwaway git repository built without the shared helper	2026-10-08T14:16:10.9409449Z throwaway_git self-test: 44 checks, 0 failed
instrument-self-tests	Refuse a throwaway git repository built without the shared helper	2026-10-08T14:16:11.0862514Z throwaway_git: 0 raw git init or clone site(s) refused, 0 stale allow entries at HEAD
instrument-self-tests	Show the merge train refusing its own fixtures	﻿2026-10-08T14:16:11.0953018Z ##[group]Run set -o pipefail
instrument-self-tests	Show the merge train refusing its own fixtures	2026-10-08T14:16:11.0953370Z ^[[36;1mset -o pipefail^[[0m
instrument-self-tests	Show the merge train refusing its own fixtures	2026-10-08T14:16:11.0953835Z ^[[36;1mpython3 tools/audit/seat/merge_train.py --self-test | tee "$RUNNER_TEMP/mt-self-test.txt"^[[0m
instrument-self-tests	Show the merge train refusing its own fixtures	2026-10-08T14:16:11.0954514Z ^[[36;1mgrep -Eq '^merge_train self-test: [1-9][0-9]* checks, 0 failed$' "$RUNNER_TEMP/mt-self-test.txt"^[[0m
instrument-self-tests	Show the merge train refusing its own fixtures	2026-10-08T14:16:11.1018421Z shell: /usr/bin/bash -e {0}
instrument-self-tests	Show the merge train refusing its own fixtures	2026-10-08T14:16:11.1018686Z env:
instrument-self-tests	Show the merge train refusing its own fixtures	2026-10-08T14:16:11.1018882Z   HPO_JOB_GRADES: nothing
instrument-self-tests	Show the merge train refusing its own fixtures	2026-10-08T14:16:11.1019129Z ##[endgroup]
instrument-self-tests	Show the merge train refusing its own fixtures	2026-10-08T14:16:15.9002842Z   ok   a green, carried, non-policy pull request merges (null control)
instrument-self-tests	Show the merge train refusing its own fixtures	2026-10-08T14:16:15.9003986Z   ok   a pull request with no dev/programme/delivery/<N>.md row is refused
instrument-self-tests	Show the merge train refusing its own fixtures	2026-10-08T14:16:15.9004814Z   ok   nightly-status red is ignored by default
instrument-self-tests	Show the merge train refusing its own fixtures	2026-10-08T14:16:15.9005814Z   ok   a red required check stops the train before any approval
instrument-self-tests	Show the merge train refusing its own fixtures	2026-10-08T14:16:15.9006518Z   ok   a re-run that went green supersedes the earlier red
instrument-self-tests	Show the merge train refusing its own fixtures	2026-10-08T14:16:15.9007063Z   ok   CI that never completes stops it as TIMEOUT
instrument-self-tests	Show the merge train refusing its own fixtures	2026-10-08T14:16:15.9007491Z   ok   a verdict that does not carry stops it
instrument-self-tests	Show the merge train refusing its own fixtures	2026-10-08T14:16:15.9007856Z   ok   main moving during CI stops it
instrument-self-tests	Show the merge train refusing its own fixtures	2026-10-08T14:16:15.9008294Z   ok   a policy pull request is never approved, even under a mandate
instrument-self-tests	Show the merge train refusing its own fixtures	2026-10-08T14:16:15.9008780Z   ok   a head that moves before the approval stops it
instrument-self-tests	Show the merge train refusing its own fixtures	2026-10-08T14:16:15.9009235Z   ok   a policy filter that fails its sentinel probe stops it
instrument-self-tests	Show the merge train refusing its own fixtures	2026-10-08T14:16:15.9009676Z   ok   code-owned without --mandate stops it
instrument-self-tests	Show the merge train refusing its own fixtures	2026-10-08T14:16:15.9010086Z   ok   code-owned with --mandate approves and merges
instrument-self-tests	Show the merge train refusing its own fixtures	2026-10-08T14:16:15.9010626Z   ok   the mandate body names the label, role, paths, verdict comment and head
instrument-self-tests	Show the merge train refusing its own fixtures	2026-10-08T14:16:15.9011194Z   ok   code-owned with a budget file is not mandate-approved
instrument-self-tests	Show the merge train refusing its own fixtures	2026-10-08T14:16:15.9011690Z   ok   a missing-evidence refusal is not overridden by a mandate
instrument-self-tests	Show the merge train refusing its own fixtures	2026-10-08T14:16:15.9012141Z   ok   a recarry conflict stops it, named as one
instrument-self-tests	Show the merge train refusing its own fixtures	2026-10-08T14:16:15.9012542Z   ok   a recarry that pushed nothing stops it
instrument-self-tests	Show the merge train refusing its own fixtures	2026-10-08T14:16:15.9012995Z   ok   a head behind main is recarried, then merged at the new head
instrument-self-tests	Show the merge train refusing its own fixtures	2026-10-08T14:16:15.9013805Z   ok   an absorbed-branch recarry lands in a real fixture repo: the worktree is the branch, the tip gate passes, the merge runs
instrument-self-tests	Show the merge train refusing its own fixtures	2026-10-08T14:16:15.9014538Z   ok   a title preflight refusal stops it before the merge
instrument-self-tests	Show the merge train refusing its own fixtures	2026-10-08T14:16:15.9015193Z   ok   a REFUSE line stops it even beside a clean line
instrument-self-tests	Show the merge train refusing its own fixtures	2026-10-08T14:16:15.9015943Z   ok   the merge is retried until GitHub reports MERGED
instrument-self-tests	Show the merge train refusing its own fixtures	2026-10-08T14:16:15.9016349Z   ok   a merge GitHub never takes stops it
instrument-self-tests	Show the merge train refusing its own fixtures	2026-10-08T14:16:15.9016698Z   ok   the queue runs in order
instrument-self-tests	Show the merge train refusing its own fixtures	2026-10-08T14:16:15.9017011Z   ok   the first refusal stops the queue
instrument-self-tests	Show the merge train refusing its own fixtures	2026-10-08T14:16:15.9017522Z   ok   a blocked verdict echoing the code-owned words is not mandate-approved (B1)
instrument-self-tests	Show the merge train refusing its own fixtures	2026-10-08T14:16:15.9018307Z   ok   a blocked verdict QUOTING app_approve's own code-owned line mid-line is not mandate-approved (anchor)
instrument-self-tests	Show the merge train refusing its own fixtures	2026-10-08T14:16:15.9018982Z   ok   a merge base that exits 0 but is not a sha stops the train
instrument-self-tests	Show the merge train refusing its own fixtures	2026-10-08T14:16:15.9019536Z   ok   the anchored code-owned refusal line still takes the mandate path (null control)
instrument-self-tests	Show the merge train refusing its own fixtures	2026-10-08T14:16:15.9020155Z   ok   another pull request's code-owned line does not take the mandate path for this one
instrument-self-tests	Show the merge train refusing its own fixtures	2026-10-08T14:16:15.9020743Z   ok   a head that moves between the App's refusal and the mandate review stops it
instrument-self-tests	Show the merge train refusing its own fixtures	2026-10-08T14:16:15.9021305Z   ok   a rename that moves a policy file out of the corpus is refused as policy (B2)
instrument-self-tests	Show the merge train refusing its own fixtures	2026-10-08T14:16:15.9021757Z   ok   a failing git diff stops the train (B3)
instrument-self-tests	Show the merge train refusing its own fixtures	2026-10-08T14:16:15.9022121Z   ok   a failing git merge-base stops the train (B3)
instrument-self-tests	Show the merge train refusing its own fixtures	2026-10-08T14:16:15.9022507Z   ok   fewer check runs than --min-runs is not complete CI
instrument-self-tests	Show the merge train refusing its own fixtures	2026-10-08T14:16:15.9022864Z   ok   action_required is not green
instrument-self-tests	Show the merge train refusing its own fixtures	2026-10-08T14:16:15.9023129Z   ok   stale is not green
instrument-self-tests	Show the merge train refusing its own fixtures	2026-10-08T14:16:15.9023421Z   ok   skipped and neutral are green (null control)
instrument-self-tests	Show the merge train refusing its own fixtures	2026-10-08T14:16:15.9023790Z   ok   the CI read pages past the first 100 runs
instrument-self-tests	Show the merge train refusing its own fixtures	2026-10-08T14:16:15.9024385Z   ok   main moving after approval and before the merge stops it
instrument-self-tests	Show the merge train refusing its own fixtures	2026-10-08T14:16:15.9024780Z   ok   a preflight that never says clean stops it
instrument-self-tests	Show the merge train refusing its own fixtures	2026-10-08T14:16:15.9025482Z   ok   a queue entry with a malformed verdict sha is refused
instrument-self-tests	Show the merge train refusing its own fixtures	2026-10-08T14:16:15.9026078Z   ok   the train's app_approve script is in the tree (tools/audit/app_approve.sh or tools/pr/app_approve.sh)
instrument-self-tests	Show the merge train refusing its own fixtures	2026-10-08T14:16:15.9026814Z   ok   the train's app_push script is in the tree (tools/audit/app_push.sh or tools/pr/app_push.sh)
instrument-self-tests	Show the merge train refusing its own fixtures	2026-10-08T14:16:15.9027521Z   ok   the train's preflight script is in the tree (tools/audit/preflight.sh or tools/pr/preflight.sh)
instrument-self-tests	Show the merge train refusing its own fixtures	2026-10-08T14:16:15.9028174Z   ok   the train's remerge_main script is in the tree (tools/audit/seat/remerge_main.sh)
instrument-self-tests	Show the merge train refusing its own fixtures	2026-10-08T14:16:15.9028743Z   ok   the train's worktree_gc script is in the tree (tools/audit/worktree_gc.sh)
instrument-self-tests	Show the merge train refusing its own fixtures	2026-10-08T14:16:15.9029343Z   ok   the delivery-row directory the train requires, dev/programme/delivery/, is in the tree
instrument-self-tests	Show the merge train refusing its own fixtures	2026-10-08T14:16:15.9029938Z   ok   every script the train runs resolves through TOOLS, none by a bare path
instrument-self-tests	Show the merge train refusing its own fixtures	2026-10-08T14:16:15.9030644Z   ok   batch null control: two clean pull requests are proved once and both merge, the base's tree equal to P_i after each
instrument-self-tests	Show the merge train refusing its own fixtures	2026-10-08T14:16:15.9031392Z   ok   the proof is pushed to batch/<tag>-1 and every DISPATCH workflow runs on that branch
instrument-self-tests	Show the merge train refusing its own fixtures	2026-10-08T14:16:15.9031936Z   ok   a rehearsal base approves nothing and collects no worktree
instrument-self-tests	Show the merge train refusing its own fixtures	2026-10-08T14:16:15.9032639Z   ok   a merge driver configured in the clone does not reach the proof: GitHub runs none, and the tree still equals after each merge
instrument-self-tests	Show the merge train refusing its own fixtures	2026-10-08T14:16:15.9033754Z   ok   PERTURBATION: two pull requests each green alone, together past the ratchet: the proof is red, neither pair merges as one; the later goes serial and the first merges unproved (D)
instrument-self-tests	Show the merge train refusing its own fixtures	2026-10-08T14:16:15.9034739Z   ok   a red fast job naming a script owned by one entry's files drops that entry, and the rest are re-proved
instrument-self-tests	Show the merge train refusing its own fixtures	2026-10-08T14:16:15.9036151Z   ok   a red with no script: every all-but-one set is proved, and the green one dropping the latest entry merges
instrument-self-tests	Show the merge train refusing its own fixtures	2026-10-08T14:16:15.9036890Z   ok   every all-but-one set red stops the batch with nothing merged
instrument-self-tests	Show the merge train refusing its own fixtures	2026-10-08T14:16:15.9037431Z   ok   workflow, claim, budget and grader changes go serial, by merge_fastpath's classes
instrument-self-tests	Show the merge train refusing its own fixtures	2026-10-08T14:16:15.9038047Z   ok   an entry that conflicts with one before it goes serial; the rest are proved and merge
instrument-self-tests	Show the merge train refusing its own fixtures	2026-10-08T14:16:15.9038873Z   ok   D: a batch of one merges at its head with no proof and no dispatch
instrument-self-tests	Show the merge train refusing its own fixtures	2026-10-08T14:16:15.9039378Z   ok   the base moving between two merges stops the batch before the second
instrument-self-tests	Show the merge train refusing its own fixtures	2026-10-08T14:16:15.9039836Z   ok   a merge whose tree is not the proof's stops the batch
instrument-self-tests	Show the merge train refusing its own fixtures	2026-10-08T14:16:15.9040238Z   ok   a pull request aimed at another base stops the batch
instrument-self-tests	Show the merge train refusing its own fixtures	2026-10-08T14:16:15.9040700Z   ok   required contexts that cannot be read stop the batch before any proof
instrument-self-tests	Show the merge train refusing its own fixtures	2026-10-08T14:16:15.9041343Z   ok   a required context the proof never receives is a TIMEOUT, which stops it rather than dropping an entry
instrument-self-tests	Show the merge train refusing its own fixtures	2026-10-08T14:16:15.9042020Z   ok   an entry red at its own head is refused at admission (pr-contract not ignored here)
instrument-self-tests	Show the merge train refusing its own fixtures	2026-10-08T14:16:15.9042688Z   ok   on main: entries are approved, the dropped one goes through the serial run (here its recarry stops)
instrument-self-tests	Show the merge train refusing its own fixtures	2026-10-08T14:16:15.9043337Z   ok   a lone entry is not merged while main's tip is red (D's bound needs a green main)
instrument-self-tests	Show the merge train refusing its own fixtures	2026-10-08T14:16:15.9043895Z   ok   a pair on a red main merges nothing and is not bisected: no proof, no drop
instrument-self-tests	Show the merge train refusing its own fixtures	2026-10-08T14:16:15.9044414Z   ok   ... the same pair on a green main is proved and merges (null control)
instrument-self-tests	Show the merge train refusing its own fixtures	2026-10-08T14:16:15.9044972Z   ok   a proof branch the remote would not delete is reported left, never deleted (R9-RO-9a)
instrument-self-tests	Show the merge train refusing its own fixtures	2026-10-08T14:16:15.9045946Z   ok   main's tip going red after the proof and before the first merge stops it: the gate is re-read right before
instrument-self-tests	Show the merge train refusing its own fixtures	2026-10-08T14:16:15.9046733Z   ok   after an unproved merge the train waits for main's run on it, and a red there stops it before anything else lands
instrument-self-tests	Show the merge train refusing its own fixtures	2026-10-08T14:16:15.9047611Z   ok   ... and a green run there lets the serial entry go on (null control: its recarry stops here)
instrument-self-tests	Show the merge train refusing its own fixtures	2026-10-08T14:16:15.9048125Z   ok   a base that is neither main nor batch/ is refused
instrument-self-tests	Show the merge train refusing its own fixtures	2026-10-08T14:16:15.9048526Z   ok   tests.yml is in this tree and takes workflow_dispatch
instrument-self-tests	Show the merge train refusing its own fixtures	2026-10-08T14:16:15.9048960Z   ok   governance.yml is in this tree and takes workflow_dispatch
instrument-self-tests	Show the merge train refusing its own fixtures	2026-10-08T14:16:15.9049395Z   ok   codeql.yml is in this tree and takes workflow_dispatch
instrument-self-tests	Show the merge train refusing its own fixtures	2026-10-08T14:16:15.9049829Z   ok   hassfest.yml is in this tree and takes workflow_dispatch
instrument-self-tests	Show the merge train refusing its own fixtures	2026-10-08T14:16:15.9050262Z   ok   validate.yml is in this tree and takes workflow_dispatch
instrument-self-tests	Show the merge train refusing its own fixtures	2026-10-08T14:16:15.9050678Z merge_train self-test: 81 checks, 0 failed
instrument-self-tests	Show the figure check refusing its own fixtures	﻿2026-10-08T14:16:15.9158825Z ##[group]Run if test -f .claude/workflows/figure_lint.mjs; then node .claude/workflows/figure_lint.mjs --self-test; else node tools/policy/figure_lint.mjs --self-test; fi
instrument-self-tests	Show the figure check refusing its own fixtures	2026-10-08T14:16:15.9160022Z ^[[36;1mif test -f .claude/workflows/figure_lint.mjs; then node .claude/workflows/figure_lint.mjs --self-test; else node tools/policy/figure_lint.mjs --self-test; fi^[[0m
instrument-self-tests	Show the figure check refusing its own fixtures	2026-10-08T14:16:15.9221809Z shell: /usr/bin/bash -e {0}
instrument-self-tests	Show the figure check refusing its own fixtures	2026-10-08T14:16:15.9222070Z env:
instrument-self-tests	Show the figure check refusing its own fixtures	2026-10-08T14:16:15.9222263Z   HPO_JOB_GRADES: nothing
instrument-self-tests	Show the figure check refusing its own fixtures	2026-10-08T14:16:15.9222501Z ##[endgroup]
instrument-self-tests	Show the figure check refusing its own fixtures	2026-10-08T14:16:16.0912218Z   ok   the #715 enumerator's `--arg` is refused (got 1 error(s))
instrument-self-tests	Show the figure check refusing its own fixtures	2026-10-08T14:16:16.0914760Z   ok   and the refusal names the flag, not merely the line
instrument-self-tests	Show the figure check refusing its own fixtures	2026-10-08T14:16:16.2222471Z   ok   a `gh` subcommand that does not exist is refused (got 1)
instrument-self-tests	Show the figure check refusing its own fixtures	2026-10-08T14:16:16.2223511Z   ok   and by the subcommand arm, not the flag arm
instrument-self-tests	Show the figure check refusing its own fixtures	2026-10-08T14:16:16.2236714Z   ok   a script path that is not in the tree is refused
instrument-self-tests	Show the figure check refusing its own fixtures	2026-10-08T14:16:16.3559977Z   ok   a body whose figure commands all resolve is silent (null control; got 0)
instrument-self-tests	Show the figure check refusing its own fixtures	2026-10-08T14:16:16.3568333Z   ok   and it did not go silent by examining nothing
instrument-self-tests	Show the figure check refusing its own fixtures	2026-10-08T14:16:16.3570127Z   ok   backticked prose is not read as a command (got 0)
instrument-self-tests	Show the figure check refusing its own fixtures	2026-10-08T14:16:16.3673918Z   ok   a placeholder or an unknown program is reported unverified, not refused
instrument-self-tests	Show the figure check refusing its own fixtures	2026-10-08T14:16:16.3676089Z   ok   a body with no `## Figures` section is not this check's refusal
instrument-self-tests	Show the figure check refusing its own fixtures	2026-10-08T14:16:16.3676828Z   ok   a pipeline splits into its simple commands
instrument-self-tests	Show the figure check refusing its own fixtures	2026-10-08T14:16:16.3677425Z   ok   a pipe inside quotes does not split
instrument-self-tests	Show the figure check refusing its own fixtures	2026-10-08T14:16:16.3678005Z   ok   a quoted word is marked quoted
instrument-self-tests	Show the figure check refusing its own fixtures	2026-10-08T14:16:16.3678870Z   ok   a command substitution stays one word
instrument-self-tests	Show the figure check refusing its own fixtures	2026-10-08T14:16:16.3679529Z   ok   a heading inside a fence does not end the section early
instrument-self-tests	Show the figure check refusing its own fixtures	2026-10-08T14:16:16.3680114Z   ok   `gh` is runnable, so the flag inventory is real (gh version 2.102.0 (2026-09-30))
instrument-self-tests	Show the figure check refusing its own fixtures	2026-10-08T14:16:16.3680705Z   ok   the derived `gh api` inventory has --jq and --paginate and no --arg
instrument-self-tests	Show the figure check refusing its own fixtures	2026-10-08T14:16:16.4320693Z   ok   a `gh` shell alias really does run under `--help` (null control; without this the containment assertion is vacuous)
instrument-self-tests	Show the figure check refusing its own fixtures	2026-10-08T14:16:16.4982994Z   ok   and this check does not expand it: the word resolves to nothing and the alias does not run
instrument-self-tests	Show the figure check refusing its own fixtures	2026-10-08T14:16:16.4992605Z   ok   an existing file reached by `..` from outside the repository is not reported in the tree
instrument-self-tests	Show the figure check refusing its own fixtures	2026-10-08T14:16:16.4996223Z   ok   and a path that stays inside it still resolves (null control; the verdict above is the containment arm, not the path shape)
instrument-self-tests	Show the figure check refusing its own fixtures	2026-10-08T14:16:16.4997561Z   ok   past the `gh --help` spawn budget a command is unverified, not refused and not silently accepted
instrument-self-tests	Show the figure check refusing its own fixtures	2026-10-08T14:16:16.4998033Z 
instrument-self-tests	Show the figure check refusing its own fixtures	2026-10-08T14:16:16.4998158Z 22 passed, 0 failed
instrument-self-tests	Show the figure census pinning its counting rule	﻿2026-10-08T14:16:16.5067373Z ##[group]Run if test -f .claude/workflows/figure_census.mjs; then node .claude/workflows/figure_census.mjs --self-test; else node tools/policy/figure_census.mjs --self-test; fi
instrument-self-tests	Show the figure census pinning its counting rule	2026-10-08T14:16:16.5068589Z ^[[36;1mif test -f .claude/workflows/figure_census.mjs; then node .claude/workflows/figure_census.mjs --self-test; else node tools/policy/figure_census.mjs --self-test; fi^[[0m
instrument-self-tests	Show the figure census pinning its counting rule	2026-10-08T14:16:16.5132810Z shell: /usr/bin/bash -e {0}
instrument-self-tests	Show the figure census pinning its counting rule	2026-10-08T14:16:16.5133068Z env:
instrument-self-tests	Show the figure census pinning its counting rule	2026-10-08T14:16:16.5133264Z   HPO_JOB_GRADES: nothing
instrument-self-tests	Show the figure census pinning its counting rule	2026-10-08T14:16:16.5133496Z ##[endgroup]
instrument-self-tests	Show the figure census pinning its counting rule	2026-10-08T14:16:16.5552755Z   ok   the #715 enumerator counts as one `gh` command (got 1)
instrument-self-tests	Show the figure census pinning its counting rule	2026-10-08T14:16:16.5554790Z   ok   and as templated, since `$n` is bound by the loop around it
instrument-self-tests	Show the figure census pinning its counting rule	2026-10-08T14:16:16.5562125Z   ok   a mixed body splits into its classes (got 5 instrument, 3 gh)
instrument-self-tests	Show the figure census pinning its counting rule	2026-10-08T14:16:16.5563318Z   ok   and one command in each class is templated -- `$D` in the scope selection, `<sha>` in the check-run listing
instrument-self-tests	Show the figure census pinning its counting rule	2026-10-08T14:16:16.5564633Z   ok   and the rest are not (null control: a rule that called everything templated would satisfy the assertion above)
instrument-self-tests	Show the figure census pinning its counting rule	2026-10-08T14:16:16.5565483Z   ok   and every recognised command landed in a named class
instrument-self-tests	Show the figure census pinning its counting rule	2026-10-08T14:16:16.5575154Z   ok   backticked prose is not counted as a command (got 0)
instrument-self-tests	Show the figure census pinning its counting rule	2026-10-08T14:16:16.5576309Z   ok   a body with no `## Figures` section is reported, not silently counted as empty
instrument-self-tests	Show the figure census pinning its counting rule	2026-10-08T14:16:16.5577559Z   ok   `gh` and `git` are counted apart (got gh, git)
instrument-self-tests	Show the figure census pinning its counting rule	2026-10-08T14:16:16.5579812Z   ok   a `<placeholder>` is templated
instrument-self-tests	Show the figure census pinning its counting rule	2026-10-08T14:16:16.5580386Z   ok   a `$NAME` bound elsewhere is templated
instrument-self-tests	Show the figure census pinning its counting rule	2026-10-08T14:16:16.5581253Z   ok   a `$(...)` alone is counted separately: a shell runs it as written, an argv spawn does not
instrument-self-tests	Show the figure census pinning its counting rule	2026-10-08T14:16:16.5582216Z   ok   and a command with neither is not templated (null control)
instrument-self-tests	Show the figure census pinning its counting rule	2026-10-08T14:16:16.5582701Z 
instrument-self-tests	Show the figure census pinning its counting rule	2026-10-08T14:16:16.5582904Z 13 passed, 0 failed
instrument-self-tests	Show the pin rule refusing every probe and admitting its controls	﻿2026-10-08T14:16:16.5669790Z ##[group]Run if test -f tools/audit/round6/D11/fix/codeowners_gap.py; then python3 -I tools/audit/round6/D11/fix/codeowners_gap.py --self-test; else python3 -I dev/audit/rounds/round6/D11/fix/codeowners_gap.py --self-test; fi
instrument-self-tests	Show the pin rule refusing every probe and admitting its controls	2026-10-08T14:16:16.5671597Z ^[[36;1mif test -f tools/audit/round6/D11/fix/codeowners_gap.py; then python3 -I tools/audit/round6/D11/fix/codeowners_gap.py --self-test; else python3 -I dev/audit/rounds/round6/D11/fix/codeowners_gap.py --self-test; fi^[[0m
instrument-self-tests	Show the pin rule refusing every probe and admitting its controls	2026-10-08T14:16:16.5734105Z shell: /usr/bin/bash -e {0}
instrument-self-tests	Show the pin rule refusing every probe and admitting its controls	2026-10-08T14:16:16.5734365Z env:
instrument-self-tests	Show the pin rule refusing every probe and admitting its controls	2026-10-08T14:16:16.5734559Z   HPO_JOB_GRADES: nothing
instrument-self-tests	Show the pin rule refusing every probe and admitting its controls	2026-10-08T14:16:16.5734801Z ##[endgroup]
instrument-self-tests	Show the pin rule refusing every probe and admitting its controls	2026-10-08T14:16:16.6055853Z /home/runner/work/heatpump_optimizer/heatpump_optimizer/dev/audit/rounds/round6/D11/fix/codeowners_gap.py:857: SyntaxWarning: invalid escape sequence '\;'
instrument-self-tests	Show the pin rule refusing every probe and admitting its controls	2026-10-08T14:16:16.6057521Z   ("find -exec", _run("find tools -name '*.sh' -exec {} \;")),
instrument-self-tests	Show the pin rule refusing every probe and admitting its controls	2026-10-08T14:16:16.7144613Z   ok   PROBE a listed restore never checked out: grader not pinned
instrument-self-tests	Show the pin rule refusing every probe and admitting its controls	2026-10-08T14:16:16.7146329Z   ok   PROBE a listed restore checked out from another list: grader not pinned
instrument-self-tests	Show the pin rule refusing every probe and admitting its controls	2026-10-08T14:16:16.7147224Z   ok   PROBE a listed restore whose list is emptied first: grader not pinned
instrument-self-tests	Show the pin rule refusing every probe and admitting its controls	2026-10-08T14:16:16.7148098Z   ok   PROBE a listed restore whose list names another file: grader not pinned
instrument-self-tests	Show the pin rule refusing every probe and admitting its controls	2026-10-08T14:16:16.7148972Z   ok   PROBE a listed restore whose list is truncated by cat: grader not pinned
instrument-self-tests	Show the pin rule refusing every probe and admitting its controls	2026-10-08T14:16:16.7149643Z   ok   PROBE pip install: grader not pinned
instrument-self-tests	Show the pin rule refusing every probe and admitting its controls	2026-10-08T14:16:16.7150132Z   ok   PROBE npm ci: grader not pinned
instrument-self-tests	Show the pin rule refusing every probe and admitting its controls	2026-10-08T14:16:16.7150638Z   ok   PROBE bare tracked path: grader not pinned
instrument-self-tests	Show the pin rule refusing every probe and admitting its controls	2026-10-08T14:16:16.7151185Z   ok   PROBE ./ tracked path: grader not pinned
instrument-self-tests	Show the pin rule refusing every probe and admitting its controls	2026-10-08T14:16:16.7151709Z   ok   PROBE echo && script: grader not pinned
instrument-self-tests	Show the pin rule refusing every probe and admitting its controls	2026-10-08T14:16:16.7152200Z   ok   PROBE ; script: grader not pinned
instrument-self-tests	Show the pin rule refusing every probe and admitting its controls	2026-10-08T14:16:16.7152704Z   ok   PROBE timeout 60: grader not pinned
instrument-self-tests	Show the pin rule refusing every probe and admitting its controls	2026-10-08T14:16:16.7153179Z   ok   PROBE env A=1: grader not pinned
instrument-self-tests	Show the pin rule refusing every probe and admitting its controls	2026-10-08T14:16:16.7153649Z   ok   PROBE sudo: grader not pinned
instrument-self-tests	Show the pin rule refusing every probe and admitting its controls	2026-10-08T14:16:16.7154109Z   ok   PROBE cd x && ./y: grader not pinned
instrument-self-tests	Show the pin rule refusing every probe and admitting its controls	2026-10-08T14:16:16.7154620Z   ok   PROBE bash -c: grader not pinned
instrument-self-tests	Show the pin rule refusing every probe and admitting its controls	2026-10-08T14:16:16.7155260Z   ok   PROBE source: grader not pinned
instrument-self-tests	Show the pin rule refusing every probe and admitting its controls	2026-10-08T14:16:16.7155736Z   ok   PROBE . file: grader not pinned
instrument-self-tests	Show the pin rule refusing every probe and admitting its controls	2026-10-08T14:16:16.7156249Z   ok   PROBE python3 -m tests.x: grader not pinned
instrument-self-tests	Show the pin rule refusing every probe and admitting its controls	2026-10-08T14:16:16.7156807Z   ok   PROBE python3 -c import: grader not pinned
instrument-self-tests	Show the pin rule refusing every probe and admitting its controls	2026-10-08T14:16:16.7157314Z   ok   PROBE exec: grader not pinned
instrument-self-tests	Show the pin rule refusing every probe and admitting its controls	2026-10-08T14:16:16.7157767Z   ok   PROBE pytest: grader not pinned
instrument-self-tests	Show the pin rule refusing every probe and admitting its controls	2026-10-08T14:16:16.7158294Z   ok   PROBE npm test: grader not pinned
instrument-self-tests	Show the pin rule refusing every probe and admitting its controls	2026-10-08T14:16:16.7158816Z   ok   PROBE node --test: grader not pinned
instrument-self-tests	Show the pin rule refusing every probe and admitting its controls	2026-10-08T14:16:16.7159331Z   ok   PROBE npx: grader not pinned
instrument-self-tests	Show the pin rule refusing every probe and admitting its controls	2026-10-08T14:16:16.7159806Z   ok   PROBE find -exec: grader not pinned
instrument-self-tests	Show the pin rule refusing every probe and admitting its controls	2026-10-08T14:16:16.7160330Z   ok   PROBE cat x | bash: grader not pinned
instrument-self-tests	Show the pin rule refusing every probe and admitting its controls	2026-10-08T14:16:16.7160875Z   ok   PROBE python3 - heredoc: grader not pinned
instrument-self-tests	Show the pin rule refusing every probe and admitting its controls	2026-10-08T14:16:16.7161439Z   ok   PROBE $GITHUB_PATH shim: grader not pinned
instrument-self-tests	Show the pin rule refusing every probe and admitting its controls	2026-10-08T14:16:16.7162021Z   ok   PROBE $GITHUB_ENV BASH_ENV: grader not pinned
instrument-self-tests	Show the pin rule refusing every probe and admitting its controls	2026-10-08T14:16:16.7162614Z   ok   PROBE PATH= assignment: grader not pinned
instrument-self-tests	Show the pin rule refusing every probe and admitting its controls	2026-10-08T14:16:16.7163171Z   ok   PROBE echo $(script): grader not pinned
instrument-self-tests	Show the pin rule refusing every probe and admitting its controls	2026-10-08T14:16:16.7163688Z   ok   PROBE backtick: grader not pinned
instrument-self-tests	Show the pin rule refusing every probe and admitting its controls	2026-10-08T14:16:16.7164232Z   ok   PROBE github-script require: grader not pinned
instrument-self-tests	Show the pin rule refusing every probe and admitting its controls	2026-10-08T14:16:16.7164798Z   ok   PROBE local action: grader not pinned
instrument-self-tests	Show the pin rule refusing every probe and admitting its controls	2026-10-08T14:16:16.7165549Z   ok   PROBE unpinned setup-python: grader not pinned
instrument-self-tests	Show the pin rule refusing every probe and admitting its controls	2026-10-08T14:16:16.7166158Z   ok   PROBE step shell:: grader not pinned
instrument-self-tests	Show the pin rule refusing every probe and admitting its controls	2026-10-08T14:16:16.7166766Z   ok   PROBE step env names a tracked file: grader not pinned
instrument-self-tests	Show the pin rule refusing every probe and admitting its controls	2026-10-08T14:16:16.7167461Z   ok   PROBE git checkout HEAD -- grader: grader not pinned
instrument-self-tests	Show the pin rule refusing every probe and admitting its controls	2026-10-08T14:16:16.7168103Z   ok   PROBE redirect into the tree: grader not pinned
instrument-self-tests	Show the pin rule refusing every probe and admitting its controls	2026-10-08T14:16:16.7169218Z   ok   PROBE sort -o into the grader: grader not pinned
instrument-self-tests	Show the pin rule refusing every probe and admitting its controls	2026-10-08T14:16:16.7169814Z   ok   PROBE git show --output=: grader not pinned
instrument-self-tests	Show the pin rule refusing every probe and admitting its controls	2026-10-08T14:16:16.7170387Z   ok   PROBE git diff --output=: grader not pinned
instrument-self-tests	Show the pin rule refusing every probe and admitting its controls	2026-10-08T14:16:16.7170897Z   ok   PROBE printf -v PATH: grader not pinned
instrument-self-tests	Show the pin rule refusing every probe and admitting its controls	2026-10-08T14:16:16.7171424Z   ok   PROBE read -r PATH: grader not pinned
instrument-self-tests	Show the pin rule refusing every probe and admitting its controls	2026-10-08T14:16:16.7172133Z   ok   PROBE bare PINNED=HEAD before the restore: grader not pinned
instrument-self-tests	Show the pin rule refusing every probe and admitting its controls	2026-10-08T14:16:16.7172883Z   ok   PROBE step env PINNED: github.sha: grader not pinned
instrument-self-tests	Show the pin rule refusing every probe and admitting its controls	2026-10-08T14:16:16.7173757Z   ok   PROBE step env PINNED: github.sha before the queue's base: grader not pinned
instrument-self-tests	Show the pin rule refusing every probe and admitting its controls	2026-10-08T14:16:16.7174624Z   ok   PROBE step env PINNED: the queue's head: grader not pinned
instrument-self-tests	Show the pin rule refusing every probe and admitting its controls	2026-10-08T14:16:16.7175597Z   ok   PROBE grader run by an interpreter path: grader not pinned
instrument-self-tests	Show the pin rule refusing every probe and admitting its controls	2026-10-08T14:16:16.7176504Z   ok   NULL  no inserted step: grader PINNED
instrument-self-tests	Show the pin rule refusing every probe and admitting its controls	2026-10-08T14:16:16.7177071Z   ok   NULL  the listed restore: grader PINNED
instrument-self-tests	Show the pin rule refusing every probe and admitting its controls	2026-10-08T14:16:16.7177628Z   ok   NULL  echo and printf: grader PINNED
instrument-self-tests	Show the pin rule refusing every probe and admitting its controls	2026-10-08T14:16:16.7178258Z   ok   NULL  git fetch, rev-parse, hash-object: grader PINNED
instrument-self-tests	Show the pin rule refusing every probe and admitting its controls	2026-10-08T14:16:16.7178905Z   ok   NULL  set, test, mkdir, cmp: grader PINNED
instrument-self-tests	Show the pin rule refusing every probe and admitting its controls	2026-10-08T14:16:16.7179585Z   ok   NULL  download-artifact at its pin: grader PINNED
instrument-self-tests	Show the pin rule refusing every probe and admitting its controls	2026-10-08T14:16:16.7180201Z   ok   NULL  a scratch write: grader PINNED
instrument-self-tests	Show the pin rule refusing every probe and admitting its controls	2026-10-08T14:16:16.7180799Z   ok   NULL  PINNED from the queue's base: grader PINNED
instrument-self-tests	Show the pin rule refusing every probe and admitting its controls	2026-10-08T14:16:16.7181643Z   ok   NULL  PINNED from the queue's base, else the push's: grader PINNED
instrument-self-tests	Show the pin rule refusing every probe and admitting its controls	2026-10-08T14:16:16.7182820Z   ok   EXEC  if/then prefers the old path: ['.claude/workflows/policy_lint.mjs', 'tools/policy/policy_lint.mjs']
instrument-self-tests	Show the pin rule refusing every probe and admitting its controls	2026-10-08T14:16:16.7184018Z   ok   EXEC  python3 -I dev/audit/rounds/x/fix.py --check: dev/audit/rounds/x/fix.py
instrument-self-tests	Show the pin rule refusing every probe and admitting its controls	2026-10-08T14:16:16.7184868Z   ok   EXEC  python3 -I tools/audit/x.py: tools/audit/x.py
instrument-self-tests	Show the pin rule refusing every probe and admitting its controls	2026-10-08T14:16:16.7185734Z   ok   EXEC  python3 -I docs/x.py: not an execution
instrument-self-tests	Show the pin rule refusing every probe and admitting its controls	2026-10-08T14:16:16.7186419Z SELF-TEST: 50 probe(s), 9 null(s), 0 wrong
instrument-self-tests	Post Run actions/setup-node@a0853c24544627f65ddf259abe73b1d18a591444	﻿2026-10-08T14:16:16.7353759Z Post job cleanup.
instrument-self-tests	Post Run actions/setup-node@a0853c24544627f65ddf259abe73b1d18a591444	2026-10-08T14:16:16.8615342Z (node:19789) [DEP0040] DeprecationWarning: The `punycode` module is deprecated. Please use a userland alternative instead.
instrument-self-tests	Post Run actions/setup-node@a0853c24544627f65ddf259abe73b1d18a591444	2026-10-08T14:16:16.8616316Z (Use `node --trace-deprecation ...` to show where the warning was created)
instrument-self-tests	Post Run actions/checkout@fbc6f3992d24b796d5a048ff273f7fcc4a7b6c09	﻿2026-10-08T14:16:16.8839855Z Post job cleanup.
instrument-self-tests	Post Run actions/checkout@fbc6f3992d24b796d5a048ff273f7fcc4a7b6c09	2026-10-08T14:16:16.9779590Z [command]/usr/bin/git version
instrument-self-tests	Post Run actions/checkout@fbc6f3992d24b796d5a048ff273f7fcc4a7b6c09	2026-10-08T14:16:16.9827080Z git version 2.55.0
instrument-self-tests	Post Run actions/checkout@fbc6f3992d24b796d5a048ff273f7fcc4a7b6c09	2026-10-08T14:16:16.9873852Z Temporarily overriding HOME='/home/runner/work/_temp/76acc23c-45c1-4d2d-9923-b14ff4dbe1c8' before making global git config changes
instrument-self-tests	Post Run actions/checkout@fbc6f3992d24b796d5a048ff273f7fcc4a7b6c09	2026-10-08T14:16:16.9876212Z Adding repository directory to the temporary git global config as a safe directory
instrument-self-tests	Post Run actions/checkout@fbc6f3992d24b796d5a048ff273f7fcc4a7b6c09	2026-10-08T14:16:16.9906339Z [command]/usr/bin/git config --global --add safe.directory /home/runner/work/heatpump_optimizer/heatpump_optimizer
instrument-self-tests	Post Run actions/checkout@fbc6f3992d24b796d5a048ff273f7fcc4a7b6c09	2026-10-08T14:16:16.9936711Z [command]/usr/bin/git config --local --name-only --get-regexp core\.sshCommand
instrument-self-tests	Post Run actions/checkout@fbc6f3992d24b796d5a048ff273f7fcc4a7b6c09	2026-10-08T14:16:16.9961156Z [command]/usr/bin/git submodule foreach --recursive sh -c "git config --local --name-only --get-regexp 'core\.sshCommand' && git config --local --unset-all 'core.sshCommand' || :"
instrument-self-tests	Post Run actions/checkout@fbc6f3992d24b796d5a048ff273f7fcc4a7b6c09	2026-10-08T14:16:17.0227635Z [command]/usr/bin/git config --local --name-only --get-regexp http\.https\:\/\/github\.com\/\.extraheader
instrument-self-tests	Post Run actions/checkout@fbc6f3992d24b796d5a048ff273f7fcc4a7b6c09	2026-10-08T14:16:17.0255949Z http.https://github.com/.extraheader
instrument-self-tests	Post Run actions/checkout@fbc6f3992d24b796d5a048ff273f7fcc4a7b6c09	2026-10-08T14:16:17.0269713Z [command]/usr/bin/git config --local --unset-all http.https://github.com/.extraheader
instrument-self-tests	Post Run actions/checkout@fbc6f3992d24b796d5a048ff273f7fcc4a7b6c09	2026-10-08T14:16:17.0307760Z [command]/usr/bin/git submodule foreach --recursive sh -c "git config --local --name-only --get-regexp 'http\.https\:\/\/github\.com\/\.extraheader' && git config --local --unset-all 'http.https://github.com/.extraheader' || :"
instrument-self-tests	Post Run actions/checkout@fbc6f3992d24b796d5a048ff273f7fcc4a7b6c09	2026-10-08T14:16:17.0606287Z [command]/usr/bin/git config --local --name-only --get-regexp ^includeIf\.gitdir:
instrument-self-tests	Post Run actions/checkout@fbc6f3992d24b796d5a048ff273f7fcc4a7b6c09	2026-10-08T14:16:17.0650069Z [command]/usr/bin/git submodule foreach --recursive git config --local --show-origin --name-only --get-regexp remote.origin.url
instrument-self-tests	Complete job	﻿2026-10-08T14:16:17.1049655Z Cleaning up orphan processes
