2026-10-07T02:58:05.3710098Z Current runner version: '2.337.0'
2026-10-07T02:58:05.3737309Z ##[group]Runner Image Provisioner
2026-10-07T02:58:05.3738153Z Hosted Compute Agent
2026-10-07T02:58:05.3738803Z Version: 20261002.596
2026-10-07T02:58:05.3739459Z Commit: c3d12f3313a95f25162a1503be624f3b0617f8c0
2026-10-07T02:58:05.3740194Z Build Date: 2026-10-02T22:28:27Z
2026-10-07T02:58:05.3741020Z Worker ID: {dcf8d736-c762-4596-a197-932ecef680de}
2026-10-07T02:58:05.3741745Z Region: eastus
2026-10-07T02:58:05.3742316Z Cloud: Azure
2026-10-07T02:58:05.3743265Z ##[endgroup]
2026-10-07T02:58:05.3744770Z ##[group]Operating System
2026-10-07T02:58:05.3745541Z Ubuntu
2026-10-07T02:58:05.3746063Z 24.04.5
2026-10-07T02:58:05.3746611Z LTS
2026-10-07T02:58:05.3747133Z ##[endgroup]
2026-10-07T02:58:05.3747681Z ##[group]Runner Image
2026-10-07T02:58:05.3748406Z Image: ubuntu-24.04
2026-10-07T02:58:05.3749062Z Version: 20261004.327.1
2026-10-07T02:58:05.3750361Z Included Software: https://github.com/actions/runner-images/blob/ubuntu24/20261004.327/images/ubuntu/Ubuntu2404-Readme.md
2026-10-07T02:58:05.3751897Z Image Release: https://github.com/actions/runner-images/releases/tag/ubuntu24%2F20261004.327
2026-10-07T02:58:05.3753451Z ##[endgroup]
2026-10-07T02:58:05.3754556Z ##[group]GITHUB_TOKEN Permissions
2026-10-07T02:58:05.3756933Z Contents: read
2026-10-07T02:58:05.3757571Z Metadata: read
2026-10-07T02:58:05.3758321Z ##[endgroup]
2026-10-07T02:58:05.3760346Z Secret source: Actions
2026-10-07T02:58:05.3761394Z Cache mode: write
2026-10-07T02:58:05.3762977Z Prepare workflow directory
2026-10-07T02:58:05.4303517Z Prepare all required actions
2026-10-07T02:58:05.4352309Z Getting action download info
2026-10-07T02:58:05.6661300Z Download action repository 'actions/checkout@fbc6f3992d24b796d5a048ff273f7fcc4a7b6c09' (SHA:fbc6f3992d24b796d5a048ff273f7fcc4a7b6c09)
2026-10-07T02:58:05.7568436Z Download action repository 'actions/setup-python@ece7cb06caefa5fff74198d8649806c4678c61a1' (SHA:ece7cb06caefa5fff74198d8649806c4678c61a1)
2026-10-07T02:58:05.8786380Z Download action repository 'actions/setup-node@a0853c24544627f65ddf259abe73b1d18a591444' (SHA:a0853c24544627f65ddf259abe73b1d18a591444)
2026-10-07T02:58:05.9689670Z Download action repository 'actions/upload-artifact@b7c566a772e6b6bfb58ed0dc250532a479d7789f' (SHA:b7c566a772e6b6bfb58ed0dc250532a479d7789f)
2026-10-07T02:58:06.1658319Z Complete job name: closures
2026-10-07T02:58:06.2400477Z ##[group]Run actions/checkout@fbc6f3992d24b796d5a048ff273f7fcc4a7b6c09
2026-10-07T02:58:06.2401590Z with:
2026-10-07T02:58:06.2402000Z   fetch-depth: 0
2026-10-07T02:58:06.2402478Z   repository: tvofi/heatpump_optimizer
2026-10-07T02:58:06.2406559Z   token: ***
2026-10-07T02:58:06.2407003Z   ssh-strict: true
2026-10-07T02:58:06.2407447Z   ssh-user: git
2026-10-07T02:58:06.2407907Z   persist-credentials: true
2026-10-07T02:58:06.2408399Z   clean: true
2026-10-07T02:58:06.2408840Z   sparse-checkout-cone-mode: true
2026-10-07T02:58:06.2409362Z   fetch-tags: false
2026-10-07T02:58:06.2409809Z   show-progress: true
2026-10-07T02:58:06.2410280Z   lfs: false
2026-10-07T02:58:06.2410689Z   submodules: false
2026-10-07T02:58:06.2411133Z   set-safe-directory: true
2026-10-07T02:58:06.2411631Z   allow-unsafe-pr-checkout: false
2026-10-07T02:58:06.2412389Z env:
2026-10-07T02:58:06.2412960Z   DOCS_ONLY_FAST: false
2026-10-07T02:58:06.2413421Z ##[endgroup]
2026-10-07T02:58:06.3552247Z Syncing repository: tvofi/heatpump_optimizer
2026-10-07T02:58:06.3555366Z ##[group]Getting Git version info
2026-10-07T02:58:06.3556694Z Working directory is '/home/runner/work/heatpump_optimizer/heatpump_optimizer'
2026-10-07T02:58:06.3558448Z [command]/usr/bin/git version
2026-10-07T02:58:06.3593791Z git version 2.55.0
2026-10-07T02:58:06.3610510Z ##[endgroup]
2026-10-07T02:58:06.3617036Z Temporarily overriding HOME='/home/runner/work/_temp/8b1134c6-d0d1-483f-a635-e17be11abca4' before making global git config changes
2026-10-07T02:58:06.3618882Z Adding repository directory to the temporary git global config as a safe directory
2026-10-07T02:58:06.3625863Z [command]/usr/bin/git config --global --add safe.directory /home/runner/work/heatpump_optimizer/heatpump_optimizer
2026-10-07T02:58:06.3684016Z Deleting the contents of '/home/runner/work/heatpump_optimizer/heatpump_optimizer'
2026-10-07T02:58:06.3689760Z ##[group]Initializing the repository
2026-10-07T02:58:06.3695263Z [command]/usr/bin/git init /home/runner/work/heatpump_optimizer/heatpump_optimizer
2026-10-07T02:58:06.3816748Z hint: Using 'master' as the name for the initial branch. This default branch name
2026-10-07T02:58:06.3818868Z hint: will change to "main" in Git 3.0. To configure the initial branch name
2026-10-07T02:58:06.3820918Z hint: to use in all of your new repositories, which will suppress this warning,
2026-10-07T02:58:06.3824692Z hint: call:
2026-10-07T02:58:06.3826177Z hint:
2026-10-07T02:58:06.3827287Z hint: 	git config --global init.defaultBranch <name>
2026-10-07T02:58:06.3828552Z hint:
2026-10-07T02:58:06.3829780Z hint: Names commonly chosen instead of 'master' are 'main', 'trunk' and
2026-10-07T02:58:06.3833395Z hint: 'development'. The just-created branch can be renamed via this command:
2026-10-07T02:58:06.3835405Z hint:
2026-10-07T02:58:06.3836453Z hint: 	git branch -m <name>
2026-10-07T02:58:06.3837600Z hint:
2026-10-07T02:58:06.3839012Z hint: Disable this message with "git config set advice.defaultBranchName false"
2026-10-07T02:58:06.3841413Z Initialized empty Git repository in /home/runner/work/heatpump_optimizer/heatpump_optimizer/.git/
2026-10-07T02:58:06.3846197Z [command]/usr/bin/git remote add origin https://github.com/tvofi/heatpump_optimizer
2026-10-07T02:58:06.3899270Z ##[endgroup]
2026-10-07T02:58:06.3901182Z ##[group]Disabling automatic garbage collection
2026-10-07T02:58:06.3903421Z [command]/usr/bin/git config --local gc.auto 0
2026-10-07T02:58:06.3950209Z ##[endgroup]
2026-10-07T02:58:06.3951986Z ##[group]Setting up auth
2026-10-07T02:58:06.3960863Z [command]/usr/bin/git config --local --name-only --get-regexp core\.sshCommand
2026-10-07T02:58:06.4020595Z [command]/usr/bin/git submodule foreach --recursive sh -c "git config --local --name-only --get-regexp 'core\.sshCommand' && git config --local --unset-all 'core.sshCommand' || :"
2026-10-07T02:58:06.4553352Z [command]/usr/bin/git config --local --name-only --get-regexp http\.https\:\/\/github\.com\/\.extraheader
2026-10-07T02:58:06.4597171Z [command]/usr/bin/git submodule foreach --recursive sh -c "git config --local --name-only --get-regexp 'http\.https\:\/\/github\.com\/\.extraheader' && git config --local --unset-all 'http.https://github.com/.extraheader' || :"
2026-10-07T02:58:06.4850687Z [command]/usr/bin/git config --local --name-only --get-regexp ^includeIf\.gitdir:
2026-10-07T02:58:06.4888349Z [command]/usr/bin/git submodule foreach --recursive git config --local --show-origin --name-only --get-regexp remote.origin.url
2026-10-07T02:58:06.5138260Z [command]/usr/bin/git config --local http.https://github.com/.extraheader AUTHORIZATION: basic ***
2026-10-07T02:58:06.5180557Z ##[endgroup]
2026-10-07T02:58:06.5181551Z ##[group]Fetching the repository
2026-10-07T02:58:06.5191776Z [command]/usr/bin/git -c protocol.version=2 fetch --prune --no-recurse-submodules origin +refs/heads/*:refs/remotes/origin/* +refs/tags/*:refs/tags/* +40514c892f4977b5cbe42003204463122eb41128:refs/remotes/pull/1987/merge
2026-10-07T02:58:13.3524662Z From https://github.com/tvofi/heatpump_optimizer
2026-10-07T02:58:13.3526712Z  * [new branch]        bus/approvals           -> origin/bus/approvals
2026-10-07T02:58:13.3544662Z  * [new branch]        cursor/r9-eg-entry-config-9aac -> origin/cursor/r9-eg-entry-config-9aac
2026-10-07T02:58:13.3546826Z  * [new branch]        cursor/r9-rc-prcontract-dbd0 -> origin/cursor/r9-rc-prcontract-dbd0
2026-10-07T02:58:13.3548812Z  * [new branch]        cursor/r9-sw-1-resume-826f -> origin/cursor/r9-sw-1-resume-826f
2026-10-07T02:58:13.3550652Z  * [new branch]        cursor/r9-sw-2-actuation-6d19 -> origin/cursor/r9-sw-2-actuation-6d19
2026-10-07T02:58:13.3552462Z  * [new branch]        fix/orchestrator-nudge  -> origin/fix/orchestrator-nudge
2026-10-07T02:58:13.3554913Z  * [new branch]        fix/r9-dbg-1            -> origin/fix/r9-dbg-1
2026-10-07T02:58:13.3556628Z  * [new branch]        fix/r9-diag-2s-r5       -> origin/fix/r9-diag-2s-r5
2026-10-07T02:58:13.3558440Z  * [new branch]        fix/r9-eg-b6            -> origin/fix/r9-eg-b6
2026-10-07T02:58:13.3560053Z  * [new branch]        fix/r9-eg-collaborator-interfaces-pr -> origin/fix/r9-eg-collaborator-interfaces-pr
2026-10-07T02:58:13.3561568Z  * [new branch]        fix/r9-ro-7-pr          -> origin/fix/r9-ro-7-pr
2026-10-07T02:58:13.3562880Z  * [new branch]        fix/r9-sw-5             -> origin/fix/r9-sw-5
2026-10-07T02:58:13.3564331Z  * [new branch]        fix/r9-sw-actuation     -> origin/fix/r9-sw-actuation
2026-10-07T02:58:13.3566123Z  * [new branch]        fix/r9-sw-card          -> origin/fix/r9-sw-card
2026-10-07T02:58:13.3567304Z  * [new branch]        fix/r9-sw-gchv          -> origin/fix/r9-sw-gchv
2026-10-07T02:58:13.3568305Z  * [new branch]        fix/r9-sw6              -> origin/fix/r9-sw6
2026-10-07T02:58:13.3569331Z  * [new branch]        fix/r9-ux-actions       -> origin/fix/r9-ux-actions
2026-10-07T02:58:13.3570482Z  * [new branch]        handoff-body/main-red   -> origin/handoff-body/main-red
2026-10-07T02:58:13.3571669Z  * [new branch]        handoff-body/r9-dbg-1   -> origin/handoff-body/r9-dbg-1
2026-10-07T02:58:13.3573211Z  * [new branch]        handoff-body/r9-dbg-3   -> origin/handoff-body/r9-dbg-3
2026-10-07T02:58:13.3575185Z  * [new branch]        handoff-body/r9-diag-1f -> origin/handoff-body/r9-diag-1f
2026-10-07T02:58:13.3577080Z  * [new branch]        handoff-body/r9-diag-2s -> origin/handoff-body/r9-diag-2s
2026-10-07T02:58:13.3578919Z  * [new branch]        handoff-body/r9-eg-a3   -> origin/handoff-body/r9-eg-a3
2026-10-07T02:58:13.3580772Z  * [new branch]        handoff-body/r9-eg-b6-r4 -> origin/handoff-body/r9-eg-b6-r4
2026-10-07T02:58:13.3583559Z  * [new branch]        handoff-body/r9-eg-collaborator-interfaces -> origin/handoff-body/r9-eg-collaborator-interfaces
2026-10-07T02:58:13.3585931Z  * [new branch]        handoff-body/r9-eg-coordinator-seams -> origin/handoff-body/r9-eg-coordinator-seams
2026-10-07T02:58:13.3587485Z  * [new branch]        handoff-body/r9-eg-entry-config -> origin/handoff-body/r9-eg-entry-config
2026-10-07T02:58:13.3589105Z  * [new branch]        handoff-body/r9-eg-param-objects -> origin/handoff-body/r9-eg-param-objects
2026-10-07T02:58:13.3590612Z  * [new branch]        handoff-body/r9-eg-solve-inputs -> origin/handoff-body/r9-eg-solve-inputs
2026-10-07T02:58:13.3591990Z  * [new branch]        handoff-body/r9-f10-16  -> origin/handoff-body/r9-f10-16
2026-10-07T02:58:13.3593440Z  * [new branch]        handoff-body/r9-fr-10   -> origin/handoff-body/r9-fr-10
2026-10-07T02:58:13.3594879Z  * [new branch]        handoff-body/r9-fr-10-record-autofix-fixes -> origin/handoff-body/r9-fr-10-record-autofix-fixes
2026-10-07T02:58:13.3596869Z  * [new branch]        handoff-body/r9-fr-11   -> origin/handoff-body/r9-fr-11
2026-10-07T02:58:13.3598596Z  * [new branch]        handoff-body/r9-fr-12   -> origin/handoff-body/r9-fr-12
2026-10-07T02:58:13.3599903Z  * [new branch]        handoff-body/r9-fr10c-state-tools -> origin/handoff-body/r9-fr10c-state-tools
2026-10-07T02:58:13.3601357Z  * [new branch]        handoff-body/r9-rc-prcontract-fix -> origin/handoff-body/r9-rc-prcontract-fix
2026-10-07T02:58:13.3602988Z  * [new branch]        handoff-body/r9-record-loop -> origin/handoff-body/r9-record-loop
2026-10-07T02:58:13.3604185Z  * [new branch]        handoff-body/r9-ro-2b   -> origin/handoff-body/r9-ro-2b
2026-10-07T02:58:13.3605236Z  * [new branch]        handoff-body/r9-ro-3    -> origin/handoff-body/r9-ro-3
2026-10-07T02:58:13.3606473Z  * [new branch]        handoff-body/r9-ro-4    -> origin/handoff-body/r9-ro-4
2026-10-07T02:58:13.3607794Z  * [new branch]        handoff-body/r9-ro-5    -> origin/handoff-body/r9-ro-5
2026-10-07T02:58:13.3608851Z  * [new branch]        handoff-body/r9-ro-6    -> origin/handoff-body/r9-ro-6
2026-10-07T02:58:13.3610111Z  * [new branch]        handoff-body/r9-ro-7    -> origin/handoff-body/r9-ro-7
2026-10-07T02:58:13.3611302Z  * [new branch]        handoff-body/r9-stamp-unblock -> origin/handoff-body/r9-stamp-unblock
2026-10-07T02:58:13.3613258Z  * [new branch]        handoff-body/r9-sw-1-setpoint -> origin/handoff-body/r9-sw-1-setpoint
2026-10-07T02:58:13.3614516Z  * [new branch]        handoff-body/r9-sw-5    -> origin/handoff-body/r9-sw-5
2026-10-07T02:58:13.3615795Z  * [new branch]        handoff-body/r9-sw-actuation -> origin/handoff-body/r9-sw-actuation
2026-10-07T02:58:13.3616993Z  * [new branch]        handoff-body/r9-sw-card -> origin/handoff-body/r9-sw-card
2026-10-07T02:58:13.3618106Z  * [new branch]        handoff-body/r9-sw-gchv -> origin/handoff-body/r9-sw-gchv
2026-10-07T02:58:13.3619327Z  * [new branch]        handoff-body/r9-sw-model -> origin/handoff-body/r9-sw-model
2026-10-07T02:58:13.3620386Z  * [new branch]        handoff-body/r9-sw6     -> origin/handoff-body/r9-sw6
2026-10-07T02:58:13.3621572Z  * [new branch]        handoff-body/r9-ux-actions -> origin/handoff-body/r9-ux-actions
2026-10-07T02:58:13.3623227Z  * [new branch]        handoff/audit-r9-alt    -> origin/handoff/audit-r9-alt
2026-10-07T02:58:13.3624365Z  * [new branch]        handoff/audit-r9-evidence -> origin/handoff/audit-r9-evidence
2026-10-07T02:58:13.3625506Z  * [new branch]        handoff/audit-r9-find-B1 -> origin/handoff/audit-r9-find-B1
2026-10-07T02:58:13.3626612Z  * [new branch]        handoff/audit-r9-find-B10 -> origin/handoff/audit-r9-find-B10
2026-10-07T02:58:13.3627720Z  * [new branch]        handoff/audit-r9-find-B2 -> origin/handoff/audit-r9-find-B2
2026-10-07T02:58:13.3629273Z  * [new branch]        handoff/audit-r9-find-B3 -> origin/handoff/audit-r9-find-B3
2026-10-07T02:58:13.3630536Z  * [new branch]        handoff/audit-r9-find-B4 -> origin/handoff/audit-r9-find-B4
2026-10-07T02:58:13.3631637Z  * [new branch]        handoff/audit-r9-find-B5 -> origin/handoff/audit-r9-find-B5
2026-10-07T02:58:13.3633691Z  * [new branch]        handoff/audit-r9-find-B6 -> origin/handoff/audit-r9-find-B6
2026-10-07T02:58:13.3635867Z  * [new branch]        handoff/audit-r9-find-B7 -> origin/handoff/audit-r9-find-B7
2026-10-07T02:58:13.3637977Z  * [new branch]        handoff/audit-r9-find-B8 -> origin/handoff/audit-r9-find-B8
2026-10-07T02:58:13.3640265Z  * [new branch]        handoff/audit-r9-find-B9 -> origin/handoff/audit-r9-find-B9
2026-10-07T02:58:13.3642434Z  * [new branch]        handoff/audit-r9-fixplan -> origin/handoff/audit-r9-fixplan
2026-10-07T02:58:13.3645132Z  * [new branch]        handoff/audit-r9-issues -> origin/handoff/audit-r9-issues
2026-10-07T02:58:13.3647020Z  * [new branch]        handoff/audit-r9-judge  -> origin/handoff/audit-r9-judge
2026-10-07T02:58:13.3648796Z  * [new branch]        handoff/audit-r9-leads  -> origin/handoff/audit-r9-leads
2026-10-07T02:58:13.3650610Z  * [new branch]        handoff/audit-r9-leads-l2 -> origin/handoff/audit-r9-leads-l2
2026-10-07T02:58:13.3653061Z  * [new branch]        handoff/audit-r9-leads-l3 -> origin/handoff/audit-r9-leads-l3
2026-10-07T02:58:13.3654608Z  * [new branch]        handoff/audit-r9-leads-l4 -> origin/handoff/audit-r9-leads-l4
2026-10-07T02:58:13.3655786Z  * [new branch]        handoff/audit-r9-leads-lc -> origin/handoff/audit-r9-leads-lc
2026-10-07T02:58:13.3656965Z  * [new branch]        handoff/audit-r9-plan   -> origin/handoff/audit-r9-plan
2026-10-07T02:58:13.3658124Z  * [new branch]        handoff/audit-r9-register -> origin/handoff/audit-r9-register
2026-10-07T02:58:13.3659281Z  * [new branch]        handoff/audit-r9-runner-1 -> origin/handoff/audit-r9-runner-1
2026-10-07T02:58:13.3660427Z  * [new branch]        handoff/audit-r9-sweep-s1 -> origin/handoff/audit-r9-sweep-s1
2026-10-07T02:58:13.3662250Z  * [new branch]        handoff/audit-r9-sweep-s2 -> origin/handoff/audit-r9-sweep-s2
2026-10-07T02:58:13.3664096Z  * [new branch]        handoff/audit-r9-sweep-s3 -> origin/handoff/audit-r9-sweep-s3
2026-10-07T02:58:13.3665295Z  * [new branch]        handoff/audit-r9-sweep-s4 -> origin/handoff/audit-r9-sweep-s4
2026-10-07T02:58:13.3666676Z  * [new branch]        handoff/audit-r9-sweep-s5 -> origin/handoff/audit-r9-sweep-s5
2026-10-07T02:58:13.3667833Z  * [new branch]        handoff/audit-r9-sweep-s6 -> origin/handoff/audit-r9-sweep-s6
2026-10-07T02:58:13.3668972Z  * [new branch]        handoff/audit-r9-sweep-s7 -> origin/handoff/audit-r9-sweep-s7
2026-10-07T02:58:13.3670168Z  * [new branch]        handoff/audit-r9-verify-g1-v1 -> origin/handoff/audit-r9-verify-g1-v1
2026-10-07T02:58:13.3671830Z  * [new branch]        handoff/audit-r9-verify-g1-v2 -> origin/handoff/audit-r9-verify-g1-v2
2026-10-07T02:58:13.3673397Z  * [new branch]        handoff/audit-r9-verify-g1-v3 -> origin/handoff/audit-r9-verify-g1-v3
2026-10-07T02:58:13.3675714Z  * [new branch]        handoff/audit-r9-verify-g2-v1 -> origin/handoff/audit-r9-verify-g2-v1
2026-10-07T02:58:13.3678115Z  * [new branch]        handoff/audit-r9-verify-g2-v2 -> origin/handoff/audit-r9-verify-g2-v2
2026-10-07T02:58:13.3680420Z  * [new branch]        handoff/audit-r9-verify-g2-v3 -> origin/handoff/audit-r9-verify-g2-v3
2026-10-07T02:58:13.3683013Z  * [new branch]        handoff/audit-r9-verify-g3-v1 -> origin/handoff/audit-r9-verify-g3-v1
2026-10-07T02:58:13.3685427Z  * [new branch]        handoff/audit-r9-verify-g3-v2 -> origin/handoff/audit-r9-verify-g3-v2
2026-10-07T02:58:13.3687668Z  * [new branch]        handoff/audit-r9-verify-g3-v3 -> origin/handoff/audit-r9-verify-g3-v3
2026-10-07T02:58:13.3689836Z  * [new branch]        handoff/audit-r9-verify-g4-v1 -> origin/handoff/audit-r9-verify-g4-v1
2026-10-07T02:58:13.3692172Z  * [new branch]        handoff/audit-r9-verify-g4-v2 -> origin/handoff/audit-r9-verify-g4-v2
2026-10-07T02:58:13.3694210Z  * [new branch]        handoff/audit-r9-verify-g4-v3 -> origin/handoff/audit-r9-verify-g4-v3
2026-10-07T02:58:13.3695423Z  * [new branch]        handoff/main-red        -> origin/handoff/main-red
2026-10-07T02:58:13.3696524Z  * [new branch]        handoff/plan-table-issues -> origin/handoff/plan-table-issues
2026-10-07T02:58:13.3697656Z  * [new branch]        handoff/r9-dbg-0        -> origin/handoff/r9-dbg-0
2026-10-07T02:58:13.3698632Z  * [new branch]        handoff/r9-dbg-1        -> origin/handoff/r9-dbg-1
2026-10-07T02:58:13.3699578Z  * [new branch]        handoff/r9-dbg-3        -> origin/handoff/r9-dbg-3
2026-10-07T02:58:13.3701360Z  * [new branch]        handoff/r9-diag-1       -> origin/handoff/r9-diag-1
2026-10-07T02:58:13.3703094Z  * [new branch]        handoff/r9-diag-1f      -> origin/handoff/r9-diag-1f
2026-10-07T02:58:13.3704171Z  * [new branch]        handoff/r9-diag-2s      -> origin/handoff/r9-diag-2s
2026-10-07T02:58:13.3705169Z  * [new branch]        handoff/r9-eg-a3        -> origin/handoff/r9-eg-a3
2026-10-07T02:58:13.3706195Z  * [new branch]        handoff/r9-eg-archscore -> origin/handoff/r9-eg-archscore
2026-10-07T02:58:13.3707230Z  * [new branch]        handoff/r9-eg-b0        -> origin/handoff/r9-eg-b0
2026-10-07T02:58:13.3708238Z  * [new branch]        handoff/r9-eg-b6-r4     -> origin/handoff/r9-eg-b6-r4
2026-10-07T02:58:13.3709587Z  * [new branch]        handoff/r9-eg-collaborator-interfaces -> origin/handoff/r9-eg-collaborator-interfaces
2026-10-07T02:58:13.3711069Z  * [new branch]        handoff/r9-eg-coordinator-seams -> origin/handoff/r9-eg-coordinator-seams
2026-10-07T02:58:13.3712562Z  * [new branch]        handoff/r9-eg-dhw-closure-dedupe-v2 -> origin/handoff/r9-eg-dhw-closure-dedupe-v2
2026-10-07T02:58:13.3714374Z  * [new branch]        handoff/r9-eg-dhw-planner -> origin/handoff/r9-eg-dhw-planner
2026-10-07T02:58:13.3715621Z  * [new branch]        handoff/r9-eg-entry-config -> origin/handoff/r9-eg-entry-config
2026-10-07T02:58:13.3716922Z  * [new branch]        handoff/r9-eg-one-copy  -> origin/handoff/r9-eg-one-copy
2026-10-07T02:58:13.3718126Z  * [new branch]        handoff/r9-eg-param-objects -> origin/handoff/r9-eg-param-objects
2026-10-07T02:58:13.3719386Z  * [new branch]        handoff/r9-eg-register-fold -> origin/handoff/r9-eg-register-fold
2026-10-07T02:58:13.3720818Z  * [new branch]        handoff/r9-eg-solve-inputs -> origin/handoff/r9-eg-solve-inputs
2026-10-07T02:58:13.3722078Z  * [new branch]        handoff/r9-eg-store-version -> origin/handoff/r9-eg-store-version
2026-10-07T02:58:13.3723677Z  * [new branch]        handoff/r9-eg-surface-identity -> origin/handoff/r9-eg-surface-identity
2026-10-07T02:58:13.3725003Z  * [new branch]        handoff/r9-eg-typed-payload -> origin/handoff/r9-eg-typed-payload
2026-10-07T02:58:13.3726339Z  * [new branch]        handoff/r9-eg-typed-payload-b -> origin/handoff/r9-eg-typed-payload-b
2026-10-07T02:58:13.3727691Z  * [new branch]        handoff/r9-f1-coordinator-10 -> origin/handoff/r9-f1-coordinator-10
2026-10-07T02:58:13.3728998Z  * [new branch]        handoff/r9-f1-coordinator-2 -> origin/handoff/r9-f1-coordinator-2
2026-10-07T02:58:13.3730268Z  * [new branch]        handoff/r9-f1-coordinator-3 -> origin/handoff/r9-f1-coordinator-3
2026-10-07T02:58:13.3731517Z  * [new branch]        handoff/r9-f1-coordinator-4 -> origin/handoff/r9-f1-coordinator-4
2026-10-07T02:58:13.3733010Z  * [new branch]        handoff/r9-f1-coordinator-5 -> origin/handoff/r9-f1-coordinator-5
2026-10-07T02:58:13.3734322Z  * [new branch]        handoff/r9-f1-coordinator-7 -> origin/handoff/r9-f1-coordinator-7
2026-10-07T02:58:13.3735787Z  * [new branch]        handoff/r9-f1-coordinator-7-review -> origin/handoff/r9-f1-coordinator-7-review
2026-10-07T02:58:13.3737116Z  * [new branch]        handoff/r9-f10-12       -> origin/handoff/r9-f10-12
2026-10-07T02:58:13.3738158Z  * [new branch]        handoff/r9-f10-13       -> origin/handoff/r9-f10-13
2026-10-07T02:58:13.3739210Z  * [new branch]        handoff/r9-f10-14       -> origin/handoff/r9-f10-14
2026-10-07T02:58:13.3740245Z  * [new branch]        handoff/r9-f10-15       -> origin/handoff/r9-f10-15
2026-10-07T02:58:13.3741283Z  * [new branch]        handoff/r9-f10-16       -> origin/handoff/r9-f10-16
2026-10-07T02:58:13.3742501Z  * [new branch]        handoff/r9-f10-ci-efficiency -> origin/handoff/r9-f10-ci-efficiency
2026-10-07T02:58:13.3744221Z  * [new branch]        handoff/r9-f10-claims-baseline-rca -> origin/handoff/r9-f10-claims-baseline-rca
2026-10-07T02:58:13.3745751Z  * [new branch]        handoff/r9-f10-closure-runalways -> origin/handoff/r9-f10-closure-runalways
2026-10-07T02:58:13.3747286Z  * [new branch]        handoff/r9-f10-gate-infra-1 -> origin/handoff/r9-f10-gate-infra-1
2026-10-07T02:58:13.3748642Z  * [new branch]        handoff/r9-f10-gate-infra-1d -> origin/handoff/r9-f10-gate-infra-1d
2026-10-07T02:58:13.3749954Z  * [new branch]        handoff/r9-f10-gate-infra-4 -> origin/handoff/r9-f10-gate-infra-4
2026-10-07T02:58:13.3751243Z  * [new branch]        handoff/r9-f10-gate-infra-5 -> origin/handoff/r9-f10-gate-infra-5
2026-10-07T02:58:13.3752540Z  * [new branch]        handoff/r9-f10-gate-infra-6 -> origin/handoff/r9-f10-gate-infra-6
2026-10-07T02:58:13.3754134Z  * [new branch]        handoff/r9-f10-harness-timeout -> origin/handoff/r9-f10-harness-timeout
2026-10-07T02:58:13.3755735Z  * [new branch]        handoff/r9-f10-loop-heartbeat -> origin/handoff/r9-f10-loop-heartbeat
2026-10-07T02:58:13.3757074Z  * [new branch]        handoff/r9-f10-merge-queue -> origin/handoff/r9-f10-merge-queue
2026-10-07T02:58:13.3758347Z  * [new branch]        handoff/r9-f11-governance-1 -> origin/handoff/r9-f11-governance-1
2026-10-07T02:58:13.3759672Z  * [new branch]        handoff/r9-f11-governance-3 -> origin/handoff/r9-f11-governance-3
2026-10-07T02:58:13.3760975Z  * [new branch]        handoff/r9-f11-governance-4 -> origin/handoff/r9-f11-governance-4
2026-10-07T02:58:13.3762422Z  * [new branch]        handoff/r9-f11-governance-4-review -> origin/handoff/r9-f11-governance-4-review
2026-10-07T02:58:13.3764094Z  * [new branch]        handoff/r9-f11-governance-5 -> origin/handoff/r9-f11-governance-5
2026-10-07T02:58:13.3765388Z  * [new branch]        handoff/r9-f11-governance-6 -> origin/handoff/r9-f11-governance-6
2026-10-07T02:58:13.3766672Z  * [new branch]        handoff/r9-f11-governance-7 -> origin/handoff/r9-f11-governance-7
2026-10-07T02:58:13.3768114Z  * [new branch]        handoff/r9-f2-solver-1  -> origin/handoff/r9-f2-solver-1
2026-10-07T02:58:13.3769261Z  * [new branch]        handoff/r9-f2-solver-3  -> origin/handoff/r9-f2-solver-3
2026-10-07T02:58:13.3770414Z  * [new branch]        handoff/r9-f2-solver-4  -> origin/handoff/r9-f2-solver-4
2026-10-07T02:58:13.3771557Z  * [new branch]        handoff/r9-f2-solver-5  -> origin/handoff/r9-f2-solver-5
2026-10-07T02:58:13.3773153Z  * [new branch]        handoff/r9-f3-stores-1  -> origin/handoff/r9-f3-stores-1
2026-10-07T02:58:13.3774328Z  * [new branch]        handoff/r9-f3-stores-3  -> origin/handoff/r9-f3-stores-3
2026-10-07T02:58:13.3775587Z  * [new branch]        handoff/r9-f4-inputs-sysid-1 -> origin/handoff/r9-f4-inputs-sysid-1
2026-10-07T02:58:13.3776938Z  * [new branch]        handoff/r9-f4-inputs-sysid-2 -> origin/handoff/r9-f4-inputs-sysid-2
2026-10-07T02:58:13.3778245Z  * [new branch]        handoff/r9-f5-config-text-1 -> origin/handoff/r9-f5-config-text-1
2026-10-07T02:58:13.3779461Z  * [new branch]        handoff/r9-f6-card-1    -> origin/handoff/r9-f6-card-1
2026-10-07T02:58:13.3780560Z  * [new branch]        handoff/r9-f6-card-2    -> origin/handoff/r9-f6-card-2
2026-10-07T02:58:13.3781679Z  * [new branch]        handoff/r9-f6-card-4    -> origin/handoff/r9-f6-card-4
2026-10-07T02:58:13.3783099Z  * [new branch]        handoff/r9-f7-entities-1 -> origin/handoff/r9-f7-entities-1
2026-10-07T02:58:13.3784326Z  * [new branch]        handoff/r9-f7-entities-2 -> origin/handoff/r9-f7-entities-2
2026-10-07T02:58:13.3785624Z  * [new branch]        handoff/r9-f7-family-splits -> origin/handoff/r9-f7-family-splits
2026-10-07T02:58:13.3786827Z  * [new branch]        handoff/r9-f8-docs-1    -> origin/handoff/r9-f8-docs-1
2026-10-07T02:58:13.3787911Z  * [new branch]        handoff/r9-f8-docs-2    -> origin/handoff/r9-f8-docs-2
2026-10-07T02:58:13.3788996Z  * [new branch]        handoff/r9-f8-docs-3    -> origin/handoff/r9-f8-docs-3
2026-10-07T02:58:13.3790156Z  * [new branch]        handoff/r9-f9-test-pins-2 -> origin/handoff/r9-f9-test-pins-2
2026-10-07T02:58:13.3791401Z  * [new branch]        handoff/r9-f9-test-pins-3 -> origin/handoff/r9-f9-test-pins-3
2026-10-07T02:58:13.3792535Z  * [new branch]        handoff/r9-fr-10        -> origin/handoff/r9-fr-10
2026-10-07T02:58:13.3794267Z  * [new branch]        handoff/r9-fr-10-record-autofix-fixes -> origin/handoff/r9-fr-10-record-autofix-fixes
2026-10-07T02:58:13.3795638Z  * [new branch]        handoff/r9-fr-11        -> origin/handoff/r9-fr-11
2026-10-07T02:58:13.3796664Z  * [new branch]        handoff/r9-fr-12        -> origin/handoff/r9-fr-12
2026-10-07T02:58:13.3797843Z  * [new branch]        handoff/r9-fr10c-state-tools -> origin/handoff/r9-fr10c-state-tools
2026-10-07T02:58:13.3799127Z  * [new branch]        handoff/r9-friction-study -> origin/handoff/r9-friction-study
2026-10-07T02:58:13.3800490Z  * [new branch]        handoff/r9-nightly-status-k5uati -> origin/handoff/r9-nightly-status-k5uati
2026-10-07T02:58:13.3801786Z  * [new branch]        handoff/r9-proc-1       -> origin/handoff/r9-proc-1
2026-10-07T02:58:13.3803055Z  * [new branch]        handoff/r9-proc-3       -> origin/handoff/r9-proc-3
2026-10-07T02:58:13.3804128Z  * [new branch]        handoff/r9-proc-4       -> origin/handoff/r9-proc-4
2026-10-07T02:58:13.3805180Z  * [new branch]        handoff/r9-proc-5       -> origin/handoff/r9-proc-5
2026-10-07T02:58:13.3806356Z  * [new branch]        handoff/r9-rc-prcontract-fix -> origin/handoff/r9-rc-prcontract-fix
2026-10-07T02:58:13.3808245Z  * [new branch]        handoff/r9-rca-avoidable-interpreter-bound-recomputation -> origin/handoff/r9-rca-avoidable-interpreter-bound-recomputation
2026-10-07T02:58:13.3810127Z  * [new branch]        handoff/r9-rca-cpu-gate-blind -> origin/handoff/r9-rca-cpu-gate-blind
2026-10-07T02:58:13.3811310Z  * [new branch]        handoff/r9-rca-i1       -> origin/handoff/r9-rca-i1
2026-10-07T02:58:13.3812331Z  * [new branch]        handoff/r9-rca-i3       -> origin/handoff/r9-rca-i3
2026-10-07T02:58:13.3813773Z  * [new branch]        handoff/r9-rca-i4       -> origin/handoff/r9-rca-i4
2026-10-07T02:58:13.3814811Z  * [new branch]        handoff/r9-rca-i5       -> origin/handoff/r9-rca-i5
2026-10-07T02:58:13.3815854Z  * [new branch]        handoff/r9-rca-p1       -> origin/handoff/r9-rca-p1
2026-10-07T02:58:13.3816907Z  * [new branch]        handoff/r9-rca-p11      -> origin/handoff/r9-rca-p11
2026-10-07T02:58:13.3817944Z  * [new branch]        handoff/r9-rca-p2       -> origin/handoff/r9-rca-p2
2026-10-07T02:58:13.3818987Z  * [new branch]        handoff/r9-rca-p3       -> origin/handoff/r9-rca-p3
2026-10-07T02:58:13.3820008Z  * [new branch]        handoff/r9-rca-p5       -> origin/handoff/r9-rca-p5
2026-10-07T02:58:13.3821046Z  * [new branch]        handoff/r9-rca-p6       -> origin/handoff/r9-rca-p6
2026-10-07T02:58:13.3822078Z  * [new branch]        handoff/r9-rca-p9       -> origin/handoff/r9-rca-p9
2026-10-07T02:58:13.3824142Z  * [new branch]        handoff/r9-rca-persisted-future-instant-trusted-without-bound -> origin/handoff/r9-rca-persisted-future-instant-trusted-without-bound
2026-10-07T02:58:13.3826029Z  * [new branch]        handoff/r9-record-loop  -> origin/handoff/r9-record-loop
2026-10-07T02:58:13.3827107Z  * [new branch]        handoff/r9-ro-1         -> origin/handoff/r9-ro-1
2026-10-07T02:58:13.3828106Z  * [new branch]        handoff/r9-ro-2         -> origin/handoff/r9-ro-2
2026-10-07T02:58:13.3829112Z  * [new branch]        handoff/r9-ro-2b        -> origin/handoff/r9-ro-2b
2026-10-07T02:58:13.3830112Z  * [new branch]        handoff/r9-ro-3         -> origin/handoff/r9-ro-3
2026-10-07T02:58:13.3831108Z  * [new branch]        handoff/r9-ro-4         -> origin/handoff/r9-ro-4
2026-10-07T02:58:13.3832106Z  * [new branch]        handoff/r9-ro-5         -> origin/handoff/r9-ro-5
2026-10-07T02:58:13.3833374Z  * [new branch]        handoff/r9-ro-6         -> origin/handoff/r9-ro-6
2026-10-07T02:58:13.3834374Z  * [new branch]        handoff/r9-ro-7         -> origin/handoff/r9-ro-7
2026-10-07T02:58:13.3835461Z  * [new branch]        handoff/r9-stamp-unblock -> origin/handoff/r9-stamp-unblock
2026-10-07T02:58:13.3836623Z  * [new branch]        handoff/r9-sw-1-setpoint -> origin/handoff/r9-sw-1-setpoint
2026-10-07T02:58:13.3837709Z  * [new branch]        handoff/r9-sw-5         -> origin/handoff/r9-sw-5
2026-10-07T02:58:13.3838907Z  * [new branch]        handoff/r9-sw-actuation -> origin/handoff/r9-sw-actuation
2026-10-07T02:58:13.3840031Z  * [new branch]        handoff/r9-sw-card      -> origin/handoff/r9-sw-card
2026-10-07T02:58:13.3841070Z  * [new branch]        handoff/r9-sw-gchv      -> origin/handoff/r9-sw-gchv
2026-10-07T02:58:13.3842121Z  * [new branch]        handoff/r9-sw-model     -> origin/handoff/r9-sw-model
2026-10-07T02:58:13.3843390Z  * [new branch]        handoff/r9-sw6          -> origin/handoff/r9-sw6
2026-10-07T02:58:13.3844430Z  * [new branch]        handoff/r9-ux-actions   -> origin/handoff/r9-ux-actions
2026-10-07T02:58:13.3845501Z  * [new branch]        handoff/r9-ux-events    -> origin/handoff/r9-ux-events
2026-10-07T02:58:13.3846570Z  * [new branch]        handoff/r9-ux-health    -> origin/handoff/r9-ux-health
2026-10-07T02:58:13.3847716Z  * [new branch]        handoff/r9-ux-insight-text -> origin/handoff/r9-ux-insight-text
2026-10-07T02:58:13.3848865Z  * [new branch]        handoff/r9-web-3        -> origin/handoff/r9-web-3
2026-10-07T02:58:13.3849860Z  * [new branch]        handoff/r9-web-4        -> origin/handoff/r9-web-4
2026-10-07T02:58:13.3850848Z  * [new branch]        handoff/r9-web-5        -> origin/handoff/r9-web-5
2026-10-07T02:58:13.3851877Z  * [new branch]        handoff/r9-web-page     -> origin/handoff/r9-web-page
2026-10-07T02:58:13.3853175Z  * [new branch]        handoff/rca-1747        -> origin/handoff/rca-1747
2026-10-07T02:58:13.3854287Z  * [new branch]        handoff/repo-reorg-plan -> origin/handoff/repo-reorg-plan
2026-10-07T02:58:13.3855540Z  * [new branch]        handoff/silent-windows-plan -> origin/handoff/silent-windows-plan
2026-10-07T02:58:13.3856781Z  * [new branch]        main                    -> origin/main
2026-10-07T02:58:13.3857704Z  * [new branch]        record/autofix          -> origin/record/autofix
2026-10-07T02:58:13.3858659Z  * [new branch]        review/1960             -> origin/review/1960
2026-10-07T02:58:13.3859613Z  * [new branch]        review/1966             -> origin/review/1966
2026-10-07T02:58:13.3860542Z  * [new branch]        review/1970             -> origin/review/1970
2026-10-07T02:58:13.3861466Z  * [new branch]        review/1972             -> origin/review/1972
2026-10-07T02:58:13.3862384Z  * [new branch]        review/1973             -> origin/review/1973
2026-10-07T02:58:13.3863623Z  * [new branch]        review/1974             -> origin/review/1974
2026-10-07T02:58:13.3864558Z  * [new branch]        review/1975             -> origin/review/1975
2026-10-07T02:58:13.3865475Z  * [new branch]        review/1976             -> origin/review/1976
2026-10-07T02:58:13.3866394Z  * [new branch]        review/1977             -> origin/review/1977
2026-10-07T02:58:13.3867304Z  * [new branch]        review/1978             -> origin/review/1978
2026-10-07T02:58:13.3868216Z  * [new branch]        review/1979             -> origin/review/1979
2026-10-07T02:58:13.3869123Z  * [new branch]        review/1980             -> origin/review/1980
2026-10-07T02:58:13.3870062Z  * [new branch]        review/1981             -> origin/review/1981
2026-10-07T02:58:13.3870990Z  * [new branch]        review/1982             -> origin/review/1982
2026-10-07T02:58:13.3871890Z  * [new branch]        review/1983             -> origin/review/1983
2026-10-07T02:58:13.3873043Z  * [new branch]        review/1984             -> origin/review/1984
2026-10-07T02:58:13.3873988Z  * [new branch]        review/1986             -> origin/review/1986
2026-10-07T02:58:13.3874897Z  * [new branch]        review/1987             -> origin/review/1987
2026-10-07T02:58:13.3875816Z  * [new branch]        review/1988             -> origin/review/1988
2026-10-07T02:58:13.3876733Z  * [new branch]        review/1989             -> origin/review/1989
2026-10-07T02:58:13.3877646Z  * [new branch]        review/1993             -> origin/review/1993
2026-10-07T02:58:13.3878567Z  * [new branch]        review/1994             -> origin/review/1994
2026-10-07T02:58:13.3879608Z  * [new branch]        review/1995             -> origin/review/1995
2026-10-07T02:58:13.3880520Z  * [new branch]        review/1996             -> origin/review/1996
2026-10-07T02:58:13.3881427Z  * [new branch]        review/1997             -> origin/review/1997
2026-10-07T02:58:13.3882342Z  * [new branch]        review/1999             -> origin/review/1999
2026-10-07T02:58:13.3883508Z  * [new branch]        review/2003             -> origin/review/2003
2026-10-07T02:58:13.3884429Z  * [new branch]        review/2006             -> origin/review/2006
2026-10-07T02:58:13.3885374Z  * [new branch]        review/2007             -> origin/review/2007
2026-10-07T02:58:13.3886315Z  * [new branch]        review/2008             -> origin/review/2008
2026-10-07T02:58:13.3887232Z  * [new branch]        review/2009             -> origin/review/2009
2026-10-07T02:58:13.3888138Z  * [new branch]        review/2010             -> origin/review/2010
2026-10-07T02:58:13.3889066Z  * [new branch]        verdict/1960            -> origin/verdict/1960
2026-10-07T02:58:13.3889991Z  * [new branch]        verdict/1966            -> origin/verdict/1966
2026-10-07T02:58:13.3890915Z  * [new branch]        verdict/1970            -> origin/verdict/1970
2026-10-07T02:58:13.3891838Z  * [new branch]        verdict/1972            -> origin/verdict/1972
2026-10-07T02:58:13.3892998Z  * [new branch]        verdict/1973            -> origin/verdict/1973
2026-10-07T02:58:13.3893949Z  * [new branch]        verdict/1974            -> origin/verdict/1974
2026-10-07T02:58:13.3894872Z  * [new branch]        verdict/1975            -> origin/verdict/1975
2026-10-07T02:58:13.3895790Z  * [new branch]        verdict/1976            -> origin/verdict/1976
2026-10-07T02:58:13.3896968Z  * [new branch]        verdict/1977            -> origin/verdict/1977
2026-10-07T02:58:13.3897894Z  * [new branch]        verdict/1978            -> origin/verdict/1978
2026-10-07T02:58:13.3898809Z  * [new branch]        verdict/1979            -> origin/verdict/1979
2026-10-07T02:58:13.3899731Z  * [new branch]        verdict/1980            -> origin/verdict/1980
2026-10-07T02:58:13.3900643Z  * [new branch]        verdict/1981            -> origin/verdict/1981
2026-10-07T02:58:13.3901557Z  * [new branch]        verdict/1982            -> origin/verdict/1982
2026-10-07T02:58:13.3902470Z  * [new branch]        verdict/1983            -> origin/verdict/1983
2026-10-07T02:58:13.3903671Z  * [new branch]        verdict/1984            -> origin/verdict/1984
2026-10-07T02:58:13.3904591Z  * [new branch]        verdict/1986            -> origin/verdict/1986
2026-10-07T02:58:13.3905505Z  * [new branch]        verdict/1987            -> origin/verdict/1987
2026-10-07T02:58:13.3906424Z  * [new branch]        verdict/1988            -> origin/verdict/1988
2026-10-07T02:58:13.3907341Z  * [new branch]        verdict/1993            -> origin/verdict/1993
2026-10-07T02:58:13.3908242Z  * [new branch]        verdict/1994            -> origin/verdict/1994
2026-10-07T02:58:13.3909157Z  * [new branch]        verdict/1995            -> origin/verdict/1995
2026-10-07T02:58:13.3910068Z  * [new branch]        verdict/1996            -> origin/verdict/1996
2026-10-07T02:58:13.3910982Z  * [new branch]        verdict/1997            -> origin/verdict/1997
2026-10-07T02:58:13.3911891Z  * [new branch]        verdict/1999            -> origin/verdict/1999
2026-10-07T02:58:13.3913051Z  * [new branch]        verdict/2003            -> origin/verdict/2003
2026-10-07T02:58:13.3914032Z  * [new branch]        verdict/2006            -> origin/verdict/2006
2026-10-07T02:58:13.3914954Z  * [new branch]        verdict/2007            -> origin/verdict/2007
2026-10-07T02:58:13.3915871Z  * [new branch]        verdict/2008            -> origin/verdict/2008
2026-10-07T02:58:13.3916799Z  * [new branch]        verdict/2009            -> origin/verdict/2009
2026-10-07T02:58:13.3917708Z  * [new branch]        verdict/2010            -> origin/verdict/2010
2026-10-07T02:58:13.3918848Z  * [new branch]        wip-sync/-eg-b1-base    -> origin/wip-sync/-eg-b1-base
2026-10-07T02:58:13.3919970Z  * [new branch]        wip-sync/-eg-b1-headgold -> origin/wip-sync/-eg-b1-headgold
2026-10-07T02:58:13.3921091Z  * [new branch]        wip-sync/-eg-b1-headrun -> origin/wip-sync/-eg-b1-headrun
2026-10-07T02:58:13.3922163Z  * [new branch]        wip-sync/-eg-b1-mut     -> origin/wip-sync/-eg-b1-mut
2026-10-07T02:58:13.3923465Z  * [new branch]        wip-sync/-eg-b1-mut3    -> origin/wip-sync/-eg-b1-mut3
2026-10-07T02:58:13.3924522Z  * [new branch]        wip-sync/-eg-b1-mut4    -> origin/wip-sync/-eg-b1-mut4
2026-10-07T02:58:13.3925583Z  * [new branch]        wip-sync/-eg-b1-pin     -> origin/wip-sync/-eg-b1-pin
2026-10-07T02:58:13.3926650Z  * [new branch]        wip-sync/fix-r9-eg-b1   -> origin/wip-sync/fix-r9-eg-b1
2026-10-07T02:58:13.3927842Z  * [new branch]        wip-sync/hpo-seats-main-red-wt -> origin/wip-sync/hpo-seats-main-red-wt
2026-10-07T02:58:13.3929255Z  * [new branch]        wip-sync/hpo-seats-orch-roster-wt -> origin/wip-sync/hpo-seats-orch-roster-wt
2026-10-07T02:58:13.3930648Z  * [new branch]        wip-sync/hpo-seats-r9-dbg-3-wt -> origin/wip-sync/hpo-seats-r9-dbg-3-wt
2026-10-07T02:58:13.3932182Z  * [new branch]        wip-sync/hpo-seats-r9-diag-1f-review-base -> origin/wip-sync/hpo-seats-r9-diag-1f-review-base
2026-10-07T02:58:13.3934178Z  * [new branch]        wip-sync/hpo-seats-r9-diag-1f-review-wt -> origin/wip-sync/hpo-seats-r9-diag-1f-review-wt
2026-10-07T02:58:13.3936196Z  * [new branch]        wip-sync/hpo-seats-r9-diag-1f-tmp-mutation-table-gyha385w-w0 -> origin/wip-sync/hpo-seats-r9-diag-1f-tmp-mutation-table-gyha385w-w0
2026-10-07T02:58:13.3938566Z  * [new branch]        wip-sync/hpo-seats-r9-diag-1f-tmp-mutation-table-gyha385w-w1 -> origin/wip-sync/hpo-seats-r9-diag-1f-tmp-mutation-table-gyha385w-w1
2026-10-07T02:58:13.3941108Z  * [new branch]        wip-sync/hpo-seats-r9-diag-1f-tmp-mutation-table-gyha385w-w2 -> origin/wip-sync/hpo-seats-r9-diag-1f-tmp-mutation-table-gyha385w-w2
2026-10-07T02:58:13.3943783Z  * [new branch]        wip-sync/hpo-seats-r9-diag-1f-tmp-mutation-table-gyha385w-w3 -> origin/wip-sync/hpo-seats-r9-diag-1f-tmp-mutation-table-gyha385w-w3
2026-10-07T02:58:13.3945688Z  * [new branch]        wip-sync/hpo-seats-r9-diag-1f-wt -> origin/wip-sync/hpo-seats-r9-diag-1f-wt
2026-10-07T02:58:13.3947062Z  * [new branch]        wip-sync/hpo-seats-r9-eg-a3-wt -> origin/wip-sync/hpo-seats-r9-eg-a3-wt
2026-10-07T02:58:13.3948445Z  * [new branch]        wip-sync/hpo-seats-r9-eg-b6-r4-wt -> origin/wip-sync/hpo-seats-r9-eg-b6-r4-wt
2026-10-07T02:58:13.3949996Z  * [new branch]        wip-sync/hpo-seats-r9-eg-b6-review-plant1 -> origin/wip-sync/hpo-seats-r9-eg-b6-review-plant1
2026-10-07T02:58:13.3951746Z  * [new branch]        wip-sync/hpo-seats-r9-eg-b6-review-plant2 -> origin/wip-sync/hpo-seats-r9-eg-b6-review-plant2
2026-10-07T02:58:13.3953936Z  * [new branch]        wip-sync/hpo-seats-r9-eg-b6-scratch-pins-m0-entities -> origin/wip-sync/hpo-seats-r9-eg-b6-scratch-pins-m0-entities
2026-10-07T02:58:13.3955657Z  * [new branch]        wip-sync/hpo-seats-r9-eg-b6-wt -> origin/wip-sync/hpo-seats-r9-eg-b6-wt
2026-10-07T02:58:13.3956950Z  * [new branch]        wip-sync/hpo-seats-r9-f10-16 -> origin/wip-sync/hpo-seats-r9-f10-16
2026-10-07T02:58:13.3958360Z  * [new branch]        wip-sync/hpo-seats-r9-fr-10-review-wt -> origin/wip-sync/hpo-seats-r9-fr-10-review-wt
2026-10-07T02:58:13.3959977Z  * [new branch]        wip-sync/hpo-seats-r9-fr-10-review-wt-null -> origin/wip-sync/hpo-seats-r9-fr-10-review-wt-null
2026-10-07T02:58:13.3961490Z  * [new branch]        wip-sync/hpo-seats-r9-fr-10-wt -> origin/wip-sync/hpo-seats-r9-fr-10-wt
2026-10-07T02:58:13.3963084Z  * [new branch]        wip-sync/hpo-seats-r9-rc-prcontract-wt -> origin/wip-sync/hpo-seats-r9-rc-prcontract-wt
2026-10-07T02:58:13.3965018Z  * [new branch]        wip-sync/hpo-seats-r9-sw-1-pinroute-copy-quiet_windows.py -> origin/wip-sync/hpo-seats-r9-sw-1-pinroute-copy-quiet_windows.py
2026-10-07T02:58:13.3967498Z  * [new branch]        wip-sync/hpo-seats-r9-sw-1-pinroute-copy-quiet_windows.py-0---2 -> origin/wip-sync/hpo-seats-r9-sw-1-pinroute-copy-quiet_windows.py-0---2
2026-10-07T02:58:13.3969950Z  * [new branch]        wip-sync/hpo-seats-r9-sw-1-pinroute-copy-quiet_windows.py-0---3 -> origin/wip-sync/hpo-seats-r9-sw-1-pinroute-copy-quiet_windows.py-0---3
2026-10-07T02:58:13.3972344Z  * [new branch]        wip-sync/hpo-seats-r9-sw-1-pinroute-copy-quiet_windows.py-1---2 -> origin/wip-sync/hpo-seats-r9-sw-1-pinroute-copy-quiet_windows.py-1---2
2026-10-07T02:58:13.3974880Z  * [new branch]        wip-sync/hpo-seats-r9-sw-1-pinroute-copy-quiet_windows.py-1---3 -> origin/wip-sync/hpo-seats-r9-sw-1-pinroute-copy-quiet_windows.py-1---3
2026-10-07T02:58:13.3977273Z  * [new branch]        wip-sync/hpo-seats-r9-sw-1-pinroute-copy-quiet_windows.py-2---3 -> origin/wip-sync/hpo-seats-r9-sw-1-pinroute-copy-quiet_windows.py-2---3
2026-10-07T02:58:13.3979278Z  * [new branch]        wip-sync/hpo-seats-r9-sw-1-resume-mut-m1 -> origin/wip-sync/hpo-seats-r9-sw-1-resume-mut-m1
2026-10-07T02:58:13.3980927Z  * [new branch]        wip-sync/hpo-seats-r9-sw-1-resume-mut-m2 -> origin/wip-sync/hpo-seats-r9-sw-1-resume-mut-m2
2026-10-07T02:58:13.3982555Z  * [new branch]        wip-sync/hpo-seats-r9-sw-1-resume-mut-m3 -> origin/wip-sync/hpo-seats-r9-sw-1-resume-mut-m3
2026-10-07T02:58:13.3984469Z  * [new branch]        wip-sync/hpo-seats-r9-sw-1-resume-mut-m4 -> origin/wip-sync/hpo-seats-r9-sw-1-resume-mut-m4
2026-10-07T02:58:13.3986163Z  * [new branch]        wip-sync/hpo-seats-r9-sw-1-resume-mut-m5 -> origin/wip-sync/hpo-seats-r9-sw-1-resume-mut-m5
2026-10-07T02:58:13.3987795Z  * [new branch]        wip-sync/hpo-seats-r9-sw-1-resume-mut-m6 -> origin/wip-sync/hpo-seats-r9-sw-1-resume-mut-m6
2026-10-07T02:58:13.3989527Z  * [new branch]        wip-sync/hpo-seats-r9-sw-1-resume-wt -> origin/wip-sync/hpo-seats-r9-sw-1-resume-wt
2026-10-07T02:58:13.3991023Z  * [new branch]        wip-sync/hpo-seats-r9-sw-1-review-wt -> origin/wip-sync/hpo-seats-r9-sw-1-review-wt
2026-10-07T02:58:13.3992415Z  * [new branch]        wip-sync/hpo-seats-r9-sw-1-wt -> origin/wip-sync/hpo-seats-r9-sw-1-wt
2026-10-07T02:58:13.3994074Z  * [new branch]        wip-sync/orchestrator-scratch -> origin/wip-sync/orchestrator-scratch
2026-10-07T02:58:13.3998436Z  * [new branch]        wip-sync/private-tmp-claude-501--Users-timmalmstrom-heatpump-optimizer--claude-worktrees-heatpump-optimizer-approval-af78f2-0006c636-2941-40c6-b798-638de4efb00a-scratchpad-eg-b1-base -> origin/wip-sync/private-tmp-claude-501--Users-timmalmstrom-heatpump-optimizer--claude-worktrees-heatpump-optimizer-approval-af78f2-0006c636-2941-40c6-b798-638de4efb00a-scratchpad-eg-b1-base
2026-10-07T02:58:13.4005979Z  * [new branch]        wip-sync/private-tmp-claude-501--Users-timmalmstrom-heatpump-optimizer--claude-worktrees-heatpump-optimizer-approval-af78f2-0006c636-2941-40c6-b798-638de4efb00a-scratchpad-orch-lintmain -> origin/wip-sync/private-tmp-claude-501--Users-timmalmstrom-heatpump-optimizer--claude-worktrees-heatpump-optimizer-approval-af78f2-0006c636-2941-40c6-b798-638de4efb00a-scratchpad-orch-lintmain
2026-10-07T02:58:13.4013670Z  * [new branch]        wip-sync/private-tmp-claude-501--Users-timmalmstrom-heatpump-optimizer--claude-worktrees-heatpump-optimizer-approval-af78f2-0006c636-2941-40c6-b798-638de4efb00a-scratchpad-orch-planwt -> origin/wip-sync/private-tmp-claude-501--Users-timmalmstrom-heatpump-optimizer--claude-worktrees-heatpump-optimizer-approval-af78f2-0006c636-2941-40c6-b798-638de4efb00a-scratchpad-orch-planwt
2026-10-07T02:58:13.4021299Z  * [new branch]        wip-sync/private-tmp-claude-501--Users-timmalmstrom-heatpump-optimizer--claude-worktrees-heatpump-optimizer-approval-af78f2-0006c636-2941-40c6-b798-638de4efb00a-scratchpad-orch-review-1885-r2-wt -> origin/wip-sync/private-tmp-claude-501--Users-timmalmstrom-heatpump-optimizer--claude-worktrees-heatpump-optimizer-approval-af78f2-0006c636-2941-40c6-b798-638de4efb00a-scratchpad-orch-review-1885-r2-wt
2026-10-07T02:58:13.4029723Z  * [new branch]        wip-sync/private-tmp-claude-501--Users-timmalmstrom-heatpump-optimizer--claude-worktrees-heatpump-optimizer-approval-af78f2-0006c636-2941-40c6-b798-638de4efb00a-scratchpad-orch-review-1885-wt -> origin/wip-sync/private-tmp-claude-501--Users-timmalmstrom-heatpump-optimizer--claude-worktrees-heatpump-optimizer-approval-af78f2-0006c636-2941-40c6-b798-638de4efb00a-scratchpad-orch-review-1885-wt
2026-10-07T02:58:13.4038426Z  * [new branch]        wip-sync/private-tmp-claude-501--Users-timmalmstrom-heatpump-optimizer--claude-worktrees-heatpump-optimizer-approval-af78f2-0006c636-2941-40c6-b798-638de4efb00a-scratchpad-seat-owner-asks-wt -> origin/wip-sync/private-tmp-claude-501--Users-timmalmstrom-heatpump-optimizer--claude-worktrees-heatpump-optimizer-approval-af78f2-0006c636-2941-40c6-b798-638de4efb00a-scratchpad-seat-owner-asks-wt
2026-10-07T02:58:13.4046440Z  * [new branch]        wip-sync/private-tmp-claude-501--Users-timmalmstrom-heatpump-optimizer--claude-worktrees-heatpump-optimizer-approval-af78f2-0006c636-2941-40c6-b798-638de4efb00a-scratchpad-seat-r-ratchet-wt -> origin/wip-sync/private-tmp-claude-501--Users-timmalmstrom-heatpump-optimizer--claude-worktrees-heatpump-optimizer-approval-af78f2-0006c636-2941-40c6-b798-638de4efb00a-scratchpad-seat-r-ratchet-wt
2026-10-07T02:58:13.4054405Z  * [new branch]        wip-sync/private-tmp-claude-501--Users-timmalmstrom-heatpump-optimizer--claude-worktrees-heatpump-optimizer-approval-af78f2-0006c636-2941-40c6-b798-638de4efb00a-scratchpad-seat-ratchet-study-wt -> origin/wip-sync/private-tmp-claude-501--Users-timmalmstrom-heatpump-optimizer--claude-worktrees-heatpump-optimizer-approval-af78f2-0006c636-2941-40c6-b798-638de4efb00a-scratchpad-seat-ratchet-study-wt
2026-10-07T02:58:13.4059031Z  * [new branch]        wip-sync/private-tmp-r9diag1f-base -> origin/wip-sync/private-tmp-r9diag1f-base
2026-10-07T02:58:13.4061702Z  * [new branch]        wip-sync/private-var-folders-47-470ps6zs6vs07m86bz9sczs00000gn-T-mutation-table-0j6dc9ae-w0 -> origin/wip-sync/private-var-folders-47-470ps6zs6vs07m86bz9sczs00000gn-T-mutation-table-0j6dc9ae-w0
2026-10-07T02:58:13.4065512Z  * [new branch]        wip-sync/private-var-folders-47-470ps6zs6vs07m86bz9sczs00000gn-T-mutation-table-0j6dc9ae-w1 -> origin/wip-sync/private-var-folders-47-470ps6zs6vs07m86bz9sczs00000gn-T-mutation-table-0j6dc9ae-w1
2026-10-07T02:58:13.4068929Z  * [new branch]        wip-sync/private-var-folders-47-470ps6zs6vs07m86bz9sczs00000gn-T-mutation-table-0j6dc9ae-w2 -> origin/wip-sync/private-var-folders-47-470ps6zs6vs07m86bz9sczs00000gn-T-mutation-table-0j6dc9ae-w2
2026-10-07T02:58:13.4072375Z  * [new branch]        wip-sync/private-var-folders-47-470ps6zs6vs07m86bz9sczs00000gn-T-mutation-table-0j6dc9ae-w3 -> origin/wip-sync/private-var-folders-47-470ps6zs6vs07m86bz9sczs00000gn-T-mutation-table-0j6dc9ae-w3
2026-10-07T02:58:13.4076240Z  * [new branch]        wip-sync/private-var-folders-47-470ps6zs6vs07m86bz9sczs00000gn-T-mutation-table-2srpcqxp-w0 -> origin/wip-sync/private-var-folders-47-470ps6zs6vs07m86bz9sczs00000gn-T-mutation-table-2srpcqxp-w0
2026-10-07T02:58:13.4079726Z  * [new branch]        wip-sync/private-var-folders-47-470ps6zs6vs07m86bz9sczs00000gn-T-mutation-table-2srpcqxp-w1 -> origin/wip-sync/private-var-folders-47-470ps6zs6vs07m86bz9sczs00000gn-T-mutation-table-2srpcqxp-w1
2026-10-07T02:58:13.4083463Z  * [new branch]        wip-sync/private-var-folders-47-470ps6zs6vs07m86bz9sczs00000gn-T-mutation-table-2srpcqxp-w2 -> origin/wip-sync/private-var-folders-47-470ps6zs6vs07m86bz9sczs00000gn-T-mutation-table-2srpcqxp-w2
2026-10-07T02:58:13.4086957Z  * [new branch]        wip-sync/private-var-folders-47-470ps6zs6vs07m86bz9sczs00000gn-T-mutation-table-2srpcqxp-w3 -> origin/wip-sync/private-var-folders-47-470ps6zs6vs07m86bz9sczs00000gn-T-mutation-table-2srpcqxp-w3
2026-10-07T02:58:13.4090411Z  * [new branch]        wip-sync/private-var-folders-47-470ps6zs6vs07m86bz9sczs00000gn-T-mutation-table-5hs327hq-w0 -> origin/wip-sync/private-var-folders-47-470ps6zs6vs07m86bz9sczs00000gn-T-mutation-table-5hs327hq-w0
2026-10-07T02:58:13.4094319Z  * [new branch]        wip-sync/private-var-folders-47-470ps6zs6vs07m86bz9sczs00000gn-T-mutation-table-5hs327hq-w1 -> origin/wip-sync/private-var-folders-47-470ps6zs6vs07m86bz9sczs00000gn-T-mutation-table-5hs327hq-w1
2026-10-07T02:58:13.4097761Z  * [new branch]        wip-sync/private-var-folders-47-470ps6zs6vs07m86bz9sczs00000gn-T-mutation-table-5hs327hq-w2 -> origin/wip-sync/private-var-folders-47-470ps6zs6vs07m86bz9sczs00000gn-T-mutation-table-5hs327hq-w2
2026-10-07T02:58:13.4101166Z  * [new branch]        wip-sync/private-var-folders-47-470ps6zs6vs07m86bz9sczs00000gn-T-mutation-table-5hs327hq-w3 -> origin/wip-sync/private-var-folders-47-470ps6zs6vs07m86bz9sczs00000gn-T-mutation-table-5hs327hq-w3
2026-10-07T02:58:13.4104923Z  * [new branch]        wip-sync/private-var-folders-47-470ps6zs6vs07m86bz9sczs00000gn-T-mutation-table-7syftt78-w0 -> origin/wip-sync/private-var-folders-47-470ps6zs6vs07m86bz9sczs00000gn-T-mutation-table-7syftt78-w0
2026-10-07T02:58:13.4108350Z  * [new branch]        wip-sync/private-var-folders-47-470ps6zs6vs07m86bz9sczs00000gn-T-mutation-table-7syftt78-w1 -> origin/wip-sync/private-var-folders-47-470ps6zs6vs07m86bz9sczs00000gn-T-mutation-table-7syftt78-w1
2026-10-07T02:58:13.4111753Z  * [new branch]        wip-sync/private-var-folders-47-470ps6zs6vs07m86bz9sczs00000gn-T-mutation-table-7syftt78-w2 -> origin/wip-sync/private-var-folders-47-470ps6zs6vs07m86bz9sczs00000gn-T-mutation-table-7syftt78-w2
2026-10-07T02:58:13.4115577Z  * [new branch]        wip-sync/private-var-folders-47-470ps6zs6vs07m86bz9sczs00000gn-T-mutation-table-7syftt78-w3 -> origin/wip-sync/private-var-folders-47-470ps6zs6vs07m86bz9sczs00000gn-T-mutation-table-7syftt78-w3
2026-10-07T02:58:13.4119015Z  * [new branch]        wip-sync/private-var-folders-47-470ps6zs6vs07m86bz9sczs00000gn-T-mutation-table-a8o6u353-w0 -> origin/wip-sync/private-var-folders-47-470ps6zs6vs07m86bz9sczs00000gn-T-mutation-table-a8o6u353-w0
2026-10-07T02:58:13.4122819Z  * [new branch]        wip-sync/private-var-folders-47-470ps6zs6vs07m86bz9sczs00000gn-T-mutation-table-aqj4szpl-w0 -> origin/wip-sync/private-var-folders-47-470ps6zs6vs07m86bz9sczs00000gn-T-mutation-table-aqj4szpl-w0
2026-10-07T02:58:13.4126373Z  * [new branch]        wip-sync/private-var-folders-47-470ps6zs6vs07m86bz9sczs00000gn-T-mutation-table-aqj4szpl-w1 -> origin/wip-sync/private-var-folders-47-470ps6zs6vs07m86bz9sczs00000gn-T-mutation-table-aqj4szpl-w1
2026-10-07T02:58:13.4129785Z  * [new branch]        wip-sync/private-var-folders-47-470ps6zs6vs07m86bz9sczs00000gn-T-mutation-table-aqj4szpl-w3 -> origin/wip-sync/private-var-folders-47-470ps6zs6vs07m86bz9sczs00000gn-T-mutation-table-aqj4szpl-w3
2026-10-07T02:58:13.4133501Z  * [new branch]        wip-sync/private-var-folders-47-470ps6zs6vs07m86bz9sczs00000gn-T-mutation-table-gz1e3k5_-w0 -> origin/wip-sync/private-var-folders-47-470ps6zs6vs07m86bz9sczs00000gn-T-mutation-table-gz1e3k5_-w0
2026-10-07T02:58:13.4136901Z  * [new branch]        wip-sync/private-var-folders-47-470ps6zs6vs07m86bz9sczs00000gn-T-mutation-table-gz1e3k5_-w1 -> origin/wip-sync/private-var-folders-47-470ps6zs6vs07m86bz9sczs00000gn-T-mutation-table-gz1e3k5_-w1
2026-10-07T02:58:13.4140259Z  * [new branch]        wip-sync/private-var-folders-47-470ps6zs6vs07m86bz9sczs00000gn-T-mutation-table-gz1e3k5_-w2 -> origin/wip-sync/private-var-folders-47-470ps6zs6vs07m86bz9sczs00000gn-T-mutation-table-gz1e3k5_-w2
2026-10-07T02:58:13.4143935Z  * [new branch]        wip-sync/private-var-folders-47-470ps6zs6vs07m86bz9sczs00000gn-T-mutation-table-gz1e3k5_-w3 -> origin/wip-sync/private-var-folders-47-470ps6zs6vs07m86bz9sczs00000gn-T-mutation-table-gz1e3k5_-w3
2026-10-07T02:58:13.4147340Z  * [new branch]        wip-sync/private-var-folders-47-470ps6zs6vs07m86bz9sczs00000gn-T-mutation-table-i0579dcc-w2 -> origin/wip-sync/private-var-folders-47-470ps6zs6vs07m86bz9sczs00000gn-T-mutation-table-i0579dcc-w2
2026-10-07T02:58:13.4150733Z  * [new branch]        wip-sync/private-var-folders-47-470ps6zs6vs07m86bz9sczs00000gn-T-mutation-table-i0579dcc-w3 -> origin/wip-sync/private-var-folders-47-470ps6zs6vs07m86bz9sczs00000gn-T-mutation-table-i0579dcc-w3
2026-10-07T02:58:13.4154623Z  * [new branch]        wip-sync/private-var-folders-47-470ps6zs6vs07m86bz9sczs00000gn-T-mutation-table-j08e79li-w0 -> origin/wip-sync/private-var-folders-47-470ps6zs6vs07m86bz9sczs00000gn-T-mutation-table-j08e79li-w0
2026-10-07T02:58:13.4158051Z  * [new branch]        wip-sync/private-var-folders-47-470ps6zs6vs07m86bz9sczs00000gn-T-mutation-table-j08e79li-w1 -> origin/wip-sync/private-var-folders-47-470ps6zs6vs07m86bz9sczs00000gn-T-mutation-table-j08e79li-w1
2026-10-07T02:58:13.4161446Z  * [new branch]        wip-sync/private-var-folders-47-470ps6zs6vs07m86bz9sczs00000gn-T-mutation-table-j08e79li-w2 -> origin/wip-sync/private-var-folders-47-470ps6zs6vs07m86bz9sczs00000gn-T-mutation-table-j08e79li-w2
2026-10-07T02:58:13.4165166Z  * [new branch]        wip-sync/private-var-folders-47-470ps6zs6vs07m86bz9sczs00000gn-T-mutation-table-j08e79li-w3 -> origin/wip-sync/private-var-folders-47-470ps6zs6vs07m86bz9sczs00000gn-T-mutation-table-j08e79li-w3
2026-10-07T02:58:13.4168551Z  * [new branch]        wip-sync/private-var-folders-47-470ps6zs6vs07m86bz9sczs00000gn-T-mutation-table-kg0rhfwt-w0 -> origin/wip-sync/private-var-folders-47-470ps6zs6vs07m86bz9sczs00000gn-T-mutation-table-kg0rhfwt-w0
2026-10-07T02:58:13.4171931Z  * [new branch]        wip-sync/private-var-folders-47-470ps6zs6vs07m86bz9sczs00000gn-T-mutation-table-kg0rhfwt-w1 -> origin/wip-sync/private-var-folders-47-470ps6zs6vs07m86bz9sczs00000gn-T-mutation-table-kg0rhfwt-w1
2026-10-07T02:58:13.4175670Z  * [new branch]        wip-sync/private-var-folders-47-470ps6zs6vs07m86bz9sczs00000gn-T-mutation-table-kg0rhfwt-w2 -> origin/wip-sync/private-var-folders-47-470ps6zs6vs07m86bz9sczs00000gn-T-mutation-table-kg0rhfwt-w2
2026-10-07T02:58:13.4179232Z  * [new branch]        wip-sync/private-var-folders-47-470ps6zs6vs07m86bz9sczs00000gn-T-mutation-table-kg0rhfwt-w3 -> origin/wip-sync/private-var-folders-47-470ps6zs6vs07m86bz9sczs00000gn-T-mutation-table-kg0rhfwt-w3
2026-10-07T02:58:13.4182922Z  * [new branch]        wip-sync/private-var-folders-47-470ps6zs6vs07m86bz9sczs00000gn-T-mutation-table-ldulsw5p-w0 -> origin/wip-sync/private-var-folders-47-470ps6zs6vs07m86bz9sczs00000gn-T-mutation-table-ldulsw5p-w0
2026-10-07T02:58:13.4186452Z  * [new branch]        wip-sync/private-var-folders-47-470ps6zs6vs07m86bz9sczs00000gn-T-mutation-table-leyjtoag-w0 -> origin/wip-sync/private-var-folders-47-470ps6zs6vs07m86bz9sczs00000gn-T-mutation-table-leyjtoag-w0
2026-10-07T02:58:13.4189852Z  * [new branch]        wip-sync/private-var-folders-47-470ps6zs6vs07m86bz9sczs00000gn-T-mutation-table-leyjtoag-w1 -> origin/wip-sync/private-var-folders-47-470ps6zs6vs07m86bz9sczs00000gn-T-mutation-table-leyjtoag-w1
2026-10-07T02:58:13.4193610Z  * [new branch]        wip-sync/private-var-folders-47-470ps6zs6vs07m86bz9sczs00000gn-T-mutation-table-leyjtoag-w2 -> origin/wip-sync/private-var-folders-47-470ps6zs6vs07m86bz9sczs00000gn-T-mutation-table-leyjtoag-w2
2026-10-07T02:58:13.4197068Z  * [new branch]        wip-sync/private-var-folders-47-470ps6zs6vs07m86bz9sczs00000gn-T-mutation-table-leyjtoag-w3 -> origin/wip-sync/private-var-folders-47-470ps6zs6vs07m86bz9sczs00000gn-T-mutation-table-leyjtoag-w3
2026-10-07T02:58:13.4200484Z  * [new branch]        wip-sync/private-var-folders-47-470ps6zs6vs07m86bz9sczs00000gn-T-mutation-table-ors3p7nx-w0 -> origin/wip-sync/private-var-folders-47-470ps6zs6vs07m86bz9sczs00000gn-T-mutation-table-ors3p7nx-w0
2026-10-07T02:58:13.4204187Z  * [new branch]        wip-sync/private-var-folders-47-470ps6zs6vs07m86bz9sczs00000gn-T-mutation-table-ors3p7nx-w1 -> origin/wip-sync/private-var-folders-47-470ps6zs6vs07m86bz9sczs00000gn-T-mutation-table-ors3p7nx-w1
2026-10-07T02:58:13.4207613Z  * [new branch]        wip-sync/private-var-folders-47-470ps6zs6vs07m86bz9sczs00000gn-T-mutation-table-ors3p7nx-w2 -> origin/wip-sync/private-var-folders-47-470ps6zs6vs07m86bz9sczs00000gn-T-mutation-table-ors3p7nx-w2
2026-10-07T02:58:13.4211182Z  * [new branch]        wip-sync/private-var-folders-47-470ps6zs6vs07m86bz9sczs00000gn-T-mutation-table-ors3p7nx-w3 -> origin/wip-sync/private-var-folders-47-470ps6zs6vs07m86bz9sczs00000gn-T-mutation-table-ors3p7nx-w3
2026-10-07T02:58:13.4214936Z  * [new branch]        wip-sync/private-var-folders-47-470ps6zs6vs07m86bz9sczs00000gn-T-mutation-table-r7ghuvff-w0 -> origin/wip-sync/private-var-folders-47-470ps6zs6vs07m86bz9sczs00000gn-T-mutation-table-r7ghuvff-w0
2026-10-07T02:58:13.4218341Z  * [new branch]        wip-sync/private-var-folders-47-470ps6zs6vs07m86bz9sczs00000gn-T-mutation-table-r7ghuvff-w1 -> origin/wip-sync/private-var-folders-47-470ps6zs6vs07m86bz9sczs00000gn-T-mutation-table-r7ghuvff-w1
2026-10-07T02:58:13.4221736Z  * [new branch]        wip-sync/private-var-folders-47-470ps6zs6vs07m86bz9sczs00000gn-T-mutation-table-r7ghuvff-w2 -> origin/wip-sync/private-var-folders-47-470ps6zs6vs07m86bz9sczs00000gn-T-mutation-table-r7ghuvff-w2
2026-10-07T02:58:13.4225543Z  * [new branch]        wip-sync/private-var-folders-47-470ps6zs6vs07m86bz9sczs00000gn-T-mutation-table-r7ghuvff-w3 -> origin/wip-sync/private-var-folders-47-470ps6zs6vs07m86bz9sczs00000gn-T-mutation-table-r7ghuvff-w3
2026-10-07T02:58:13.4227723Z  * [new tag]           audit-round2-evidence   -> audit-round2-evidence
2026-10-07T02:58:13.4228593Z  * [new tag]           v2.3.0-beta.1           -> v2.3.0-beta.1
2026-10-07T02:58:13.4229369Z  * [new tag]           v2.4.0                  -> v2.4.0
2026-10-07T02:58:13.4230088Z  * [new tag]           v2.4.1                  -> v2.4.1
2026-10-07T02:58:13.4230795Z  * [new tag]           v2.5.0                  -> v2.5.0
2026-10-07T02:58:13.4231498Z  * [new tag]           v2.6.0                  -> v2.6.0
2026-10-07T02:58:13.4232205Z  * [new tag]           v2.6.1                  -> v2.6.1
2026-10-07T02:58:13.4233565Z  * [new tag]           v2.7.0                  -> v2.7.0
2026-10-07T02:58:13.4234319Z  * [new tag]           v2.8.0                  -> v2.8.0
2026-10-07T02:58:13.4235044Z  * [new tag]           v3.0.0                  -> v3.0.0
2026-10-07T02:58:13.4235765Z  * [new tag]           v3.1.0                  -> v3.1.0
2026-10-07T02:58:13.4236493Z  * [new tag]           v3.1.1                  -> v3.1.1
2026-10-07T02:58:13.4237203Z  * [new tag]           v3.1.2                  -> v3.1.2
2026-10-07T02:58:13.4237925Z  * [new tag]           v3.14.0                 -> v3.14.0
2026-10-07T02:58:13.4238653Z  * [new tag]           v3.16.0                 -> v3.16.0
2026-10-07T02:58:13.4239377Z  * [new tag]           v3.2.0                  -> v3.2.0
2026-10-07T02:58:13.4240097Z  * [new tag]           v3.3.0                  -> v3.3.0
2026-10-07T02:58:13.4241045Z  * [new tag]           v3.3.1                  -> v3.3.1
2026-10-07T02:58:13.4241817Z  * [new tag]           v3.4.0                  -> v3.4.0
2026-10-07T02:58:13.4242559Z  * [new tag]           v3.4.1                  -> v3.4.1
2026-10-07T02:58:13.4243595Z  * [new tag]           v3.5.0                  -> v3.5.0
2026-10-07T02:58:13.4244623Z  * [new tag]           v3.6.0                  -> v3.6.0
2026-10-07T02:58:13.4245376Z  * [new tag]           v3.6.1                  -> v3.6.1
2026-10-07T02:58:13.4246130Z  * [new tag]           v3.7.0                  -> v3.7.0
2026-10-07T02:58:13.4246855Z  * [new tag]           v3.7.1                  -> v3.7.1
2026-10-07T02:58:13.4247586Z  * [new tag]           v3.8.0                  -> v3.8.0
2026-10-07T02:58:13.4248303Z  * [new tag]           v4.0.0                  -> v4.0.0
2026-10-07T02:58:13.4249009Z  * [new tag]           v4.0.1                  -> v4.0.1
2026-10-07T02:58:13.4249719Z  * [new tag]           v4.0.2                  -> v4.0.2
2026-10-07T02:58:13.4250419Z  * [new tag]           v4.0.3                  -> v4.0.3
2026-10-07T02:58:13.4251124Z  * [new tag]           v4.0.4                  -> v4.0.4
2026-10-07T02:58:13.4251830Z  * [new tag]           v4.0.5                  -> v4.0.5
2026-10-07T02:58:13.4252532Z  * [new tag]           v4.0.6                  -> v4.0.6
2026-10-07T02:58:13.4253582Z  * [new tag]           v4.0.7                  -> v4.0.7
2026-10-07T02:58:13.4254309Z  * [new tag]           v4.1.0                  -> v4.1.0
2026-10-07T02:58:13.4255189Z  * [new tag]           v4.2.0                  -> v4.2.0
2026-10-07T02:58:13.4255927Z  * [new tag]           v4.3.0                  -> v4.3.0
2026-10-07T02:58:13.4256636Z  * [new tag]           v5.0.0                  -> v5.0.0
2026-10-07T02:58:13.4257343Z  * [new tag]           v5.1.0                  -> v5.1.0
2026-10-07T02:58:13.4258042Z  * [new tag]           v5.1.1                  -> v5.1.1
2026-10-07T02:58:13.4258757Z  * [new tag]           v5.1.10                 -> v5.1.10
2026-10-07T02:58:13.4259485Z  * [new tag]           v5.1.2                  -> v5.1.2
2026-10-07T02:58:13.4260194Z  * [new tag]           v5.1.3                  -> v5.1.3
2026-10-07T02:58:13.4260909Z  * [new tag]           v5.1.4                  -> v5.1.4
2026-10-07T02:58:13.4261601Z  * [new tag]           v5.1.5                  -> v5.1.5
2026-10-07T02:58:13.4262302Z  * [new tag]           v5.1.6                  -> v5.1.6
2026-10-07T02:58:13.4263354Z  * [new tag]           v5.1.7                  -> v5.1.7
2026-10-07T02:58:13.4264074Z  * [new tag]           v5.1.9                  -> v5.1.9
2026-10-07T02:58:13.4264775Z  * [new tag]           v5.2.0                  -> v5.2.0
2026-10-07T02:58:13.4265483Z  * [new tag]           v5.3.0                  -> v5.3.0
2026-10-07T02:58:13.4266194Z  * [new tag]           v5.4.0                  -> v5.4.0
2026-10-07T02:58:13.4266907Z  * [new tag]           v5.4.1                  -> v5.4.1
2026-10-07T02:58:13.4267620Z  * [new tag]           v5.5.0                  -> v5.5.0
2026-10-07T02:58:13.4268332Z  * [new tag]           v5.6.0                  -> v5.6.0
2026-10-07T02:58:13.4269034Z  * [new tag]           v5.6.1                  -> v5.6.1
2026-10-07T02:58:13.4269896Z  * [new tag]           v5.6.2                  -> v5.6.2
2026-10-07T02:58:13.4270599Z  * [new tag]           v5.7.0                  -> v5.7.0
2026-10-07T02:58:13.4271307Z  * [new tag]           v5.7.1                  -> v5.7.1
2026-10-07T02:58:13.4272014Z  * [new tag]           v6.0.0                  -> v6.0.0
2026-10-07T02:58:13.4273123Z  * [new tag]           v6.0.1                  -> v6.0.1
2026-10-07T02:58:13.4274074Z  * [new tag]           v6.0.2                  -> v6.0.2
2026-10-07T02:58:13.4274816Z  * [new tag]           v6.0.3                  -> v6.0.3
2026-10-07T02:58:13.4275536Z  * [new tag]           v6.0.4                  -> v6.0.4
2026-10-07T02:58:13.4276251Z  * [new tag]           v6.0.5                  -> v6.0.5
2026-10-07T02:58:13.4276956Z  * [new tag]           v6.0.6                  -> v6.0.6
2026-10-07T02:58:13.4277678Z  * [new tag]           v6.0.7                  -> v6.0.7
2026-10-07T02:58:13.4278381Z  * [new tag]           v6.0.8                  -> v6.0.8
2026-10-07T02:58:13.4279114Z  * [new tag]           v6.0.9                  -> v6.0.9
2026-10-07T02:58:13.4279819Z  * [new tag]           v6.1.0                  -> v6.1.0
2026-10-07T02:58:13.4280530Z  * [new tag]           v6.1.1                  -> v6.1.1
2026-10-07T02:58:13.4281238Z  * [new tag]           v6.1.2                  -> v6.1.2
2026-10-07T02:58:13.4281954Z  * [new tag]           v6.2.0                  -> v6.2.0
2026-10-07T02:58:13.4282892Z  * [new tag]           v6.2.1                  -> v6.2.1
2026-10-07T02:58:13.4283716Z  * [new tag]           v6.2.10                 -> v6.2.10
2026-10-07T02:58:13.4284484Z  * [new tag]           v6.2.11                 -> v6.2.11
2026-10-07T02:58:13.4285235Z  * [new tag]           v6.2.12                 -> v6.2.12
2026-10-07T02:58:13.4285949Z  * [new tag]           v6.2.13                 -> v6.2.13
2026-10-07T02:58:13.4286682Z  * [new tag]           v6.2.14                 -> v6.2.14
2026-10-07T02:58:13.4287396Z  * [new tag]           v6.2.15                 -> v6.2.15
2026-10-07T02:58:13.4288117Z  * [new tag]           v6.2.16                 -> v6.2.16
2026-10-07T02:58:13.4288817Z  * [new tag]           v6.2.17                 -> v6.2.17
2026-10-07T02:58:13.4289540Z  * [new tag]           v6.2.2                  -> v6.2.2
2026-10-07T02:58:13.4290435Z  * [new tag]           v6.2.3                  -> v6.2.3
2026-10-07T02:58:13.4291170Z  * [new tag]           v6.2.4                  -> v6.2.4
2026-10-07T02:58:13.4291879Z  * [new tag]           v6.2.5                  -> v6.2.5
2026-10-07T02:58:13.4292580Z  * [new tag]           v6.2.6                  -> v6.2.6
2026-10-07T02:58:13.4293638Z  * [new tag]           v6.2.7                  -> v6.2.7
2026-10-07T02:58:13.4294356Z  * [new tag]           v6.2.8                  -> v6.2.8
2026-10-07T02:58:13.4295069Z  * [new tag]           v6.2.9                  -> v6.2.9
2026-10-07T02:58:13.4295825Z  * [new tag]           v6.3.0                  -> v6.3.0
2026-10-07T02:58:13.4296553Z  * [new tag]           v6.3.1                  -> v6.3.1
2026-10-07T02:58:13.4297278Z  * [new tag]           v6.3.10                 -> v6.3.10
2026-10-07T02:58:13.4298006Z  * [new tag]           v6.3.11                 -> v6.3.11
2026-10-07T02:58:13.4298722Z  * [new tag]           v6.3.12                 -> v6.3.12
2026-10-07T02:58:13.4299454Z  * [new tag]           v6.3.13                 -> v6.3.13
2026-10-07T02:58:13.4300175Z  * [new tag]           v6.3.14                 -> v6.3.14
2026-10-07T02:58:13.4300878Z  * [new tag]           v6.3.15                 -> v6.3.15
2026-10-07T02:58:13.4301589Z  * [new tag]           v6.3.16                 -> v6.3.16
2026-10-07T02:58:13.4302308Z  * [new tag]           v6.3.17                 -> v6.3.17
2026-10-07T02:58:13.4303321Z  * [new tag]           v6.3.18                 -> v6.3.18
2026-10-07T02:58:13.4304044Z  * [new tag]           v6.3.19                 -> v6.3.19
2026-10-07T02:58:13.4304754Z  * [new tag]           v6.3.2                  -> v6.3.2
2026-10-07T02:58:13.4305634Z  * [new tag]           v6.3.20                 -> v6.3.20
2026-10-07T02:58:13.4306356Z  * [new tag]           v6.3.3                  -> v6.3.3
2026-10-07T02:58:13.4307080Z  * [new tag]           v6.3.4                  -> v6.3.4
2026-10-07T02:58:13.4307798Z  * [new tag]           v6.3.5                  -> v6.3.5
2026-10-07T02:58:13.4308507Z  * [new tag]           v6.3.6                  -> v6.3.6
2026-10-07T02:58:13.4309217Z  * [new tag]           v6.3.7                  -> v6.3.7
2026-10-07T02:58:13.4309926Z  * [new tag]           v6.3.8                  -> v6.3.8
2026-10-07T02:58:13.4310634Z  * [new tag]           v6.3.9                  -> v6.3.9
2026-10-07T02:58:13.4311344Z  * [new tag]           v6.4.0                  -> v6.4.0
2026-10-07T02:58:13.4312045Z  * [new tag]           v6.4.1                  -> v6.4.1
2026-10-07T02:58:13.4313062Z  * [new tag]           v6.4.2                  -> v6.4.2
2026-10-07T02:58:13.4313831Z  * [new tag]           v6.4.3                  -> v6.4.3
2026-10-07T02:58:13.4314550Z  * [new tag]           v6.4.4                  -> v6.4.4
2026-10-07T02:58:13.4315248Z  * [new tag]           v6.5.0                  -> v6.5.0
2026-10-07T02:58:13.4315958Z  * [new tag]           v6.5.1                  -> v6.5.1
2026-10-07T02:58:13.4316663Z  * [new tag]           v6.6.0                  -> v6.6.0
2026-10-07T02:58:13.4317375Z  * [new tag]           v6.6.1                  -> v6.6.1
2026-10-07T02:58:13.4318093Z  * [new tag]           v6.6.10                 -> v6.6.10
2026-10-07T02:58:13.4318809Z  * [new tag]           v6.6.11                 -> v6.6.11
2026-10-07T02:58:13.4319521Z  * [new tag]           v6.6.12                 -> v6.6.12
2026-10-07T02:58:13.4320231Z  * [new tag]           v6.6.2                  -> v6.6.2
2026-10-07T02:58:13.4320935Z  * [new tag]           v6.6.3                  -> v6.6.3
2026-10-07T02:58:13.4321642Z  * [new tag]           v6.6.4                  -> v6.6.4
2026-10-07T02:58:13.4322349Z  * [new tag]           v6.6.5                  -> v6.6.5
2026-10-07T02:58:13.4323437Z  * [new tag]           v6.6.6                  -> v6.6.6
2026-10-07T02:58:13.4324152Z  * [new tag]           v6.6.7                  -> v6.6.7
2026-10-07T02:58:13.4324853Z  * [new tag]           v6.6.8                  -> v6.6.8
2026-10-07T02:58:13.4325553Z  * [new tag]           v6.6.9                  -> v6.6.9
2026-10-07T02:58:13.4326424Z  * [new tag]           v6.7.0                  -> v6.7.0
2026-10-07T02:58:13.4327153Z  * [new tag]           v6.7.1                  -> v6.7.1
2026-10-07T02:58:13.4327869Z  * [new tag]           v6.7.10                 -> v6.7.10
2026-10-07T02:58:13.4328587Z  * [new tag]           v6.7.11                 -> v6.7.11
2026-10-07T02:58:13.4329306Z  * [new tag]           v6.7.12                 -> v6.7.12
2026-10-07T02:58:13.4330035Z  * [new tag]           v6.7.13                 -> v6.7.13
2026-10-07T02:58:13.4330741Z  * [new tag]           v6.7.14                 -> v6.7.14
2026-10-07T02:58:13.4331452Z  * [new tag]           v6.7.15                 -> v6.7.15
2026-10-07T02:58:13.4332161Z  * [new tag]           v6.7.16                 -> v6.7.16
2026-10-07T02:58:13.4333203Z  * [new tag]           v6.7.2                  -> v6.7.2
2026-10-07T02:58:13.4333927Z  * [new tag]           v6.7.3                  -> v6.7.3
2026-10-07T02:58:13.4334643Z  * [new tag]           v6.7.4                  -> v6.7.4
2026-10-07T02:58:13.4335361Z  * [new tag]           v6.7.5                  -> v6.7.5
2026-10-07T02:58:13.4336071Z  * [new tag]           v6.7.6                  -> v6.7.6
2026-10-07T02:58:13.4336776Z  * [new tag]           v6.7.7                  -> v6.7.7
2026-10-07T02:58:13.4337472Z  * [new tag]           v6.7.8                  -> v6.7.8
2026-10-07T02:58:13.4338181Z  * [new tag]           v6.7.9                  -> v6.7.9
2026-10-07T02:58:13.4339053Z  * [new ref]           40514c892f4977b5cbe42003204463122eb41128 -> pull/1987/merge
2026-10-07T02:58:13.4341017Z ##[endgroup]
2026-10-07T02:58:13.4342009Z ##[group]Determining the checkout info
2026-10-07T02:58:13.4343332Z ##[endgroup]
2026-10-07T02:58:13.4343854Z [command]/usr/bin/git sparse-checkout disable
2026-10-07T02:58:13.4345319Z [command]/usr/bin/git config --local --unset-all extensions.worktreeConfig
2026-10-07T02:58:13.4368355Z ##[group]Checking out the ref
2026-10-07T02:58:13.4369809Z [command]/usr/bin/git checkout --progress --force refs/remotes/pull/1987/merge
2026-10-07T02:58:13.8410034Z Note: switching to 'refs/remotes/pull/1987/merge'.
2026-10-07T02:58:13.8413518Z 
2026-10-07T02:58:13.8414516Z You are in 'detached HEAD' state. You can look around, make experimental
2026-10-07T02:58:13.8416292Z changes and commit them, and you can discard any commits you make in this
2026-10-07T02:58:13.8417688Z state without impacting any branches by switching back to a branch.
2026-10-07T02:58:13.8418477Z 
2026-10-07T02:58:13.8419017Z If you want to create a new branch to retain commits you create, you may
2026-10-07T02:58:13.8420413Z do so (now or later) by using -c with the switch command. Example:
2026-10-07T02:58:13.8421309Z 
2026-10-07T02:58:13.8421644Z   git switch -c <new-branch-name>
2026-10-07T02:58:13.8422201Z 
2026-10-07T02:58:13.8422532Z Or undo this operation with:
2026-10-07T02:58:13.8423416Z 
2026-10-07T02:58:13.8423723Z   git switch -
2026-10-07T02:58:13.8424115Z 
2026-10-07T02:58:13.8424913Z Turn off this advice by setting config variable advice.detachedHead to false
2026-10-07T02:58:13.8426007Z 
2026-10-07T02:58:13.8427240Z HEAD is now at 40514c89 Merge 95ad5034d4e41b5440b3c08350a2964c57867a84 into 618d014f0b91ac39d77250bf887618002f628307
2026-10-07T02:58:13.8444858Z ##[endgroup]
2026-10-07T02:58:13.8490680Z [command]/usr/bin/git log -1 --format=%H
2026-10-07T02:58:13.8518630Z 40514c892f4977b5cbe42003204463122eb41128
2026-10-07T02:58:13.8886770Z ##[group]Run actions/setup-python@ece7cb06caefa5fff74198d8649806c4678c61a1
2026-10-07T02:58:13.8888370Z with:
2026-10-07T02:58:13.8889139Z   python-version: 3.13
2026-10-07T02:58:13.8890053Z   check-latest: false
2026-10-07T02:58:13.8899889Z   token: ***
2026-10-07T02:58:13.8900751Z   update-environment: true
2026-10-07T02:58:13.8901728Z   allow-prereleases: false
2026-10-07T02:58:13.8902812Z   freethreaded: false
2026-10-07T02:58:13.8903701Z env:
2026-10-07T02:58:13.8904476Z   DOCS_ONLY_FAST: false
2026-10-07T02:58:13.8905335Z ##[endgroup]
2026-10-07T02:58:14.0251917Z ##[group]Installed versions
2026-10-07T02:58:14.0346860Z Successfully set up CPython (3.13.16)
2026-10-07T02:58:14.0348688Z ##[endgroup]
2026-10-07T02:58:14.0618679Z ##[group]Run actions/setup-node@a0853c24544627f65ddf259abe73b1d18a591444
2026-10-07T02:58:14.0621957Z with:
2026-10-07T02:58:14.0623756Z   node-version: 22
2026-10-07T02:58:14.0625189Z   always-auth: false
2026-10-07T02:58:14.0626709Z   check-latest: false
2026-10-07T02:58:14.0643449Z   token: ***
2026-10-07T02:58:14.0644809Z   package-manager-cache: true
2026-10-07T02:58:14.0646330Z env:
2026-10-07T02:58:14.0647652Z   DOCS_ONLY_FAST: false
2026-10-07T02:58:14.0649574Z   pythonLocation: /opt/hostedtoolcache/Python/3.13.16/x64
2026-10-07T02:58:14.0652432Z   PKG_CONFIG_PATH: /opt/hostedtoolcache/Python/3.13.16/x64/lib/pkgconfig
2026-10-07T02:58:14.0655329Z   Python_ROOT_DIR: /opt/hostedtoolcache/Python/3.13.16/x64
2026-10-07T02:58:14.0657802Z   Python2_ROOT_DIR: /opt/hostedtoolcache/Python/3.13.16/x64
2026-10-07T02:58:14.0660229Z   Python3_ROOT_DIR: /opt/hostedtoolcache/Python/3.13.16/x64
2026-10-07T02:58:14.0662873Z   LD_LIBRARY_PATH: /opt/hostedtoolcache/Python/3.13.16/x64/lib
2026-10-07T02:58:14.0665221Z ##[endgroup]
2026-10-07T02:58:14.2189343Z Found in cache @ /opt/hostedtoolcache/node/22.23.3/x64
2026-10-07T02:58:14.2196788Z (node:2329) [DEP0040] DeprecationWarning: The `punycode` module is deprecated. Please use a userland alternative instead.
2026-10-07T02:58:14.2201305Z (Use `node --trace-deprecation ...` to show where the warning was created)
2026-10-07T02:58:14.2205134Z ##[group]Environment details
2026-10-07T02:58:14.6118736Z node: v22.23.3
2026-10-07T02:58:14.6119211Z npm: 10.9.9
2026-10-07T02:58:14.6119583Z yarn: 1.22.22
2026-10-07T02:58:14.6120871Z ##[endgroup]
2026-10-07T02:58:14.6324673Z ##[group]Run pip install --require-hashes --build-constraint tests/requirements-build.txt -r tests/requirements-ci.txt
2026-10-07T02:58:14.6325637Z [36;1mpip install --require-hashes --build-constraint tests/requirements-build.txt -r tests/requirements-ci.txt[0m
2026-10-07T02:58:14.6588937Z shell: /usr/bin/bash -e {0}
2026-10-07T02:58:14.6589245Z env:
2026-10-07T02:58:14.6589466Z   DOCS_ONLY_FAST: false
2026-10-07T02:58:14.6589801Z   pythonLocation: /opt/hostedtoolcache/Python/3.13.16/x64
2026-10-07T02:58:14.6590293Z   PKG_CONFIG_PATH: /opt/hostedtoolcache/Python/3.13.16/x64/lib/pkgconfig
2026-10-07T02:58:14.6590801Z   Python_ROOT_DIR: /opt/hostedtoolcache/Python/3.13.16/x64
2026-10-07T02:58:14.6591241Z   Python2_ROOT_DIR: /opt/hostedtoolcache/Python/3.13.16/x64
2026-10-07T02:58:14.6591677Z   Python3_ROOT_DIR: /opt/hostedtoolcache/Python/3.13.16/x64
2026-10-07T02:58:14.6592115Z   LD_LIBRARY_PATH: /opt/hostedtoolcache/Python/3.13.16/x64/lib
2026-10-07T02:58:14.6592536Z ##[endgroup]
2026-10-07T02:58:16.3510890Z Collecting aiohappyeyeballs==2.7.1 (from -r tests/requirements-ci.txt (line 27))
2026-10-07T02:58:16.4379351Z   Downloading aiohappyeyeballs-2.7.1-py3-none-any.whl (15 kB)
2026-10-07T02:58:16.9406374Z Collecting aiohttp==3.14.3 (from -r tests/requirements-ci.txt (line 30))
2026-10-07T02:58:16.9569413Z   Downloading aiohttp-3.14.3-cp313-cp313-manylinux2014_x86_64.manylinux_2_17_x86_64.manylinux_2_28_x86_64.whl (1.8 MB)
2026-10-07T02:58:17.0983857Z      ━━━━━━━━━━━━━━━━━━━━━━━━━━━━━━━━━━━━━━━━ 1.8/1.8 MB 16.1 MB/s  0:00:00
2026-10-07T02:58:17.1113293Z Collecting aiosignal==1.4.0 (from -r tests/requirements-ci.txt (line 150))
2026-10-07T02:58:17.1270551Z   Downloading aiosignal-1.4.0-py3-none-any.whl (7.5 kB)
2026-10-07T02:58:17.1406334Z Collecting attrs==26.1.0 (from -r tests/requirements-ci.txt (line 153))
2026-10-07T02:58:17.1572774Z   Downloading attrs-26.1.0-py3-none-any.whl (67 kB)
2026-10-07T02:58:17.2184298Z Collecting frozenlist==1.8.0 (from -r tests/requirements-ci.txt (line 156))
2026-10-07T02:58:17.2340087Z   Downloading frozenlist-1.8.0-cp313-cp313-manylinux1_x86_64.manylinux_2_28_x86_64.manylinux_2_5_x86_64.whl (234 kB)
2026-10-07T02:58:17.2505416Z Collecting idna==3.20 (from -r tests/requirements-ci.txt (line 287))
2026-10-07T02:58:17.2661357Z   Downloading idna-3.20-py3-none-any.whl (69 kB)
2026-10-07T02:58:17.4995933Z Collecting multidict==6.9.1 (from -r tests/requirements-ci.txt (line 290))
2026-10-07T02:58:17.5160390Z   Downloading multidict-6.9.1-cp313-cp313-manylinux2014_x86_64.manylinux_2_17_x86_64.manylinux_2_28_x86_64.whl (336 kB)
2026-10-07T02:58:17.7087311Z Collecting numpy==2.4.6 (from -r tests/requirements-ci.txt (line 462))
2026-10-07T02:58:17.7262054Z   Downloading numpy-2.4.6-cp313-cp313-manylinux_2_27_x86_64.manylinux_2_28_x86_64.whl (16.6 MB)
2026-10-07T02:58:18.0194439Z      ━━━━━━━━━━━━━━━━━━━━━━━━━━━━━━━━━━━━━━━━ 16.6/16.6 MB 56.7 MB/s  0:00:00
2026-10-07T02:58:18.1023402Z Collecting propcache==0.5.4 (from -r tests/requirements-ci.txt (line 535))
2026-10-07T02:58:18.1193041Z   Downloading propcache-0.5.4-cp313-cp313-manylinux2014_x86_64.manylinux_2_17_x86_64.manylinux_2_28_x86_64.whl (234 kB)
2026-10-07T02:58:18.1574760Z Collecting pyyaml==6.0.1 (from -r tests/requirements-ci.txt (line 674))
2026-10-07T02:58:18.1729898Z   Downloading PyYAML-6.0.1.tar.gz (125 kB)
2026-10-07T02:58:18.3141841Z   Installing build dependencies: started
2026-10-07T02:58:20.7611278Z   Installing build dependencies: finished with status 'done'
2026-10-07T02:58:20.7618581Z   Getting requirements to build wheel: started
2026-10-07T02:58:23.0103835Z   Getting requirements to build wheel: finished with status 'done'
2026-10-07T02:58:23.0114806Z   Preparing metadata (pyproject.toml): started
2026-10-07T02:58:23.2513334Z   Preparing metadata (pyproject.toml): finished with status 'done'
2026-10-07T02:58:23.3727174Z Collecting scipy==1.17.1 (from -r tests/requirements-ci.txt (line 726))
2026-10-07T02:58:23.3941564Z   Downloading scipy-1.17.1-cp313-cp313-manylinux_2_27_x86_64.manylinux_2_28_x86_64.whl (35.2 MB)
2026-10-07T02:58:23.6633474Z      ━━━━━━━━━━━━━━━━━━━━━━━━━━━━━━━━━━━━━━━━ 35.2/35.2 MB 131.0 MB/s  0:00:00
2026-10-07T02:58:23.7143801Z Collecting threadpoolctl==3.6.0 (from -r tests/requirements-ci.txt (line 788))
2026-10-07T02:58:23.7312420Z   Downloading threadpoolctl-3.6.0-py3-none-any.whl (18 kB)
2026-10-07T02:58:23.7439436Z Collecting voluptuous==0.16.0 (from -r tests/requirements-ci.txt (line 791))
2026-10-07T02:58:23.7929516Z   Downloading voluptuous-0.16.0-py3-none-any.whl (31 kB)
2026-10-07T02:58:24.0524789Z Collecting yarl==1.25.1 (from -r tests/requirements-ci.txt (line 794))
2026-10-07T02:58:24.0685969Z   Downloading yarl-1.25.1-cp313-cp313-manylinux2014_x86_64.manylinux_2_17_x86_64.manylinux_2_28_x86_64.whl (117 kB)
2026-10-07T02:58:24.0902346Z Building wheels for collected packages: pyyaml
2026-10-07T02:58:24.0910854Z   Building wheel for pyyaml (pyproject.toml): started
2026-10-07T02:58:25.1751267Z   Building wheel for pyyaml (pyproject.toml): finished with status 'done'
2026-10-07T02:58:25.1758120Z   Created wheel for pyyaml: filename=pyyaml-6.0.1-cp313-cp313-linux_x86_64.whl size=45459 sha256=d8d192bb2d3f0cc2c35406805a3422049aace80d5322722328a0102823007c16
2026-10-07T02:58:25.1760455Z   Stored in directory: /home/runner/.cache/pip/wheels/9c/9e/34/1e1548811b63a9d001469f21797e8b7d5c216d8eb928e7d6ad
2026-10-07T02:58:25.1780541Z Successfully built pyyaml
2026-10-07T02:58:25.2371667Z Installing collected packages: voluptuous, threadpoolctl, pyyaml, propcache, numpy, multidict, idna, frozenlist, attrs, aiohappyeyeballs, yarl, scipy, aiosignal, aiohttp
2026-10-07T02:58:31.6997792Z 
2026-10-07T02:58:31.7021605Z Successfully installed aiohappyeyeballs-2.7.1 aiohttp-3.14.3 aiosignal-1.4.0 attrs-26.1.0 frozenlist-1.8.0 idna-3.20 multidict-6.9.1 numpy-2.4.6 propcache-0.5.4 pyyaml-6.0.1 scipy-1.17.1 threadpoolctl-3.6.0 voluptuous-0.16.0 yarl-1.25.1
2026-10-07T02:58:31.9255642Z ##[group]Run sudo apt-get update && sudo apt-get install -y strace
2026-10-07T02:58:31.9256161Z [36;1msudo apt-get update && sudo apt-get install -y strace[0m
2026-10-07T02:58:31.9323144Z shell: /usr/bin/bash -e {0}
2026-10-07T02:58:31.9323399Z env:
2026-10-07T02:58:31.9323593Z   DOCS_ONLY_FAST: false
2026-10-07T02:58:31.9323901Z   pythonLocation: /opt/hostedtoolcache/Python/3.13.16/x64
2026-10-07T02:58:31.9324351Z   PKG_CONFIG_PATH: /opt/hostedtoolcache/Python/3.13.16/x64/lib/pkgconfig
2026-10-07T02:58:31.9324792Z   Python_ROOT_DIR: /opt/hostedtoolcache/Python/3.13.16/x64
2026-10-07T02:58:31.9325175Z   Python2_ROOT_DIR: /opt/hostedtoolcache/Python/3.13.16/x64
2026-10-07T02:58:31.9325558Z   Python3_ROOT_DIR: /opt/hostedtoolcache/Python/3.13.16/x64
2026-10-07T02:58:31.9325936Z   LD_LIBRARY_PATH: /opt/hostedtoolcache/Python/3.13.16/x64/lib
2026-10-07T02:58:31.9326254Z ##[endgroup]
2026-10-07T02:58:32.0147246Z Get:1 file:/etc/apt/apt-mirrors.txt Mirrorlist [144 B]
2026-10-07T02:58:32.0462028Z Get:6 https://packages.microsoft.com/ubuntu/24.04/prod noble InRelease [3600 B]
2026-10-07T02:58:32.0495292Z Hit:2 http://azure.archive.ubuntu.com/ubuntu noble InRelease
2026-10-07T02:58:32.0509564Z Get:3 http://azure.archive.ubuntu.com/ubuntu noble-updates InRelease [126 kB]
2026-10-07T02:58:32.0570554Z Get:4 http://azure.archive.ubuntu.com/ubuntu noble-backports InRelease [126 kB]
2026-10-07T02:58:32.0623287Z Get:5 http://azure.archive.ubuntu.com/ubuntu noble-security InRelease [126 kB]
2026-10-07T02:58:32.1214292Z Get:7 https://packages.microsoft.com/ubuntu/24.04/prod noble/main amd64 Packages [519 kB]
2026-10-07T02:58:32.1364582Z Get:8 https://packages.microsoft.com/ubuntu/24.04/prod noble/main arm64 Packages [463 kB]
2026-10-07T02:58:32.2320443Z Get:9 http://azure.archive.ubuntu.com/ubuntu noble-updates/main amd64 Packages [1375 kB]
2026-10-07T02:58:32.2425925Z Get:10 http://azure.archive.ubuntu.com/ubuntu noble-updates/main Translation-en [306 kB]
2026-10-07T02:58:32.2454508Z Get:11 http://azure.archive.ubuntu.com/ubuntu noble-updates/universe amd64 Packages [1701 kB]
2026-10-07T02:58:32.2543896Z Get:12 http://azure.archive.ubuntu.com/ubuntu noble-updates/universe Translation-en [341 kB]
2026-10-07T02:58:32.2573936Z Get:13 http://azure.archive.ubuntu.com/ubuntu noble-updates/restricted amd64 Packages [1730 kB]
2026-10-07T02:58:32.2668313Z Get:14 http://azure.archive.ubuntu.com/ubuntu noble-updates/restricted Translation-en [396 kB]
2026-10-07T02:58:32.2701497Z Get:15 http://azure.archive.ubuntu.com/ubuntu noble-updates/multiverse Translation-en [13.3 kB]
2026-10-07T02:58:32.3776511Z Get:16 http://azure.archive.ubuntu.com/ubuntu noble-security/main amd64 Packages [1073 kB]
2026-10-07T02:58:32.3837072Z Get:17 http://azure.archive.ubuntu.com/ubuntu noble-security/main Translation-en [223 kB]
2026-10-07T02:58:32.3855708Z Get:18 http://azure.archive.ubuntu.com/ubuntu noble-security/universe amd64 Packages [1218 kB]
2026-10-07T02:58:32.4410305Z Get:19 http://azure.archive.ubuntu.com/ubuntu noble-security/universe Translation-en [245 kB]
2026-10-07T02:58:32.4412301Z Get:20 http://azure.archive.ubuntu.com/ubuntu noble-security/multiverse Translation-en [11.6 kB]
2026-10-07T02:58:34.9854573Z Fetched 9996 kB in 1s (9330 kB/s)
2026-10-07T02:58:35.7973808Z Reading package lists...
2026-10-07T02:58:35.8278643Z Reading package lists...
2026-10-07T02:58:36.0195278Z Building dependency tree...
2026-10-07T02:58:36.0202908Z Reading state information...
2026-10-07T02:58:36.2223135Z strace is already the newest version (6.8-0ubuntu2).
2026-10-07T02:58:36.2223807Z strace set to manually installed.
2026-10-07T02:58:36.2224256Z 0 upgraded, 0 newly installed, 0 to remove and 10 not upgraded.
2026-10-07T02:58:36.2293324Z ##[group]Run REF=$(git rev-parse --verify --quiet 'HEAD^1^{commit}') || REF=HEAD
2026-10-07T02:58:36.2293947Z [36;1mREF=$(git rev-parse --verify --quiet 'HEAD^1^{commit}') || REF=HEAD[0m
2026-10-07T02:58:36.2294458Z [36;1m# --record-only, on both paths: merging here would overwrite the[0m
2026-10-07T02:58:36.2294964Z [36;1m# committed tests/closures.json with what this run just measured, and[0m
2026-10-07T02:58:36.2295470Z [36;1m# the check below would then compare the file against itself.[0m
2026-10-07T02:58:36.2295855Z [36;1mif [ "$SCOPE_CASE" = "scoped" ]; then[0m
2026-10-07T02:58:36.2296230Z [36;1m  printf '%s\n' "$SCOPE_SCRIPTS" > "$RUNNER_TEMP/rederive.txt"[0m
2026-10-07T02:58:36.2296687Z [36;1m  echo "Scoped re-derive; every other closure is left as committed:"[0m
2026-10-07T02:58:36.2297087Z [36;1m  cat "$RUNNER_TEMP/rederive.txt"[0m
2026-10-07T02:58:36.2297360Z [36;1m  while read -r s; do[0m
2026-10-07T02:58:36.2297631Z [36;1m    [ -n "$s" ] || continue[0m
2026-10-07T02:58:36.2297934Z [36;1m    GOLDEN_REF="$REF" ./tests/derive_closures.sh \[0m
2026-10-07T02:58:36.2298335Z [36;1m      --single "$s" --out-dir "$RUNNER_TEMP/closures" --record-only[0m
2026-10-07T02:58:36.2298725Z [36;1m  done < "$RUNNER_TEMP/rederive.txt"[0m
2026-10-07T02:58:36.2298996Z [36;1melse[0m
2026-10-07T02:58:36.2299233Z [36;1m  GOLDEN_REF="$REF" ./tests/derive_closures.sh \[0m
2026-10-07T02:58:36.2299601Z [36;1m    --out-dir "$RUNNER_TEMP/closures" --record-only[0m
2026-10-07T02:58:36.2299901Z [36;1mfi[0m
2026-10-07T02:58:36.2364241Z shell: /usr/bin/bash -e {0}
2026-10-07T02:58:36.2364491Z env:
2026-10-07T02:58:36.2364682Z   DOCS_ONLY_FAST: false
2026-10-07T02:58:36.2364983Z   pythonLocation: /opt/hostedtoolcache/Python/3.13.16/x64
2026-10-07T02:58:36.2365417Z   PKG_CONFIG_PATH: /opt/hostedtoolcache/Python/3.13.16/x64/lib/pkgconfig
2026-10-07T02:58:36.2365841Z   Python_ROOT_DIR: /opt/hostedtoolcache/Python/3.13.16/x64
2026-10-07T02:58:36.2366230Z   Python2_ROOT_DIR: /opt/hostedtoolcache/Python/3.13.16/x64
2026-10-07T02:58:36.2366607Z   Python3_ROOT_DIR: /opt/hostedtoolcache/Python/3.13.16/x64
2026-10-07T02:58:36.2366997Z   LD_LIBRARY_PATH: /opt/hostedtoolcache/Python/3.13.16/x64/lib
2026-10-07T02:58:36.2367320Z   OMP_NUM_THREADS: 1
2026-10-07T02:58:36.2367531Z   OPENBLAS_NUM_THREADS: 1
2026-10-07T02:58:36.2367754Z   MKL_NUM_THREADS: 1
2026-10-07T02:58:36.2367951Z   SCOPE_CASE: full
2026-10-07T02:58:36.2368322Z   SCOPE_SCRIPTS: 
2026-10-07T02:58:36.2368519Z ##[endgroup]
2026-10-07T02:58:36.2547344Z   [02:58:36] record tests/stress.py 
2026-10-07T02:58:36.2548427Z   [02:58:36] record tests/features.py 
2026-10-07T02:58:36.2549526Z   [02:58:36] record tests/doc_claims.py 
2026-10-07T02:58:48.7445175Z   [02:58:48] done   tests/doc_claims.py (exit 0)
2026-10-07T02:58:48.7463611Z   [02:58:48] record tests/md_tables.mjs 
2026-10-07T02:58:49.1345889Z   [02:58:49] done   tests/md_tables.mjs (exit 0)
2026-10-07T02:58:49.1361588Z   [02:58:49] record tests/wood_advisor.py 
2026-10-07T02:58:51.5069891Z   [02:58:51] done   tests/wood_advisor.py (exit 0)
2026-10-07T02:58:51.5088334Z   [02:58:51] record tests/config_flow_steps.py 
2026-10-07T02:59:27.4594976Z   [02:59:27] done   tests/config_flow_steps.py (exit 0)
2026-10-07T02:59:27.4608344Z   [02:59:27] record tests/structure.py 
2026-10-07T02:59:40.6973247Z   [02:59:40] done   tests/structure.py (exit 0)
2026-10-07T02:59:40.6988995Z   [02:59:40] record tests/arch_score.py --smoke
2026-10-07T03:05:15.2311278Z   [03:05:15] done   tests/arch_score.py (exit 0)
2026-10-07T03:05:15.2329950Z   [03:05:15] record tests/arch_score_head.py 
2026-10-07T03:05:57.1232365Z   [03:05:57] done   tests/arch_score_head.py (exit 0)
2026-10-07T03:05:57.1255194Z   [03:05:57] record tests/typing_ruler.py 
2026-10-07T03:05:58.1747597Z   [03:05:58] done   tests/typing_ruler.py (exit 0)
2026-10-07T03:05:58.1766888Z   [03:05:58] record tests/edge.py 
2026-10-07T03:06:47.6570302Z   [03:06:47] done   tests/edge.py (exit 0)
2026-10-07T03:06:47.6586768Z   [03:06:47] record tests/validate.py 
2026-10-07T03:07:43.2157193Z   [03:07:43] done   tests/validate.py (exit 0)
2026-10-07T03:07:43.2175426Z   [03:07:43] record tests/backtest.py 
2026-10-07T03:09:48.6438369Z   [03:09:48] done   tests/backtest.py (exit 0)
2026-10-07T03:09:48.6456953Z   [03:09:48] record tests/boost_drift_replay.py 
2026-10-07T03:13:05.8700478Z   [03:13:05] done   tests/features.py (exit 0)
2026-10-07T03:13:05.8719014Z   [03:13:05] record tests/entities.py 
2026-10-07T03:16:46.2526365Z   [03:16:46] done   tests/stress.py (exit 0)
2026-10-07T03:19:11.5444369Z   [03:19:11] done   tests/entities.py (exit 0)
2026-10-07T03:31:37.1020417Z   [03:31:37] done   tests/boost_drift_replay.py (exit 0)
2026-10-07T03:31:37.1032113Z   [03:31:37] record tests/ha_contract.py 
2026-10-07T03:31:37.8635488Z   [03:31:37] done   tests/ha_contract.py (exit 0)
2026-10-07T03:31:37.8649249Z   [03:31:37] record tests/manual_plan.py 
2026-10-07T03:31:47.6183831Z   [03:31:47] done   tests/manual_plan.py (exit 0)
2026-10-07T03:31:47.6196422Z   [03:31:47] record tests/open_meteo.py 
2026-10-07T03:31:48.3357850Z   [03:31:48] done   tests/open_meteo.py (exit 0)
2026-10-07T03:31:48.3370116Z   [03:31:48] record tests/solar_alignment.py 
2026-10-07T03:31:50.1753993Z   [03:31:50] done   tests/solar_alignment.py (exit 0)
2026-10-07T03:31:50.1767019Z   [03:31:50] record tests/guard_pins.py 
2026-10-07T03:31:51.9470136Z   [03:31:51] done   tests/guard_pins.py (exit 0)
2026-10-07T03:31:51.9482380Z   [03:31:51] record tests/debug_collect.py 
2026-10-07T03:31:53.8078487Z   [03:31:53] done   tests/debug_collect.py (exit 0)
2026-10-07T03:31:53.8090516Z   [03:31:53] record tests/finite_boundary.py 
2026-10-07T03:33:25.5661227Z   [03:33:25] done   tests/finite_boundary.py (exit 0)
2026-10-07T03:33:25.5673278Z   [03:33:25] record tests/harness_headers.py 
2026-10-07T03:37:12.5523110Z   [03:37:12] done   tests/harness_headers.py (exit 0)
2026-10-07T03:37:12.5534729Z   [03:37:12] record tests/layout.py 
2026-10-07T03:37:26.2704476Z   [03:37:26] done   tests/layout.py (exit 0)
2026-10-07T03:37:26.2716391Z   [03:37:26] record tests/deployment_shape.py 
2026-10-07T03:37:30.5619264Z   [03:37:30] done   tests/deployment_shape.py (exit 0)
2026-10-07T03:37:30.5631725Z   [03:37:30] record tests/optimality.py 
2026-10-07T03:40:41.6591921Z   [03:40:41] done   tests/optimality.py (exit 0)
2026-10-07T03:40:41.6606370Z   [03:40:41] record tests/dst_checks.py 
2026-10-07T03:42:13.1126478Z   [03:42:13] done   tests/dst_checks.py (exit 0)
2026-10-07T03:42:13.1139533Z   [03:42:13] record tests/golden.py --only __no_such_scenario__
2026-10-07T03:42:14.5394891Z   [03:42:14] done   tests/golden.py (exit 0)
2026-10-07T03:42:14.5407695Z   [03:42:14] record tests/env_drift.py --cache-key 618d014f0b91ac39d77250bf887618002f628307 --all
2026-10-07T03:42:15.9946965Z   [03:42:15] done   tests/env_drift.py (exit 0)
2026-10-07T03:42:15.9959132Z   [03:42:15] record tests/plan_view.py 
2026-10-07T03:42:18.1001912Z   [03:42:18] done   tests/plan_view.py (exit 0)
2026-10-07T03:42:18.1014056Z   [03:42:18] record tests/frontend.py 
2026-10-07T03:42:18.4978052Z   [03:42:18] done   tests/frontend.py (exit 0)
2026-10-07T03:42:18.4990347Z   [03:42:18] record tests/card.mjs 
2026-10-07T03:42:36.3786252Z   [03:42:36] done   tests/card.mjs (exit 0)
2026-10-07T03:42:36.3799637Z   [03:42:36] record tests/card_drift.mjs 
2026-10-07T03:42:41.6407941Z   [03:42:41] done   tests/card_drift.mjs (exit 0)
2026-10-07T03:42:41.6409629Z 
2026-10-07T03:42:41.6410613Z recorded into /home/runner/work/_temp/closures; tests/closures.json left untouched (--record-only)
2026-10-07T03:42:41.6454470Z ##[group]Run # --partial drops one check and one only: "a selectable script with
2026-10-07T03:42:41.6455067Z [36;1m# --partial drops one check and one only: "a selectable script with[0m
2026-10-07T03:42:41.6455561Z [36;1m# no recording at all", which a scoped re-derive fails by[0m
2026-10-07T03:42:41.6456026Z [36;1m# construction. The under-approximation comparison -- the thing this[0m
2026-10-07T03:42:41.6456510Z [36;1m# job exists for -- is identical on both paths. The output goes to[0m
2026-10-07T03:42:41.6456976Z [36;1m# check.txt in the uploaded recordings: closures-autofix runs the[0m
2026-10-07T03:42:41.6457442Z [36;1m# base's closure.py, and reddens where this one printed UNDER-SCOPED[0m
2026-10-07T03:42:41.6457822Z [36;1m# and that one did not (#1846).[0m
2026-10-07T03:42:41.6458097Z [36;1mset -o pipefail[0m
2026-10-07T03:42:41.6458366Z [36;1mif [ "$SCOPE_CASE" = "scoped" ]; then[0m
2026-10-07T03:42:41.6458960Z [36;1m  python -u tests/closure.py check --in-dir "$RUNNER_TEMP/closures" --partial 2>&1 | tee "$RUNNER_TEMP/closures/check.txt"[0m
2026-10-07T03:42:41.6459506Z [36;1melse[0m
2026-10-07T03:42:41.6459947Z [36;1m  python -u tests/closure.py check --in-dir "$RUNNER_TEMP/closures" 2>&1 | tee "$RUNNER_TEMP/closures/check.txt"[0m
2026-10-07T03:42:41.6460441Z [36;1mfi[0m
2026-10-07T03:42:41.6524455Z shell: /usr/bin/bash -e {0}
2026-10-07T03:42:41.6524704Z env:
2026-10-07T03:42:41.6524899Z   DOCS_ONLY_FAST: false
2026-10-07T03:42:41.6525200Z   pythonLocation: /opt/hostedtoolcache/Python/3.13.16/x64
2026-10-07T03:42:41.6525649Z   PKG_CONFIG_PATH: /opt/hostedtoolcache/Python/3.13.16/x64/lib/pkgconfig
2026-10-07T03:42:41.6526090Z   Python_ROOT_DIR: /opt/hostedtoolcache/Python/3.13.16/x64
2026-10-07T03:42:41.6526483Z   Python2_ROOT_DIR: /opt/hostedtoolcache/Python/3.13.16/x64
2026-10-07T03:42:41.6526863Z   Python3_ROOT_DIR: /opt/hostedtoolcache/Python/3.13.16/x64
2026-10-07T03:42:41.6527251Z   LD_LIBRARY_PATH: /opt/hostedtoolcache/Python/3.13.16/x64/lib
2026-10-07T03:42:41.6527586Z   PYTHONPATH: tests/hastub
2026-10-07T03:42:41.6527810Z   SCOPE_CASE: full
2026-10-07T03:42:41.6528009Z ##[endgroup]
2026-10-07T03:42:41.8394629Z note: tests/boost_drift_replay.py lists 1 file(s) this run did not touch (safe: over-scoped)
2026-10-07T03:42:41.8395874Z note: tests/card.mjs lists 1 file(s) this run did not touch (safe: over-scoped)
2026-10-07T03:42:41.8397000Z note: tests/card_drift.mjs lists 5 file(s) this run did not touch (safe: over-scoped)
2026-10-07T03:42:41.8404382Z UNDER-SCOPED: tests/debug_collect.py really reads 1 file(s) the committed closure does not list:
2026-10-07T03:42:41.8405391Z     custom_components/heatpump_optimizer/quiet_windows.py
2026-10-07T03:42:41.8406381Z note: tests/debug_collect.py lists 1 file(s) this run did not touch (safe: over-scoped)
2026-10-07T03:42:41.8407549Z note: tests/entities.py lists 1 file(s) this run did not touch (safe: over-scoped)
2026-10-07T03:42:41.8408905Z note: tests/env_drift.py lists 1 file(s) this run did not touch (safe: over-scoped)
2026-10-07T03:42:41.8409938Z note: tests/golden.py lists 1 file(s) this run did not touch (safe: over-scoped)
2026-10-07T03:42:41.8411023Z note: tests/manual_plan.py lists 1 file(s) this run did not touch (safe: over-scoped)
2026-10-07T03:42:41.8412104Z note: tests/plan_view.py lists 1 file(s) this run did not touch (safe: over-scoped)
2026-10-07T03:42:41.8413620Z note: tests/solar_alignment.py lists 1 file(s) this run did not touch (safe: over-scoped)
2026-10-07T03:42:41.8414880Z note: tests/wood_advisor.py lists 1 file(s) this run did not touch (safe: over-scoped)
2026-10-07T03:42:41.8415510Z 
2026-10-07T03:42:41.8415865Z 1 closure(s) are stale. Re-derive the named script:
2026-10-07T03:42:41.8416549Z     ./tests/derive_closures.sh --single <script>
2026-10-07T03:42:41.8417359Z and commit tests/closures.json. A full derive_closures.sh off
2026-10-07T03:42:41.8418303Z Linux replaces node-lane recordings; --single cannot shrink them.
2026-10-07T03:42:41.8495438Z ##[error]Process completed with exit code 1.
2026-10-07T03:42:41.8615537Z ##[group]Run actions/upload-artifact@b7c566a772e6b6bfb58ed0dc250532a479d7789f
2026-10-07T03:42:41.8615963Z with:
2026-10-07T03:42:41.8616163Z   name: closure-recordings
2026-10-07T03:42:41.8616420Z   path: /home/runner/work/_temp/closures
2026-10-07T03:42:41.8616696Z   if-no-files-found: ignore
2026-10-07T03:42:41.8616926Z   retention-days: 3
2026-10-07T03:42:41.8617129Z   compression-level: 6
2026-10-07T03:42:41.8617333Z   overwrite: false
2026-10-07T03:42:41.8617540Z   include-hidden-files: false
2026-10-07T03:42:41.8617775Z env:
2026-10-07T03:42:41.8617982Z   DOCS_ONLY_FAST: false
2026-10-07T03:42:41.8618259Z   pythonLocation: /opt/hostedtoolcache/Python/3.13.16/x64
2026-10-07T03:42:41.8618682Z   PKG_CONFIG_PATH: /opt/hostedtoolcache/Python/3.13.16/x64/lib/pkgconfig
2026-10-07T03:42:41.8619094Z   Python_ROOT_DIR: /opt/hostedtoolcache/Python/3.13.16/x64
2026-10-07T03:42:41.8619475Z   Python2_ROOT_DIR: /opt/hostedtoolcache/Python/3.13.16/x64
2026-10-07T03:42:41.8619878Z   Python3_ROOT_DIR: /opt/hostedtoolcache/Python/3.13.16/x64
2026-10-07T03:42:41.8620251Z   LD_LIBRARY_PATH: /opt/hostedtoolcache/Python/3.13.16/x64/lib
2026-10-07T03:42:41.8620563Z ##[endgroup]
2026-10-07T03:42:42.0326412Z With the provided path, there will be 67 files uploaded
2026-10-07T03:42:42.0332416Z Artifact name is valid!
2026-10-07T03:42:42.0333236Z Root directory input is valid!
2026-10-07T03:42:42.2286665Z Beginning upload of artifact content to blob storage
2026-10-07T03:42:42.4046827Z Uploaded bytes 249798
2026-10-07T03:42:42.4196222Z Finished uploading artifact content to blob storage!
2026-10-07T03:42:42.4197274Z SHA256 digest of uploaded artifact zip is 5029dc3dc723c8339b8ddc83db7efa7e7a76851778fe33a338ec35a126a32067
2026-10-07T03:42:42.4199062Z Finalizing artifact upload
2026-10-07T03:42:42.6470786Z Artifact closure-recordings.zip successfully finalized. Artifact ID 11459766353
2026-10-07T03:42:42.6473175Z Artifact closure-recordings has been successfully uploaded! Final size is 249798 bytes. Artifact ID is 11459766353
2026-10-07T03:42:42.6477417Z Artifact download URL: https://github.com/tvofi/heatpump_optimizer/actions/runs/37564484318/artifacts/11459766353
2026-10-07T03:42:42.6669422Z Post job cleanup.
2026-10-07T03:42:42.7512054Z [command]/usr/bin/git version
2026-10-07T03:42:42.7555080Z git version 2.55.0
2026-10-07T03:42:42.7594344Z Temporarily overriding HOME='/home/runner/work/_temp/c4cd03e8-559c-4230-b1b3-41aef8888dfb' before making global git config changes
2026-10-07T03:42:42.7595943Z Adding repository directory to the temporary git global config as a safe directory
2026-10-07T03:42:42.7601483Z [command]/usr/bin/git config --global --add safe.directory /home/runner/work/heatpump_optimizer/heatpump_optimizer
2026-10-07T03:42:42.7641799Z [command]/usr/bin/git config --local --name-only --get-regexp core\.sshCommand
2026-10-07T03:42:42.7680655Z [command]/usr/bin/git submodule foreach --recursive sh -c "git config --local --name-only --get-regexp 'core\.sshCommand' && git config --local --unset-all 'core.sshCommand' || :"
2026-10-07T03:42:42.7941915Z [command]/usr/bin/git config --local --name-only --get-regexp http\.https\:\/\/github\.com\/\.extraheader
2026-10-07T03:42:42.7967369Z http.https://github.com/.extraheader
2026-10-07T03:42:42.7984319Z [command]/usr/bin/git config --local --unset-all http.https://github.com/.extraheader
2026-10-07T03:42:42.8018180Z [command]/usr/bin/git submodule foreach --recursive sh -c "git config --local --name-only --get-regexp 'http\.https\:\/\/github\.com\/\.extraheader' && git config --local --unset-all 'http.https://github.com/.extraheader' || :"
2026-10-07T03:42:42.8285266Z [command]/usr/bin/git config --local --name-only --get-regexp ^includeIf\.gitdir:
2026-10-07T03:42:42.8327477Z [command]/usr/bin/git submodule foreach --recursive git config --local --show-origin --name-only --get-regexp remote.origin.url
2026-10-07T03:42:42.8719816Z Cleaning up orphan processes
