delivery-status	Set up job	﻿2026-10-08T14:14:12.8182521Z Current runner version: '2.337.0'
delivery-status	Set up job	2026-10-08T14:14:12.8202522Z ##[group]Runner Image Provisioner
delivery-status	Set up job	2026-10-08T14:14:12.8203261Z Hosted Compute Agent
delivery-status	Set up job	2026-10-08T14:14:12.8203615Z Version: 20261002.596
delivery-status	Set up job	2026-10-08T14:14:12.8204340Z Commit: c3d12f3313a95f25162a1503be624f3b0617f8c0
delivery-status	Set up job	2026-10-08T14:14:12.8204826Z Build Date: 2026-10-02T22:28:27Z
delivery-status	Set up job	2026-10-08T14:14:12.8205302Z Worker ID: {0f2d6124-663b-4fcd-a005-b64bffc09969}
delivery-status	Set up job	2026-10-08T14:14:12.8205785Z Region: centralus
delivery-status	Set up job	2026-10-08T14:14:12.8206149Z Cloud: Azure
delivery-status	Set up job	2026-10-08T14:14:12.8206514Z ##[endgroup]
delivery-status	Set up job	2026-10-08T14:14:12.8207430Z ##[group]Operating System
delivery-status	Set up job	2026-10-08T14:14:12.8207865Z Ubuntu
delivery-status	Set up job	2026-10-08T14:14:12.8208298Z 24.04.5
delivery-status	Set up job	2026-10-08T14:14:12.8208624Z LTS
delivery-status	Set up job	2026-10-08T14:14:12.8208988Z ##[endgroup]
delivery-status	Set up job	2026-10-08T14:14:12.8209346Z ##[group]Runner Image
delivery-status	Set up job	2026-10-08T14:14:12.8209784Z Image: ubuntu-24.04
delivery-status	Set up job	2026-10-08T14:14:12.8210164Z Version: 20261004.327.1
delivery-status	Set up job	2026-10-08T14:14:12.8210825Z Included Software: https://github.com/actions/runner-images/blob/ubuntu24/20261004.327/images/ubuntu/Ubuntu2404-Readme.md
delivery-status	Set up job	2026-10-08T14:14:12.8211936Z Image Release: https://github.com/actions/runner-images/releases/tag/ubuntu24%2F20261004.327
delivery-status	Set up job	2026-10-08T14:14:12.8212563Z ##[endgroup]
delivery-status	Set up job	2026-10-08T14:14:12.8213313Z ##[group]GITHUB_TOKEN Permissions
delivery-status	Set up job	2026-10-08T14:14:12.8214701Z Contents: read
delivery-status	Set up job	2026-10-08T14:14:12.8215119Z Metadata: read
delivery-status	Set up job	2026-10-08T14:14:12.8215508Z ##[endgroup]
delivery-status	Set up job	2026-10-08T14:14:12.8216893Z Secret source: Actions
delivery-status	Set up job	2026-10-08T14:14:12.8217528Z Cache mode: write
delivery-status	Set up job	2026-10-08T14:14:12.8217949Z Prepare workflow directory
delivery-status	Set up job	2026-10-08T14:14:12.8470532Z Prepare all required actions
delivery-status	Set up job	2026-10-08T14:14:12.8502955Z Getting action download info
delivery-status	Set up job	2026-10-08T14:14:13.0861404Z Download action repository 'actions/checkout@fbc6f3992d24b796d5a048ff273f7fcc4a7b6c09' (SHA:fbc6f3992d24b796d5a048ff273f7fcc4a7b6c09)
delivery-status	Set up job	2026-10-08T14:14:13.1650999Z Download action repository 'actions/setup-python@ece7cb06caefa5fff74198d8649806c4678c61a1' (SHA:ece7cb06caefa5fff74198d8649806c4678c61a1)
delivery-status	Set up job	2026-10-08T14:14:13.3179341Z Complete job name: delivery-status
delivery-status	Run actions/checkout@fbc6f3992d24b796d5a048ff273f7fcc4a7b6c09	﻿2026-10-08T14:14:13.3638134Z ##[group]Run actions/checkout@fbc6f3992d24b796d5a048ff273f7fcc4a7b6c09
delivery-status	Run actions/checkout@fbc6f3992d24b796d5a048ff273f7fcc4a7b6c09	2026-10-08T14:14:13.3638674Z with:
delivery-status	Run actions/checkout@fbc6f3992d24b796d5a048ff273f7fcc4a7b6c09	2026-10-08T14:14:13.3638907Z   fetch-depth: 0
delivery-status	Run actions/checkout@fbc6f3992d24b796d5a048ff273f7fcc4a7b6c09	2026-10-08T14:14:13.3639167Z   repository: tvofi/heatpump_optimizer
delivery-status	Run actions/checkout@fbc6f3992d24b796d5a048ff273f7fcc4a7b6c09	2026-10-08T14:14:13.3641302Z   token: ***
delivery-status	Run actions/checkout@fbc6f3992d24b796d5a048ff273f7fcc4a7b6c09	2026-10-08T14:14:13.3641538Z   ssh-strict: true
delivery-status	Run actions/checkout@fbc6f3992d24b796d5a048ff273f7fcc4a7b6c09	2026-10-08T14:14:13.3641780Z   ssh-user: git
delivery-status	Run actions/checkout@fbc6f3992d24b796d5a048ff273f7fcc4a7b6c09	2026-10-08T14:14:13.3642028Z   persist-credentials: true
delivery-status	Run actions/checkout@fbc6f3992d24b796d5a048ff273f7fcc4a7b6c09	2026-10-08T14:14:13.3642300Z   clean: true
delivery-status	Run actions/checkout@fbc6f3992d24b796d5a048ff273f7fcc4a7b6c09	2026-10-08T14:14:13.3642552Z   sparse-checkout-cone-mode: true
delivery-status	Run actions/checkout@fbc6f3992d24b796d5a048ff273f7fcc4a7b6c09	2026-10-08T14:14:13.3642838Z   fetch-tags: false
delivery-status	Run actions/checkout@fbc6f3992d24b796d5a048ff273f7fcc4a7b6c09	2026-10-08T14:14:13.3643084Z   show-progress: true
delivery-status	Run actions/checkout@fbc6f3992d24b796d5a048ff273f7fcc4a7b6c09	2026-10-08T14:14:13.3643332Z   lfs: false
delivery-status	Run actions/checkout@fbc6f3992d24b796d5a048ff273f7fcc4a7b6c09	2026-10-08T14:14:13.3643565Z   submodules: false
delivery-status	Run actions/checkout@fbc6f3992d24b796d5a048ff273f7fcc4a7b6c09	2026-10-08T14:14:13.3644002Z   set-safe-directory: true
delivery-status	Run actions/checkout@fbc6f3992d24b796d5a048ff273f7fcc4a7b6c09	2026-10-08T14:14:13.3644286Z   allow-unsafe-pr-checkout: false
delivery-status	Run actions/checkout@fbc6f3992d24b796d5a048ff273f7fcc4a7b6c09	2026-10-08T14:14:13.3644657Z ##[endgroup]
delivery-status	Run actions/checkout@fbc6f3992d24b796d5a048ff273f7fcc4a7b6c09	2026-10-08T14:14:13.4301594Z Syncing repository: tvofi/heatpump_optimizer
delivery-status	Run actions/checkout@fbc6f3992d24b796d5a048ff273f7fcc4a7b6c09	2026-10-08T14:14:13.4303106Z ##[group]Getting Git version info
delivery-status	Run actions/checkout@fbc6f3992d24b796d5a048ff273f7fcc4a7b6c09	2026-10-08T14:14:13.4303997Z Working directory is '/home/runner/work/heatpump_optimizer/heatpump_optimizer'
delivery-status	Run actions/checkout@fbc6f3992d24b796d5a048ff273f7fcc4a7b6c09	2026-10-08T14:14:13.4304993Z [command]/usr/bin/git version
delivery-status	Run actions/checkout@fbc6f3992d24b796d5a048ff273f7fcc4a7b6c09	2026-10-08T14:14:13.4358664Z git version 2.55.0
delivery-status	Run actions/checkout@fbc6f3992d24b796d5a048ff273f7fcc4a7b6c09	2026-10-08T14:14:13.4378250Z ##[endgroup]
delivery-status	Run actions/checkout@fbc6f3992d24b796d5a048ff273f7fcc4a7b6c09	2026-10-08T14:14:13.4389994Z Temporarily overriding HOME='/home/runner/work/_temp/4a1fdacb-65fb-407c-b720-1e287afb9854' before making global git config changes
delivery-status	Run actions/checkout@fbc6f3992d24b796d5a048ff273f7fcc4a7b6c09	2026-10-08T14:14:13.4390919Z Adding repository directory to the temporary git global config as a safe directory
delivery-status	Run actions/checkout@fbc6f3992d24b796d5a048ff273f7fcc4a7b6c09	2026-10-08T14:14:13.4394383Z [command]/usr/bin/git config --global --add safe.directory /home/runner/work/heatpump_optimizer/heatpump_optimizer
delivery-status	Run actions/checkout@fbc6f3992d24b796d5a048ff273f7fcc4a7b6c09	2026-10-08T14:14:13.4452803Z Deleting the contents of '/home/runner/work/heatpump_optimizer/heatpump_optimizer'
delivery-status	Run actions/checkout@fbc6f3992d24b796d5a048ff273f7fcc4a7b6c09	2026-10-08T14:14:13.4453620Z ##[group]Initializing the repository
delivery-status	Run actions/checkout@fbc6f3992d24b796d5a048ff273f7fcc4a7b6c09	2026-10-08T14:14:13.4454235Z [command]/usr/bin/git init /home/runner/work/heatpump_optimizer/heatpump_optimizer
delivery-status	Run actions/checkout@fbc6f3992d24b796d5a048ff273f7fcc4a7b6c09	2026-10-08T14:14:13.4558759Z hint: Using 'master' as the name for the initial branch. This default branch name
delivery-status	Run actions/checkout@fbc6f3992d24b796d5a048ff273f7fcc4a7b6c09	2026-10-08T14:14:13.4559824Z hint: will change to "main" in Git 3.0. To configure the initial branch name
delivery-status	Run actions/checkout@fbc6f3992d24b796d5a048ff273f7fcc4a7b6c09	2026-10-08T14:14:13.4562140Z hint: to use in all of your new repositories, which will suppress this warning,
delivery-status	Run actions/checkout@fbc6f3992d24b796d5a048ff273f7fcc4a7b6c09	2026-10-08T14:14:13.4563206Z hint: call:
delivery-status	Run actions/checkout@fbc6f3992d24b796d5a048ff273f7fcc4a7b6c09	2026-10-08T14:14:13.4563578Z hint:
delivery-status	Run actions/checkout@fbc6f3992d24b796d5a048ff273f7fcc4a7b6c09	2026-10-08T14:14:13.4564384Z hint: 	git config --global init.defaultBranch <name>
delivery-status	Run actions/checkout@fbc6f3992d24b796d5a048ff273f7fcc4a7b6c09	2026-10-08T14:14:13.4564939Z hint:
delivery-status	Run actions/checkout@fbc6f3992d24b796d5a048ff273f7fcc4a7b6c09	2026-10-08T14:14:13.4565511Z hint: Names commonly chosen instead of 'master' are 'main', 'trunk' and
delivery-status	Run actions/checkout@fbc6f3992d24b796d5a048ff273f7fcc4a7b6c09	2026-10-08T14:14:13.4566433Z hint: 'development'. The just-created branch can be renamed via this command:
delivery-status	Run actions/checkout@fbc6f3992d24b796d5a048ff273f7fcc4a7b6c09	2026-10-08T14:14:13.4567166Z hint:
delivery-status	Run actions/checkout@fbc6f3992d24b796d5a048ff273f7fcc4a7b6c09	2026-10-08T14:14:13.4567561Z hint: 	git branch -m <name>
delivery-status	Run actions/checkout@fbc6f3992d24b796d5a048ff273f7fcc4a7b6c09	2026-10-08T14:14:13.4568063Z hint:
delivery-status	Run actions/checkout@fbc6f3992d24b796d5a048ff273f7fcc4a7b6c09	2026-10-08T14:14:13.4576722Z hint: Disable this message with "git config set advice.defaultBranchName false"
delivery-status	Run actions/checkout@fbc6f3992d24b796d5a048ff273f7fcc4a7b6c09	2026-10-08T14:14:13.4577710Z Initialized empty Git repository in /home/runner/work/heatpump_optimizer/heatpump_optimizer/.git/
delivery-status	Run actions/checkout@fbc6f3992d24b796d5a048ff273f7fcc4a7b6c09	2026-10-08T14:14:13.4603002Z [command]/usr/bin/git remote add origin https://github.com/tvofi/heatpump_optimizer
delivery-status	Run actions/checkout@fbc6f3992d24b796d5a048ff273f7fcc4a7b6c09	2026-10-08T14:14:13.4651324Z ##[endgroup]
delivery-status	Run actions/checkout@fbc6f3992d24b796d5a048ff273f7fcc4a7b6c09	2026-10-08T14:14:13.4651786Z ##[group]Disabling automatic garbage collection
delivery-status	Run actions/checkout@fbc6f3992d24b796d5a048ff273f7fcc4a7b6c09	2026-10-08T14:14:13.4655351Z [command]/usr/bin/git config --local gc.auto 0
delivery-status	Run actions/checkout@fbc6f3992d24b796d5a048ff273f7fcc4a7b6c09	2026-10-08T14:14:13.4684324Z ##[endgroup]
delivery-status	Run actions/checkout@fbc6f3992d24b796d5a048ff273f7fcc4a7b6c09	2026-10-08T14:14:13.4684872Z ##[group]Setting up auth
delivery-status	Run actions/checkout@fbc6f3992d24b796d5a048ff273f7fcc4a7b6c09	2026-10-08T14:14:13.4690136Z [command]/usr/bin/git config --local --name-only --get-regexp core\.sshCommand
delivery-status	Run actions/checkout@fbc6f3992d24b796d5a048ff273f7fcc4a7b6c09	2026-10-08T14:14:13.4724018Z [command]/usr/bin/git submodule foreach --recursive sh -c "git config --local --name-only --get-regexp 'core\.sshCommand' && git config --local --unset-all 'core.sshCommand' || :"
delivery-status	Run actions/checkout@fbc6f3992d24b796d5a048ff273f7fcc4a7b6c09	2026-10-08T14:14:13.5013718Z [command]/usr/bin/git config --local --name-only --get-regexp http\.https\:\/\/github\.com\/\.extraheader
delivery-status	Run actions/checkout@fbc6f3992d24b796d5a048ff273f7fcc4a7b6c09	2026-10-08T14:14:13.5042630Z [command]/usr/bin/git submodule foreach --recursive sh -c "git config --local --name-only --get-regexp 'http\.https\:\/\/github\.com\/\.extraheader' && git config --local --unset-all 'http.https://github.com/.extraheader' || :"
delivery-status	Run actions/checkout@fbc6f3992d24b796d5a048ff273f7fcc4a7b6c09	2026-10-08T14:14:13.5213748Z [command]/usr/bin/git config --local --name-only --get-regexp ^includeIf\.gitdir:
delivery-status	Run actions/checkout@fbc6f3992d24b796d5a048ff273f7fcc4a7b6c09	2026-10-08T14:14:13.5240738Z [command]/usr/bin/git submodule foreach --recursive git config --local --show-origin --name-only --get-regexp remote.origin.url
delivery-status	Run actions/checkout@fbc6f3992d24b796d5a048ff273f7fcc4a7b6c09	2026-10-08T14:14:13.5410689Z [command]/usr/bin/git config --local http.https://github.com/.extraheader AUTHORIZATION: basic ***
delivery-status	Run actions/checkout@fbc6f3992d24b796d5a048ff273f7fcc4a7b6c09	2026-10-08T14:14:13.5443204Z ##[endgroup]
delivery-status	Run actions/checkout@fbc6f3992d24b796d5a048ff273f7fcc4a7b6c09	2026-10-08T14:14:13.5443980Z ##[group]Fetching the repository
delivery-status	Run actions/checkout@fbc6f3992d24b796d5a048ff273f7fcc4a7b6c09	2026-10-08T14:14:13.5450376Z [command]/usr/bin/git -c protocol.version=2 fetch --prune --no-recurse-submodules origin +refs/heads/*:refs/remotes/origin/* +refs/tags/*:refs/tags/* +42ee5eee9cb2e3df0a46a510a90f9c6d96c0d8c9:refs/remotes/pull/2061/merge
delivery-status	Run actions/checkout@fbc6f3992d24b796d5a048ff273f7fcc4a7b6c09	2026-10-08T14:14:19.5058458Z From https://github.com/tvofi/heatpump_optimizer
delivery-status	Run actions/checkout@fbc6f3992d24b796d5a048ff273f7fcc4a7b6c09	2026-10-08T14:14:19.5060098Z  * [new branch]        bus/approvals           -> origin/bus/approvals
delivery-status	Run actions/checkout@fbc6f3992d24b796d5a048ff273f7fcc4a7b6c09	2026-10-08T14:14:19.5061819Z  * [new branch]        cursor/r9-eg-entry-config-9aac -> origin/cursor/r9-eg-entry-config-9aac
delivery-status	Run actions/checkout@fbc6f3992d24b796d5a048ff273f7fcc4a7b6c09	2026-10-08T14:14:19.5063332Z  * [new branch]        cursor/r9-sw-1-resume-826f -> origin/cursor/r9-sw-1-resume-826f
delivery-status	Run actions/checkout@fbc6f3992d24b796d5a048ff273f7fcc4a7b6c09	2026-10-08T14:14:19.5065064Z  * [new branch]        cursor/r9-sw-2-actuation-6d19 -> origin/cursor/r9-sw-2-actuation-6d19
delivery-status	Run actions/checkout@fbc6f3992d24b796d5a048ff273f7fcc4a7b6c09	2026-10-08T14:14:19.5066770Z  * [new branch]        fix/r9-ci-1-autofix-skip -> origin/fix/r9-ci-1-autofix-skip
delivery-status	Run actions/checkout@fbc6f3992d24b796d5a048ff273f7fcc4a7b6c09	2026-10-08T14:14:19.5067944Z  * [new branch]        fix/r9-ci-2b            -> origin/fix/r9-ci-2b
delivery-status	Run actions/checkout@fbc6f3992d24b796d5a048ff273f7fcc4a7b6c09	2026-10-08T14:14:19.5069044Z  * [new branch]        fix/r9-ci-2b-carry      -> origin/fix/r9-ci-2b-carry
delivery-status	Run actions/checkout@fbc6f3992d24b796d5a048ff273f7fcc4a7b6c09	2026-10-08T14:14:19.5070174Z  * [new branch]        fix/r9-eg-entry-config  -> origin/fix/r9-eg-entry-config
delivery-status	Run actions/checkout@fbc6f3992d24b796d5a048ff273f7fcc4a7b6c09	2026-10-08T14:14:19.5071460Z  * [new branch]        fix/r9-nightly-ha-on-pr -> origin/fix/r9-nightly-ha-on-pr
delivery-status	Run actions/checkout@fbc6f3992d24b796d5a048ff273f7fcc4a7b6c09	2026-10-08T14:14:19.5072649Z  * [new branch]        fix/r9-ro-9a-pr         -> origin/fix/r9-ro-9a-pr
delivery-status	Run actions/checkout@fbc6f3992d24b796d5a048ff273f7fcc4a7b6c09	2026-10-08T14:14:19.5074069Z  * [new branch]        fix/r9-ux-actions       -> origin/fix/r9-ux-actions
delivery-status	Run actions/checkout@fbc6f3992d24b796d5a048ff273f7fcc4a7b6c09	2026-10-08T14:14:19.5075234Z  * [new branch]        fix/r9-ux9              -> origin/fix/r9-ux9
delivery-status	Run actions/checkout@fbc6f3992d24b796d5a048ff273f7fcc4a7b6c09	2026-10-08T14:14:19.5076435Z  * [new branch]        handoff-body/r9-ci-1    -> origin/handoff-body/r9-ci-1
delivery-status	Run actions/checkout@fbc6f3992d24b796d5a048ff273f7fcc4a7b6c09	2026-10-08T14:14:19.5078184Z  * [new branch]        handoff-body/r9-ci-1-autofix-skip -> origin/handoff-body/r9-ci-1-autofix-skip
delivery-status	Run actions/checkout@fbc6f3992d24b796d5a048ff273f7fcc4a7b6c09	2026-10-08T14:14:19.5079719Z  * [new branch]        handoff-body/r9-ci-2a   -> origin/handoff-body/r9-ci-2a
delivery-status	Run actions/checkout@fbc6f3992d24b796d5a048ff273f7fcc4a7b6c09	2026-10-08T14:14:19.5081136Z  * [new branch]        handoff-body/r9-ci-2b   -> origin/handoff-body/r9-ci-2b
delivery-status	Run actions/checkout@fbc6f3992d24b796d5a048ff273f7fcc4a7b6c09	2026-10-08T14:14:19.5082606Z  * [new branch]        handoff-body/r9-ci-2b-carry -> origin/handoff-body/r9-ci-2b-carry
delivery-status	Run actions/checkout@fbc6f3992d24b796d5a048ff273f7fcc4a7b6c09	2026-10-08T14:14:19.5084390Z  * [new branch]        handoff-body/r9-closures-eg-b7 -> origin/handoff-body/r9-closures-eg-b7
delivery-status	Run actions/checkout@fbc6f3992d24b796d5a048ff273f7fcc4a7b6c09	2026-10-08T14:14:19.5085962Z  * [new branch]        handoff-body/r9-dbg-1   -> origin/handoff-body/r9-dbg-1
delivery-status	Run actions/checkout@fbc6f3992d24b796d5a048ff273f7fcc4a7b6c09	2026-10-08T14:14:19.5087326Z  * [new branch]        handoff-body/r9-dbg-2   -> origin/handoff-body/r9-dbg-2
delivery-status	Run actions/checkout@fbc6f3992d24b796d5a048ff273f7fcc4a7b6c09	2026-10-08T14:14:19.5088774Z  * [new branch]        handoff-body/r9-eg-a4   -> origin/handoff-body/r9-eg-a4
delivery-status	Run actions/checkout@fbc6f3992d24b796d5a048ff273f7fcc4a7b6c09	2026-10-08T14:14:19.5090389Z  * [new branch]        handoff-body/r9-eg-b7-harness -> origin/handoff-body/r9-eg-b7-harness
delivery-status	Run actions/checkout@fbc6f3992d24b796d5a048ff273f7fcc4a7b6c09	2026-10-08T14:14:19.5092332Z  * [new branch]        handoff-body/r9-eg-coordinator-seams -> origin/handoff-body/r9-eg-coordinator-seams
delivery-status	Run actions/checkout@fbc6f3992d24b796d5a048ff273f7fcc4a7b6c09	2026-10-08T14:14:19.5094361Z  * [new branch]        handoff-body/r9-eg-entry-config -> origin/handoff-body/r9-eg-entry-config
delivery-status	Run actions/checkout@fbc6f3992d24b796d5a048ff273f7fcc4a7b6c09	2026-10-08T14:14:19.5096207Z  * [new branch]        handoff-body/r9-eg-solve-inputs -> origin/handoff-body/r9-eg-solve-inputs
delivery-status	Run actions/checkout@fbc6f3992d24b796d5a048ff273f7fcc4a7b6c09	2026-10-08T14:14:19.5097931Z  * [new branch]        handoff-body/r9-fixer-cap -> origin/handoff-body/r9-fixer-cap
delivery-status	Run actions/checkout@fbc6f3992d24b796d5a048ff273f7fcc4a7b6c09	2026-10-08T14:14:19.5099456Z  * [new branch]        handoff-body/r9-gittmp  -> origin/handoff-body/r9-gittmp
delivery-status	Run actions/checkout@fbc6f3992d24b796d5a048ff273f7fcc4a7b6c09	2026-10-08T14:14:19.5101205Z  * [new branch]        handoff-body/r9-main-closures -> origin/handoff-body/r9-main-closures
delivery-status	Run actions/checkout@fbc6f3992d24b796d5a048ff273f7fcc4a7b6c09	2026-10-08T14:14:19.5103931Z  * [new branch]        handoff-body/r9-nightly-bdr -> origin/handoff-body/r9-nightly-bdr
delivery-status	Run actions/checkout@fbc6f3992d24b796d5a048ff273f7fcc4a7b6c09	2026-10-08T14:14:19.5106231Z  * [new branch]        handoff-body/r9-nightly-ha -> origin/handoff-body/r9-nightly-ha
delivery-status	Run actions/checkout@fbc6f3992d24b796d5a048ff273f7fcc4a7b6c09	2026-10-08T14:14:19.5108598Z  * [new branch]        handoff-body/r9-nightly-ha-on-pr -> origin/handoff-body/r9-nightly-ha-on-pr
delivery-status	Run actions/checkout@fbc6f3992d24b796d5a048ff273f7fcc4a7b6c09	2026-10-08T14:14:19.5110841Z  * [new branch]        handoff-body/r9-prepr-selftest -> origin/handoff-body/r9-prepr-selftest
delivery-status	Run actions/checkout@fbc6f3992d24b796d5a048ff273f7fcc4a7b6c09	2026-10-08T14:14:19.5112378Z  * [new branch]        handoff-body/r9-rca-1985 -> origin/handoff-body/r9-rca-1985
delivery-status	Run actions/checkout@fbc6f3992d24b796d5a048ff273f7fcc4a7b6c09	2026-10-08T14:14:19.5113991Z  * [new branch]        handoff-body/r9-rca-1990 -> origin/handoff-body/r9-rca-1990
delivery-status	Run actions/checkout@fbc6f3992d24b796d5a048ff273f7fcc4a7b6c09	2026-10-08T14:14:19.5115417Z  * [new branch]        handoff-body/r9-rca-2004 -> origin/handoff-body/r9-rca-2004
delivery-status	Run actions/checkout@fbc6f3992d24b796d5a048ff273f7fcc4a7b6c09	2026-10-08T14:14:19.5116956Z  * [new branch]        handoff-body/r9-rca-bugclasses -> origin/handoff-body/r9-rca-bugclasses
delivery-status	Run actions/checkout@fbc6f3992d24b796d5a048ff273f7fcc4a7b6c09	2026-10-08T14:14:19.5118640Z  * [new branch]        handoff-body/r9-rca-stamp-race -> origin/handoff-body/r9-rca-stamp-race
delivery-status	Run actions/checkout@fbc6f3992d24b796d5a048ff273f7fcc4a7b6c09	2026-10-08T14:14:19.5120666Z  * [new branch]        handoff-body/r9-rca-stress-recording -> origin/handoff-body/r9-rca-stress-recording
delivery-status	Run actions/checkout@fbc6f3992d24b796d5a048ff273f7fcc4a7b6c09	2026-10-08T14:14:19.5122535Z  * [new branch]        handoff-body/r9-record-automerge -> origin/handoff-body/r9-record-automerge
delivery-status	Run actions/checkout@fbc6f3992d24b796d5a048ff273f7fcc4a7b6c09	2026-10-08T14:14:19.5124372Z  * [new branch]        handoff-body/r9-record-path -> origin/handoff-body/r9-record-path
delivery-status	Run actions/checkout@fbc6f3992d24b796d5a048ff273f7fcc4a7b6c09	2026-10-08T14:14:19.5125841Z  * [new branch]        handoff-body/r9-ro-10   -> origin/handoff-body/r9-ro-10
delivery-status	Run actions/checkout@fbc6f3992d24b796d5a048ff273f7fcc4a7b6c09	2026-10-08T14:14:19.5127206Z  * [new branch]        handoff-body/r9-ro-11   -> origin/handoff-body/r9-ro-11
delivery-status	Run actions/checkout@fbc6f3992d24b796d5a048ff273f7fcc4a7b6c09	2026-10-08T14:14:19.5128560Z  * [new branch]        handoff-body/r9-ro-12   -> origin/handoff-body/r9-ro-12
delivery-status	Run actions/checkout@fbc6f3992d24b796d5a048ff273f7fcc4a7b6c09	2026-10-08T14:14:19.5129998Z  * [new branch]        handoff-body/r9-ro-8    -> origin/handoff-body/r9-ro-8
delivery-status	Run actions/checkout@fbc6f3992d24b796d5a048ff273f7fcc4a7b6c09	2026-10-08T14:14:19.5131626Z  * [new branch]        handoff-body/r9-ro-9a   -> origin/handoff-body/r9-ro-9a
delivery-status	Run actions/checkout@fbc6f3992d24b796d5a048ff273f7fcc4a7b6c09	2026-10-08T14:14:19.5133306Z  * [new branch]        handoff-body/r9-sw-5    -> origin/handoff-body/r9-sw-5
delivery-status	Run actions/checkout@fbc6f3992d24b796d5a048ff273f7fcc4a7b6c09	2026-10-08T14:14:19.5135250Z  * [new branch]        handoff-body/r9-sw-actuation -> origin/handoff-body/r9-sw-actuation
delivery-status	Run actions/checkout@fbc6f3992d24b796d5a048ff273f7fcc4a7b6c09	2026-10-08T14:14:19.5136676Z  * [new branch]        handoff-body/r9-sw6     -> origin/handoff-body/r9-sw6
delivery-status	Run actions/checkout@fbc6f3992d24b796d5a048ff273f7fcc4a7b6c09	2026-10-08T14:14:19.5137964Z  * [new branch]        handoff-body/r9-ux-10   -> origin/handoff-body/r9-ux-10
delivery-status	Run actions/checkout@fbc6f3992d24b796d5a048ff273f7fcc4a7b6c09	2026-10-08T14:14:19.5139295Z  * [new branch]        handoff-body/r9-ux-6    -> origin/handoff-body/r9-ux-6
delivery-status	Run actions/checkout@fbc6f3992d24b796d5a048ff273f7fcc4a7b6c09	2026-10-08T14:14:19.5140646Z  * [new branch]        handoff-body/r9-ux-7    -> origin/handoff-body/r9-ux-7
delivery-status	Run actions/checkout@fbc6f3992d24b796d5a048ff273f7fcc4a7b6c09	2026-10-08T14:14:19.5142008Z  * [new branch]        handoff-body/r9-ux-actions -> origin/handoff-body/r9-ux-actions
delivery-status	Run actions/checkout@fbc6f3992d24b796d5a048ff273f7fcc4a7b6c09	2026-10-08T14:14:19.5143380Z  * [new branch]        handoff-body/r9-ux9     -> origin/handoff-body/r9-ux9
delivery-status	Run actions/checkout@fbc6f3992d24b796d5a048ff273f7fcc4a7b6c09	2026-10-08T14:14:19.5144829Z  * [new branch]        handoff/audit-r9-alt    -> origin/handoff/audit-r9-alt
delivery-status	Run actions/checkout@fbc6f3992d24b796d5a048ff273f7fcc4a7b6c09	2026-10-08T14:14:19.5146182Z  * [new branch]        handoff/audit-r9-evidence -> origin/handoff/audit-r9-evidence
delivery-status	Run actions/checkout@fbc6f3992d24b796d5a048ff273f7fcc4a7b6c09	2026-10-08T14:14:19.5147597Z  * [new branch]        handoff/audit-r9-find-B1 -> origin/handoff/audit-r9-find-B1
delivery-status	Run actions/checkout@fbc6f3992d24b796d5a048ff273f7fcc4a7b6c09	2026-10-08T14:14:19.5148988Z  * [new branch]        handoff/audit-r9-find-B10 -> origin/handoff/audit-r9-find-B10
delivery-status	Run actions/checkout@fbc6f3992d24b796d5a048ff273f7fcc4a7b6c09	2026-10-08T14:14:19.5150419Z  * [new branch]        handoff/audit-r9-find-B2 -> origin/handoff/audit-r9-find-B2
delivery-status	Run actions/checkout@fbc6f3992d24b796d5a048ff273f7fcc4a7b6c09	2026-10-08T14:14:19.5151817Z  * [new branch]        handoff/audit-r9-find-B3 -> origin/handoff/audit-r9-find-B3
delivery-status	Run actions/checkout@fbc6f3992d24b796d5a048ff273f7fcc4a7b6c09	2026-10-08T14:14:19.5153214Z  * [new branch]        handoff/audit-r9-find-B4 -> origin/handoff/audit-r9-find-B4
delivery-status	Run actions/checkout@fbc6f3992d24b796d5a048ff273f7fcc4a7b6c09	2026-10-08T14:14:19.5154758Z  * [new branch]        handoff/audit-r9-find-B5 -> origin/handoff/audit-r9-find-B5
delivery-status	Run actions/checkout@fbc6f3992d24b796d5a048ff273f7fcc4a7b6c09	2026-10-08T14:14:19.5156160Z  * [new branch]        handoff/audit-r9-find-B6 -> origin/handoff/audit-r9-find-B6
delivery-status	Run actions/checkout@fbc6f3992d24b796d5a048ff273f7fcc4a7b6c09	2026-10-08T14:14:19.5157545Z  * [new branch]        handoff/audit-r9-find-B7 -> origin/handoff/audit-r9-find-B7
delivery-status	Run actions/checkout@fbc6f3992d24b796d5a048ff273f7fcc4a7b6c09	2026-10-08T14:14:19.5158916Z  * [new branch]        handoff/audit-r9-find-B8 -> origin/handoff/audit-r9-find-B8
delivery-status	Run actions/checkout@fbc6f3992d24b796d5a048ff273f7fcc4a7b6c09	2026-10-08T14:14:19.5160696Z  * [new branch]        handoff/audit-r9-find-B9 -> origin/handoff/audit-r9-find-B9
delivery-status	Run actions/checkout@fbc6f3992d24b796d5a048ff273f7fcc4a7b6c09	2026-10-08T14:14:19.5162125Z  * [new branch]        handoff/audit-r9-fixplan -> origin/handoff/audit-r9-fixplan
delivery-status	Run actions/checkout@fbc6f3992d24b796d5a048ff273f7fcc4a7b6c09	2026-10-08T14:14:19.5163708Z  * [new branch]        handoff/audit-r9-issues -> origin/handoff/audit-r9-issues
delivery-status	Run actions/checkout@fbc6f3992d24b796d5a048ff273f7fcc4a7b6c09	2026-10-08T14:14:19.5165221Z  * [new branch]        handoff/audit-r9-judge  -> origin/handoff/audit-r9-judge
delivery-status	Run actions/checkout@fbc6f3992d24b796d5a048ff273f7fcc4a7b6c09	2026-10-08T14:14:19.5166542Z  * [new branch]        handoff/audit-r9-leads  -> origin/handoff/audit-r9-leads
delivery-status	Run actions/checkout@fbc6f3992d24b796d5a048ff273f7fcc4a7b6c09	2026-10-08T14:14:19.5167887Z  * [new branch]        handoff/audit-r9-leads-l2 -> origin/handoff/audit-r9-leads-l2
delivery-status	Run actions/checkout@fbc6f3992d24b796d5a048ff273f7fcc4a7b6c09	2026-10-08T14:14:19.5169418Z  * [new branch]        handoff/audit-r9-leads-l3 -> origin/handoff/audit-r9-leads-l3
delivery-status	Run actions/checkout@fbc6f3992d24b796d5a048ff273f7fcc4a7b6c09	2026-10-08T14:14:19.5170831Z  * [new branch]        handoff/audit-r9-leads-l4 -> origin/handoff/audit-r9-leads-l4
delivery-status	Run actions/checkout@fbc6f3992d24b796d5a048ff273f7fcc4a7b6c09	2026-10-08T14:14:19.5172225Z  * [new branch]        handoff/audit-r9-leads-lc -> origin/handoff/audit-r9-leads-lc
delivery-status	Run actions/checkout@fbc6f3992d24b796d5a048ff273f7fcc4a7b6c09	2026-10-08T14:14:19.5173585Z  * [new branch]        handoff/audit-r9-plan   -> origin/handoff/audit-r9-plan
delivery-status	Run actions/checkout@fbc6f3992d24b796d5a048ff273f7fcc4a7b6c09	2026-10-08T14:14:19.5175064Z  * [new branch]        handoff/audit-r9-register -> origin/handoff/audit-r9-register
delivery-status	Run actions/checkout@fbc6f3992d24b796d5a048ff273f7fcc4a7b6c09	2026-10-08T14:14:19.5176450Z  * [new branch]        handoff/audit-r9-runner-1 -> origin/handoff/audit-r9-runner-1
delivery-status	Run actions/checkout@fbc6f3992d24b796d5a048ff273f7fcc4a7b6c09	2026-10-08T14:14:19.5177841Z  * [new branch]        handoff/audit-r9-sweep-s1 -> origin/handoff/audit-r9-sweep-s1
delivery-status	Run actions/checkout@fbc6f3992d24b796d5a048ff273f7fcc4a7b6c09	2026-10-08T14:14:19.5179233Z  * [new branch]        handoff/audit-r9-sweep-s2 -> origin/handoff/audit-r9-sweep-s2
delivery-status	Run actions/checkout@fbc6f3992d24b796d5a048ff273f7fcc4a7b6c09	2026-10-08T14:14:19.5180632Z  * [new branch]        handoff/audit-r9-sweep-s3 -> origin/handoff/audit-r9-sweep-s3
delivery-status	Run actions/checkout@fbc6f3992d24b796d5a048ff273f7fcc4a7b6c09	2026-10-08T14:14:19.5182025Z  * [new branch]        handoff/audit-r9-sweep-s4 -> origin/handoff/audit-r9-sweep-s4
delivery-status	Run actions/checkout@fbc6f3992d24b796d5a048ff273f7fcc4a7b6c09	2026-10-08T14:14:19.5183455Z  * [new branch]        handoff/audit-r9-sweep-s5 -> origin/handoff/audit-r9-sweep-s5
delivery-status	Run actions/checkout@fbc6f3992d24b796d5a048ff273f7fcc4a7b6c09	2026-10-08T14:14:19.5184950Z  * [new branch]        handoff/audit-r9-sweep-s6 -> origin/handoff/audit-r9-sweep-s6
delivery-status	Run actions/checkout@fbc6f3992d24b796d5a048ff273f7fcc4a7b6c09	2026-10-08T14:14:19.5186650Z  * [new branch]        handoff/audit-r9-sweep-s7 -> origin/handoff/audit-r9-sweep-s7
delivery-status	Run actions/checkout@fbc6f3992d24b796d5a048ff273f7fcc4a7b6c09	2026-10-08T14:14:19.5188367Z  * [new branch]        handoff/audit-r9-verify-g1-v1 -> origin/handoff/audit-r9-verify-g1-v1
delivery-status	Run actions/checkout@fbc6f3992d24b796d5a048ff273f7fcc4a7b6c09	2026-10-08T14:14:19.5190165Z  * [new branch]        handoff/audit-r9-verify-g1-v2 -> origin/handoff/audit-r9-verify-g1-v2
delivery-status	Run actions/checkout@fbc6f3992d24b796d5a048ff273f7fcc4a7b6c09	2026-10-08T14:14:19.5191972Z  * [new branch]        handoff/audit-r9-verify-g1-v3 -> origin/handoff/audit-r9-verify-g1-v3
delivery-status	Run actions/checkout@fbc6f3992d24b796d5a048ff273f7fcc4a7b6c09	2026-10-08T14:14:19.5193763Z  * [new branch]        handoff/audit-r9-verify-g2-v1 -> origin/handoff/audit-r9-verify-g2-v1
delivery-status	Run actions/checkout@fbc6f3992d24b796d5a048ff273f7fcc4a7b6c09	2026-10-08T14:14:19.5195725Z  * [new branch]        handoff/audit-r9-verify-g2-v2 -> origin/handoff/audit-r9-verify-g2-v2
delivery-status	Run actions/checkout@fbc6f3992d24b796d5a048ff273f7fcc4a7b6c09	2026-10-08T14:14:19.5197547Z  * [new branch]        handoff/audit-r9-verify-g2-v3 -> origin/handoff/audit-r9-verify-g2-v3
delivery-status	Run actions/checkout@fbc6f3992d24b796d5a048ff273f7fcc4a7b6c09	2026-10-08T14:14:19.5199306Z  * [new branch]        handoff/audit-r9-verify-g3-v1 -> origin/handoff/audit-r9-verify-g3-v1
delivery-status	Run actions/checkout@fbc6f3992d24b796d5a048ff273f7fcc4a7b6c09	2026-10-08T14:14:19.5201122Z  * [new branch]        handoff/audit-r9-verify-g3-v2 -> origin/handoff/audit-r9-verify-g3-v2
delivery-status	Run actions/checkout@fbc6f3992d24b796d5a048ff273f7fcc4a7b6c09	2026-10-08T14:14:19.5202751Z  * [new branch]        handoff/audit-r9-verify-g3-v3 -> origin/handoff/audit-r9-verify-g3-v3
delivery-status	Run actions/checkout@fbc6f3992d24b796d5a048ff273f7fcc4a7b6c09	2026-10-08T14:14:19.5204435Z  * [new branch]        handoff/audit-r9-verify-g4-v1 -> origin/handoff/audit-r9-verify-g4-v1
delivery-status	Run actions/checkout@fbc6f3992d24b796d5a048ff273f7fcc4a7b6c09	2026-10-08T14:14:19.5205966Z  * [new branch]        handoff/audit-r9-verify-g4-v2 -> origin/handoff/audit-r9-verify-g4-v2
delivery-status	Run actions/checkout@fbc6f3992d24b796d5a048ff273f7fcc4a7b6c09	2026-10-08T14:14:19.5207503Z  * [new branch]        handoff/audit-r9-verify-g4-v3 -> origin/handoff/audit-r9-verify-g4-v3
delivery-status	Run actions/checkout@fbc6f3992d24b796d5a048ff273f7fcc4a7b6c09	2026-10-08T14:14:19.5208859Z  * [new branch]        handoff/r9-ci-1         -> origin/handoff/r9-ci-1
delivery-status	Run actions/checkout@fbc6f3992d24b796d5a048ff273f7fcc4a7b6c09	2026-10-08T14:14:19.5210140Z  * [new branch]        handoff/r9-ci-1-autofix-skip -> origin/handoff/r9-ci-1-autofix-skip
delivery-status	Run actions/checkout@fbc6f3992d24b796d5a048ff273f7fcc4a7b6c09	2026-10-08T14:14:19.5211438Z  * [new branch]        handoff/r9-ci-2a        -> origin/handoff/r9-ci-2a
delivery-status	Run actions/checkout@fbc6f3992d24b796d5a048ff273f7fcc4a7b6c09	2026-10-08T14:14:19.5212563Z  * [new branch]        handoff/r9-ci-2b        -> origin/handoff/r9-ci-2b
delivery-status	Run actions/checkout@fbc6f3992d24b796d5a048ff273f7fcc4a7b6c09	2026-10-08T14:14:19.5213738Z  * [new branch]        handoff/r9-ci-2b-carry  -> origin/handoff/r9-ci-2b-carry
delivery-status	Run actions/checkout@fbc6f3992d24b796d5a048ff273f7fcc4a7b6c09	2026-10-08T14:14:19.5215164Z  * [new branch]        handoff/r9-closures-eg-b7 -> origin/handoff/r9-closures-eg-b7
delivery-status	Run actions/checkout@fbc6f3992d24b796d5a048ff273f7fcc4a7b6c09	2026-10-08T14:14:19.5216387Z  * [new branch]        handoff/r9-dbg-0        -> origin/handoff/r9-dbg-0
delivery-status	Run actions/checkout@fbc6f3992d24b796d5a048ff273f7fcc4a7b6c09	2026-10-08T14:14:19.5217507Z  * [new branch]        handoff/r9-dbg-1        -> origin/handoff/r9-dbg-1
delivery-status	Run actions/checkout@fbc6f3992d24b796d5a048ff273f7fcc4a7b6c09	2026-10-08T14:14:19.5218616Z  * [new branch]        handoff/r9-dbg-2        -> origin/handoff/r9-dbg-2
delivery-status	Run actions/checkout@fbc6f3992d24b796d5a048ff273f7fcc4a7b6c09	2026-10-08T14:14:19.5219719Z  * [new branch]        handoff/r9-dbg-3        -> origin/handoff/r9-dbg-3
delivery-status	Run actions/checkout@fbc6f3992d24b796d5a048ff273f7fcc4a7b6c09	2026-10-08T14:14:19.5220827Z  * [new branch]        handoff/r9-diag-1       -> origin/handoff/r9-diag-1
delivery-status	Run actions/checkout@fbc6f3992d24b796d5a048ff273f7fcc4a7b6c09	2026-10-08T14:14:19.5221940Z  * [new branch]        handoff/r9-diag-2s      -> origin/handoff/r9-diag-2s
delivery-status	Run actions/checkout@fbc6f3992d24b796d5a048ff273f7fcc4a7b6c09	2026-10-08T14:14:19.5223048Z  * [new branch]        handoff/r9-eg-a4        -> origin/handoff/r9-eg-a4
delivery-status	Run actions/checkout@fbc6f3992d24b796d5a048ff273f7fcc4a7b6c09	2026-10-08T14:14:19.5224269Z  * [new branch]        handoff/r9-eg-archscore -> origin/handoff/r9-eg-archscore
delivery-status	Run actions/checkout@fbc6f3992d24b796d5a048ff273f7fcc4a7b6c09	2026-10-08T14:14:19.5225438Z  * [new branch]        handoff/r9-eg-b0        -> origin/handoff/r9-eg-b0
delivery-status	Run actions/checkout@fbc6f3992d24b796d5a048ff273f7fcc4a7b6c09	2026-10-08T14:14:19.5226618Z  * [new branch]        handoff/r9-eg-b7-harness -> origin/handoff/r9-eg-b7-harness
delivery-status	Run actions/checkout@fbc6f3992d24b796d5a048ff273f7fcc4a7b6c09	2026-10-08T14:14:19.5228162Z  * [new branch]        handoff/r9-eg-collaborator-interfaces -> origin/handoff/r9-eg-collaborator-interfaces
delivery-status	Run actions/checkout@fbc6f3992d24b796d5a048ff273f7fcc4a7b6c09	2026-10-08T14:14:19.5229852Z  * [new branch]        handoff/r9-eg-coordinator-seams -> origin/handoff/r9-eg-coordinator-seams
delivery-status	Run actions/checkout@fbc6f3992d24b796d5a048ff273f7fcc4a7b6c09	2026-10-08T14:14:19.5231481Z  * [new branch]        handoff/r9-eg-dhw-closure-dedupe-v2 -> origin/handoff/r9-eg-dhw-closure-dedupe-v2
delivery-status	Run actions/checkout@fbc6f3992d24b796d5a048ff273f7fcc4a7b6c09	2026-10-08T14:14:19.5232978Z  * [new branch]        handoff/r9-eg-dhw-planner -> origin/handoff/r9-eg-dhw-planner
delivery-status	Run actions/checkout@fbc6f3992d24b796d5a048ff273f7fcc4a7b6c09	2026-10-08T14:14:19.5234401Z  * [new branch]        handoff/r9-eg-entry-config -> origin/handoff/r9-eg-entry-config
delivery-status	Run actions/checkout@fbc6f3992d24b796d5a048ff273f7fcc4a7b6c09	2026-10-08T14:14:19.5235671Z  * [new branch]        handoff/r9-eg-one-copy  -> origin/handoff/r9-eg-one-copy
delivery-status	Run actions/checkout@fbc6f3992d24b796d5a048ff273f7fcc4a7b6c09	2026-10-08T14:14:19.5236933Z  * [new branch]        handoff/r9-eg-param-objects -> origin/handoff/r9-eg-param-objects
delivery-status	Run actions/checkout@fbc6f3992d24b796d5a048ff273f7fcc4a7b6c09	2026-10-08T14:14:19.5238393Z  * [new branch]        handoff/r9-eg-register-fold -> origin/handoff/r9-eg-register-fold
delivery-status	Run actions/checkout@fbc6f3992d24b796d5a048ff273f7fcc4a7b6c09	2026-10-08T14:14:19.5239714Z  * [new branch]        handoff/r9-eg-solve-inputs -> origin/handoff/r9-eg-solve-inputs
delivery-status	Run actions/checkout@fbc6f3992d24b796d5a048ff273f7fcc4a7b6c09	2026-10-08T14:14:19.5241039Z  * [new branch]        handoff/r9-eg-store-version -> origin/handoff/r9-eg-store-version
delivery-status	Run actions/checkout@fbc6f3992d24b796d5a048ff273f7fcc4a7b6c09	2026-10-08T14:14:19.5242470Z  * [new branch]        handoff/r9-eg-surface-identity -> origin/handoff/r9-eg-surface-identity
delivery-status	Run actions/checkout@fbc6f3992d24b796d5a048ff273f7fcc4a7b6c09	2026-10-08T14:14:19.5244045Z  * [new branch]        handoff/r9-eg-typed-payload -> origin/handoff/r9-eg-typed-payload
delivery-status	Run actions/checkout@fbc6f3992d24b796d5a048ff273f7fcc4a7b6c09	2026-10-08T14:14:19.5245449Z  * [new branch]        handoff/r9-eg-typed-payload-b -> origin/handoff/r9-eg-typed-payload-b
delivery-status	Run actions/checkout@fbc6f3992d24b796d5a048ff273f7fcc4a7b6c09	2026-10-08T14:14:19.5246850Z  * [new branch]        handoff/r9-f1-coordinator-10 -> origin/handoff/r9-f1-coordinator-10
delivery-status	Run actions/checkout@fbc6f3992d24b796d5a048ff273f7fcc4a7b6c09	2026-10-08T14:14:19.5248208Z  * [new branch]        handoff/r9-f1-coordinator-2 -> origin/handoff/r9-f1-coordinator-2
delivery-status	Run actions/checkout@fbc6f3992d24b796d5a048ff273f7fcc4a7b6c09	2026-10-08T14:14:19.5249545Z  * [new branch]        handoff/r9-f1-coordinator-3 -> origin/handoff/r9-f1-coordinator-3
delivery-status	Run actions/checkout@fbc6f3992d24b796d5a048ff273f7fcc4a7b6c09	2026-10-08T14:14:19.5250874Z  * [new branch]        handoff/r9-f1-coordinator-4 -> origin/handoff/r9-f1-coordinator-4
delivery-status	Run actions/checkout@fbc6f3992d24b796d5a048ff273f7fcc4a7b6c09	2026-10-08T14:14:19.5252200Z  * [new branch]        handoff/r9-f1-coordinator-5 -> origin/handoff/r9-f1-coordinator-5
delivery-status	Run actions/checkout@fbc6f3992d24b796d5a048ff273f7fcc4a7b6c09	2026-10-08T14:14:19.5253530Z  * [new branch]        handoff/r9-f1-coordinator-7 -> origin/handoff/r9-f1-coordinator-7
delivery-status	Run actions/checkout@fbc6f3992d24b796d5a048ff273f7fcc4a7b6c09	2026-10-08T14:14:19.5255055Z  * [new branch]        handoff/r9-f1-coordinator-7-review -> origin/handoff/r9-f1-coordinator-7-review
delivery-status	Run actions/checkout@fbc6f3992d24b796d5a048ff273f7fcc4a7b6c09	2026-10-08T14:14:19.5256424Z  * [new branch]        handoff/r9-f10-12       -> origin/handoff/r9-f10-12
delivery-status	Run actions/checkout@fbc6f3992d24b796d5a048ff273f7fcc4a7b6c09	2026-10-08T14:14:19.5257499Z  * [new branch]        handoff/r9-f10-13       -> origin/handoff/r9-f10-13
delivery-status	Run actions/checkout@fbc6f3992d24b796d5a048ff273f7fcc4a7b6c09	2026-10-08T14:14:19.5258566Z  * [new branch]        handoff/r9-f10-14       -> origin/handoff/r9-f10-14
delivery-status	Run actions/checkout@fbc6f3992d24b796d5a048ff273f7fcc4a7b6c09	2026-10-08T14:14:19.5259639Z  * [new branch]        handoff/r9-f10-15       -> origin/handoff/r9-f10-15
delivery-status	Run actions/checkout@fbc6f3992d24b796d5a048ff273f7fcc4a7b6c09	2026-10-08T14:14:19.5260710Z  * [new branch]        handoff/r9-f10-16       -> origin/handoff/r9-f10-16
delivery-status	Run actions/checkout@fbc6f3992d24b796d5a048ff273f7fcc4a7b6c09	2026-10-08T14:14:19.5262014Z  * [new branch]        handoff/r9-f10-ci-efficiency -> origin/handoff/r9-f10-ci-efficiency
delivery-status	Run actions/checkout@fbc6f3992d24b796d5a048ff273f7fcc4a7b6c09	2026-10-08T14:14:19.5263470Z  * [new branch]        handoff/r9-f10-claims-baseline-rca -> origin/handoff/r9-f10-claims-baseline-rca
delivery-status	Run actions/checkout@fbc6f3992d24b796d5a048ff273f7fcc4a7b6c09	2026-10-08T14:14:19.5265095Z  * [new branch]        handoff/r9-f10-closure-runalways -> origin/handoff/r9-f10-closure-runalways
delivery-status	Run actions/checkout@fbc6f3992d24b796d5a048ff273f7fcc4a7b6c09	2026-10-08T14:14:19.5266501Z  * [new branch]        handoff/r9-f10-gate-infra-1 -> origin/handoff/r9-f10-gate-infra-1
delivery-status	Run actions/checkout@fbc6f3992d24b796d5a048ff273f7fcc4a7b6c09	2026-10-08T14:14:19.5267819Z  * [new branch]        handoff/r9-f10-gate-infra-1d -> origin/handoff/r9-f10-gate-infra-1d
delivery-status	Run actions/checkout@fbc6f3992d24b796d5a048ff273f7fcc4a7b6c09	2026-10-08T14:14:19.5269149Z  * [new branch]        handoff/r9-f10-gate-infra-4 -> origin/handoff/r9-f10-gate-infra-4
delivery-status	Run actions/checkout@fbc6f3992d24b796d5a048ff273f7fcc4a7b6c09	2026-10-08T14:14:19.5270453Z  * [new branch]        handoff/r9-f10-gate-infra-5 -> origin/handoff/r9-f10-gate-infra-5
delivery-status	Run actions/checkout@fbc6f3992d24b796d5a048ff273f7fcc4a7b6c09	2026-10-08T14:14:19.5271752Z  * [new branch]        handoff/r9-f10-gate-infra-6 -> origin/handoff/r9-f10-gate-infra-6
delivery-status	Run actions/checkout@fbc6f3992d24b796d5a048ff273f7fcc4a7b6c09	2026-10-08T14:14:19.5273117Z  * [new branch]        handoff/r9-f10-harness-timeout -> origin/handoff/r9-f10-harness-timeout
delivery-status	Run actions/checkout@fbc6f3992d24b796d5a048ff273f7fcc4a7b6c09	2026-10-08T14:14:19.5334328Z  * [new branch]        handoff/r9-f10-loop-heartbeat -> origin/handoff/r9-f10-loop-heartbeat
delivery-status	Run actions/checkout@fbc6f3992d24b796d5a048ff273f7fcc4a7b6c09	2026-10-08T14:14:19.5336593Z  * [new branch]        handoff/r9-f10-merge-queue -> origin/handoff/r9-f10-merge-queue
delivery-status	Run actions/checkout@fbc6f3992d24b796d5a048ff273f7fcc4a7b6c09	2026-10-08T14:14:19.5338384Z  * [new branch]        handoff/r9-f11-governance-1 -> origin/handoff/r9-f11-governance-1
delivery-status	Run actions/checkout@fbc6f3992d24b796d5a048ff273f7fcc4a7b6c09	2026-10-08T14:14:19.5340227Z  * [new branch]        handoff/r9-f11-governance-3 -> origin/handoff/r9-f11-governance-3
delivery-status	Run actions/checkout@fbc6f3992d24b796d5a048ff273f7fcc4a7b6c09	2026-10-08T14:14:19.5342111Z  * [new branch]        handoff/r9-f11-governance-4 -> origin/handoff/r9-f11-governance-4
delivery-status	Run actions/checkout@fbc6f3992d24b796d5a048ff273f7fcc4a7b6c09	2026-10-08T14:14:19.5344441Z  * [new branch]        handoff/r9-f11-governance-4-review -> origin/handoff/r9-f11-governance-4-review
delivery-status	Run actions/checkout@fbc6f3992d24b796d5a048ff273f7fcc4a7b6c09	2026-10-08T14:14:19.5346588Z  * [new branch]        handoff/r9-f11-governance-5 -> origin/handoff/r9-f11-governance-5
delivery-status	Run actions/checkout@fbc6f3992d24b796d5a048ff273f7fcc4a7b6c09	2026-10-08T14:14:19.5348837Z  * [new branch]        handoff/r9-f11-governance-6 -> origin/handoff/r9-f11-governance-6
delivery-status	Run actions/checkout@fbc6f3992d24b796d5a048ff273f7fcc4a7b6c09	2026-10-08T14:14:19.5350323Z  * [new branch]        handoff/r9-f11-governance-7 -> origin/handoff/r9-f11-governance-7
delivery-status	Run actions/checkout@fbc6f3992d24b796d5a048ff273f7fcc4a7b6c09	2026-10-08T14:14:19.5351560Z  * [new branch]        handoff/r9-f2-solver-1  -> origin/handoff/r9-f2-solver-1
delivery-status	Run actions/checkout@fbc6f3992d24b796d5a048ff273f7fcc4a7b6c09	2026-10-08T14:14:19.5352699Z  * [new branch]        handoff/r9-f2-solver-3  -> origin/handoff/r9-f2-solver-3
delivery-status	Run actions/checkout@fbc6f3992d24b796d5a048ff273f7fcc4a7b6c09	2026-10-08T14:14:19.5354008Z  * [new branch]        handoff/r9-f2-solver-4  -> origin/handoff/r9-f2-solver-4
delivery-status	Run actions/checkout@fbc6f3992d24b796d5a048ff273f7fcc4a7b6c09	2026-10-08T14:14:19.5355179Z  * [new branch]        handoff/r9-f2-solver-5  -> origin/handoff/r9-f2-solver-5
delivery-status	Run actions/checkout@fbc6f3992d24b796d5a048ff273f7fcc4a7b6c09	2026-10-08T14:14:19.5356304Z  * [new branch]        handoff/r9-f3-stores-1  -> origin/handoff/r9-f3-stores-1
delivery-status	Run actions/checkout@fbc6f3992d24b796d5a048ff273f7fcc4a7b6c09	2026-10-08T14:14:19.5357451Z  * [new branch]        handoff/r9-f3-stores-3  -> origin/handoff/r9-f3-stores-3
delivery-status	Run actions/checkout@fbc6f3992d24b796d5a048ff273f7fcc4a7b6c09	2026-10-08T14:14:19.5358673Z  * [new branch]        handoff/r9-f4-inputs-sysid-1 -> origin/handoff/r9-f4-inputs-sysid-1
delivery-status	Run actions/checkout@fbc6f3992d24b796d5a048ff273f7fcc4a7b6c09	2026-10-08T14:14:19.5359989Z  * [new branch]        handoff/r9-f4-inputs-sysid-2 -> origin/handoff/r9-f4-inputs-sysid-2
delivery-status	Run actions/checkout@fbc6f3992d24b796d5a048ff273f7fcc4a7b6c09	2026-10-08T14:14:19.5361305Z  * [new branch]        handoff/r9-f5-config-text-1 -> origin/handoff/r9-f5-config-text-1
delivery-status	Run actions/checkout@fbc6f3992d24b796d5a048ff273f7fcc4a7b6c09	2026-10-08T14:14:19.5362501Z  * [new branch]        handoff/r9-f6-card-1    -> origin/handoff/r9-f6-card-1
delivery-status	Run actions/checkout@fbc6f3992d24b796d5a048ff273f7fcc4a7b6c09	2026-10-08T14:14:19.5363591Z  * [new branch]        handoff/r9-f6-card-2    -> origin/handoff/r9-f6-card-2
delivery-status	Run actions/checkout@fbc6f3992d24b796d5a048ff273f7fcc4a7b6c09	2026-10-08T14:14:19.5364831Z  * [new branch]        handoff/r9-f6-card-4    -> origin/handoff/r9-f6-card-4
delivery-status	Run actions/checkout@fbc6f3992d24b796d5a048ff273f7fcc4a7b6c09	2026-10-08T14:14:19.5365987Z  * [new branch]        handoff/r9-f7-entities-1 -> origin/handoff/r9-f7-entities-1
delivery-status	Run actions/checkout@fbc6f3992d24b796d5a048ff273f7fcc4a7b6c09	2026-10-08T14:14:19.5367212Z  * [new branch]        handoff/r9-f7-entities-2 -> origin/handoff/r9-f7-entities-2
delivery-status	Run actions/checkout@fbc6f3992d24b796d5a048ff273f7fcc4a7b6c09	2026-10-08T14:14:19.5368474Z  * [new branch]        handoff/r9-f7-family-splits -> origin/handoff/r9-f7-family-splits
delivery-status	Run actions/checkout@fbc6f3992d24b796d5a048ff273f7fcc4a7b6c09	2026-10-08T14:14:19.5369682Z  * [new branch]        handoff/r9-f8-docs-1    -> origin/handoff/r9-f8-docs-1
delivery-status	Run actions/checkout@fbc6f3992d24b796d5a048ff273f7fcc4a7b6c09	2026-10-08T14:14:19.5370810Z  * [new branch]        handoff/r9-f8-docs-2    -> origin/handoff/r9-f8-docs-2
delivery-status	Run actions/checkout@fbc6f3992d24b796d5a048ff273f7fcc4a7b6c09	2026-10-08T14:14:19.5372059Z  * [new branch]        handoff/r9-f8-docs-3    -> origin/handoff/r9-f8-docs-3
delivery-status	Run actions/checkout@fbc6f3992d24b796d5a048ff273f7fcc4a7b6c09	2026-10-08T14:14:19.5373219Z  * [new branch]        handoff/r9-f9-test-pins-2 -> origin/handoff/r9-f9-test-pins-2
delivery-status	Run actions/checkout@fbc6f3992d24b796d5a048ff273f7fcc4a7b6c09	2026-10-08T14:14:19.5374568Z  * [new branch]        handoff/r9-f9-test-pins-3 -> origin/handoff/r9-f9-test-pins-3
delivery-status	Run actions/checkout@fbc6f3992d24b796d5a048ff273f7fcc4a7b6c09	2026-10-08T14:14:19.5375719Z  * [new branch]        handoff/r9-fixer-cap    -> origin/handoff/r9-fixer-cap
delivery-status	Run actions/checkout@fbc6f3992d24b796d5a048ff273f7fcc4a7b6c09	2026-10-08T14:14:19.5376784Z  * [new branch]        handoff/r9-fr-10        -> origin/handoff/r9-fr-10
delivery-status	Run actions/checkout@fbc6f3992d24b796d5a048ff273f7fcc4a7b6c09	2026-10-08T14:14:19.5377901Z  * [new branch]        handoff/r9-friction-study -> origin/handoff/r9-friction-study
delivery-status	Run actions/checkout@fbc6f3992d24b796d5a048ff273f7fcc4a7b6c09	2026-10-08T14:14:19.5379047Z  * [new branch]        handoff/r9-gittmp       -> origin/handoff/r9-gittmp
delivery-status	Run actions/checkout@fbc6f3992d24b796d5a048ff273f7fcc4a7b6c09	2026-10-08T14:14:19.5380158Z  * [new branch]        handoff/r9-main-closures -> origin/handoff/r9-main-closures
delivery-status	Run actions/checkout@fbc6f3992d24b796d5a048ff273f7fcc4a7b6c09	2026-10-08T14:14:19.5381324Z  * [new branch]        handoff/r9-nightly-bdr  -> origin/handoff/r9-nightly-bdr
delivery-status	Run actions/checkout@fbc6f3992d24b796d5a048ff273f7fcc4a7b6c09	2026-10-08T14:14:19.5382444Z  * [new branch]        handoff/r9-nightly-ha   -> origin/handoff/r9-nightly-ha
delivery-status	Run actions/checkout@fbc6f3992d24b796d5a048ff273f7fcc4a7b6c09	2026-10-08T14:14:19.5383682Z  * [new branch]        handoff/r9-nightly-ha-measure -> origin/handoff/r9-nightly-ha-measure
delivery-status	Run actions/checkout@fbc6f3992d24b796d5a048ff273f7fcc4a7b6c09	2026-10-08T14:14:19.5385103Z  * [new branch]        handoff/r9-nightly-ha-on-pr -> origin/handoff/r9-nightly-ha-on-pr
delivery-status	Run actions/checkout@fbc6f3992d24b796d5a048ff273f7fcc4a7b6c09	2026-10-08T14:14:19.5386475Z  * [new branch]        handoff/r9-nightly-status-k5uati -> origin/handoff/r9-nightly-status-k5uati
delivery-status	Run actions/checkout@fbc6f3992d24b796d5a048ff273f7fcc4a7b6c09	2026-10-08T14:14:19.5387815Z  * [new branch]        handoff/r9-prepr-selftest -> origin/handoff/r9-prepr-selftest
delivery-status	Run actions/checkout@fbc6f3992d24b796d5a048ff273f7fcc4a7b6c09	2026-10-08T14:14:19.5388950Z  * [new branch]        handoff/r9-proc-1       -> origin/handoff/r9-proc-1
delivery-status	Run actions/checkout@fbc6f3992d24b796d5a048ff273f7fcc4a7b6c09	2026-10-08T14:14:19.5389990Z  * [new branch]        handoff/r9-proc-3       -> origin/handoff/r9-proc-3
delivery-status	Run actions/checkout@fbc6f3992d24b796d5a048ff273f7fcc4a7b6c09	2026-10-08T14:14:19.5391042Z  * [new branch]        handoff/r9-proc-4       -> origin/handoff/r9-proc-4
delivery-status	Run actions/checkout@fbc6f3992d24b796d5a048ff273f7fcc4a7b6c09	2026-10-08T14:14:19.5392084Z  * [new branch]        handoff/r9-proc-5       -> origin/handoff/r9-proc-5
delivery-status	Run actions/checkout@fbc6f3992d24b796d5a048ff273f7fcc4a7b6c09	2026-10-08T14:14:19.5393381Z  * [new branch]        handoff/r9-rc-prcontract-fix -> origin/handoff/r9-rc-prcontract-fix
delivery-status	Run actions/checkout@fbc6f3992d24b796d5a048ff273f7fcc4a7b6c09	2026-10-08T14:14:19.5394730Z  * [new branch]        handoff/r9-rca-1985     -> origin/handoff/r9-rca-1985
delivery-status	Run actions/checkout@fbc6f3992d24b796d5a048ff273f7fcc4a7b6c09	2026-10-08T14:14:19.5395802Z  * [new branch]        handoff/r9-rca-1990     -> origin/handoff/r9-rca-1990
delivery-status	Run actions/checkout@fbc6f3992d24b796d5a048ff273f7fcc4a7b6c09	2026-10-08T14:14:19.5396926Z  * [new branch]        handoff/r9-rca-2004     -> origin/handoff/r9-rca-2004
delivery-status	Run actions/checkout@fbc6f3992d24b796d5a048ff273f7fcc4a7b6c09	2026-10-08T14:14:19.5398660Z  * [new branch]        handoff/r9-rca-avoidable-interpreter-bound-recomputation -> origin/handoff/r9-rca-avoidable-interpreter-bound-recomputation
delivery-status	Run actions/checkout@fbc6f3992d24b796d5a048ff273f7fcc4a7b6c09	2026-10-08T14:14:19.5400478Z  * [new branch]        handoff/r9-rca-bugclasses -> origin/handoff/r9-rca-bugclasses
delivery-status	Run actions/checkout@fbc6f3992d24b796d5a048ff273f7fcc4a7b6c09	2026-10-08T14:14:19.5401744Z  * [new branch]        handoff/r9-rca-cpu-gate-blind -> origin/handoff/r9-rca-cpu-gate-blind
delivery-status	Run actions/checkout@fbc6f3992d24b796d5a048ff273f7fcc4a7b6c09	2026-10-08T14:14:19.5402919Z  * [new branch]        handoff/r9-rca-i1       -> origin/handoff/r9-rca-i1
delivery-status	Run actions/checkout@fbc6f3992d24b796d5a048ff273f7fcc4a7b6c09	2026-10-08T14:14:19.5404050Z  * [new branch]        handoff/r9-rca-i3       -> origin/handoff/r9-rca-i3
delivery-status	Run actions/checkout@fbc6f3992d24b796d5a048ff273f7fcc4a7b6c09	2026-10-08T14:14:19.5405079Z  * [new branch]        handoff/r9-rca-i4       -> origin/handoff/r9-rca-i4
delivery-status	Run actions/checkout@fbc6f3992d24b796d5a048ff273f7fcc4a7b6c09	2026-10-08T14:14:19.5406089Z  * [new branch]        handoff/r9-rca-i5       -> origin/handoff/r9-rca-i5
delivery-status	Run actions/checkout@fbc6f3992d24b796d5a048ff273f7fcc4a7b6c09	2026-10-08T14:14:19.5407128Z  * [new branch]        handoff/r9-rca-p1       -> origin/handoff/r9-rca-p1
delivery-status	Run actions/checkout@fbc6f3992d24b796d5a048ff273f7fcc4a7b6c09	2026-10-08T14:14:19.5408168Z  * [new branch]        handoff/r9-rca-p11      -> origin/handoff/r9-rca-p11
delivery-status	Run actions/checkout@fbc6f3992d24b796d5a048ff273f7fcc4a7b6c09	2026-10-08T14:14:19.5409209Z  * [new branch]        handoff/r9-rca-p2       -> origin/handoff/r9-rca-p2
delivery-status	Run actions/checkout@fbc6f3992d24b796d5a048ff273f7fcc4a7b6c09	2026-10-08T14:14:19.5410221Z  * [new branch]        handoff/r9-rca-p3       -> origin/handoff/r9-rca-p3
delivery-status	Run actions/checkout@fbc6f3992d24b796d5a048ff273f7fcc4a7b6c09	2026-10-08T14:14:19.5411245Z  * [new branch]        handoff/r9-rca-p5       -> origin/handoff/r9-rca-p5
delivery-status	Run actions/checkout@fbc6f3992d24b796d5a048ff273f7fcc4a7b6c09	2026-10-08T14:14:19.5412261Z  * [new branch]        handoff/r9-rca-p6       -> origin/handoff/r9-rca-p6
delivery-status	Run actions/checkout@fbc6f3992d24b796d5a048ff273f7fcc4a7b6c09	2026-10-08T14:14:19.5413273Z  * [new branch]        handoff/r9-rca-p9       -> origin/handoff/r9-rca-p9
delivery-status	Run actions/checkout@fbc6f3992d24b796d5a048ff273f7fcc4a7b6c09	2026-10-08T14:14:19.5415146Z  * [new branch]        handoff/r9-rca-persisted-future-instant-trusted-without-bound -> origin/handoff/r9-rca-persisted-future-instant-trusted-without-bound
delivery-status	Run actions/checkout@fbc6f3992d24b796d5a048ff273f7fcc4a7b6c09	2026-10-08T14:14:19.5417120Z  * [new branch]        handoff/r9-rca-stamp-race -> origin/handoff/r9-rca-stamp-race
delivery-status	Run actions/checkout@fbc6f3992d24b796d5a048ff273f7fcc4a7b6c09	2026-10-08T14:14:19.5418394Z  * [new branch]        handoff/r9-rca-stress-recording -> origin/handoff/r9-rca-stress-recording
delivery-status	Run actions/checkout@fbc6f3992d24b796d5a048ff273f7fcc4a7b6c09	2026-10-08T14:14:19.5419705Z  * [new branch]        handoff/r9-record-automerge -> origin/handoff/r9-record-automerge
delivery-status	Run actions/checkout@fbc6f3992d24b796d5a048ff273f7fcc4a7b6c09	2026-10-08T14:14:19.5420880Z  * [new branch]        handoff/r9-record-path  -> origin/handoff/r9-record-path
delivery-status	Run actions/checkout@fbc6f3992d24b796d5a048ff273f7fcc4a7b6c09	2026-10-08T14:14:19.5421925Z  * [new branch]        handoff/r9-ro-1         -> origin/handoff/r9-ro-1
delivery-status	Run actions/checkout@fbc6f3992d24b796d5a048ff273f7fcc4a7b6c09	2026-10-08T14:14:19.5422913Z  * [new branch]        handoff/r9-ro-10        -> origin/handoff/r9-ro-10
delivery-status	Run actions/checkout@fbc6f3992d24b796d5a048ff273f7fcc4a7b6c09	2026-10-08T14:14:19.5424015Z  * [new branch]        handoff/r9-ro-11        -> origin/handoff/r9-ro-11
delivery-status	Run actions/checkout@fbc6f3992d24b796d5a048ff273f7fcc4a7b6c09	2026-10-08T14:14:19.5425030Z  * [new branch]        handoff/r9-ro-12        -> origin/handoff/r9-ro-12
delivery-status	Run actions/checkout@fbc6f3992d24b796d5a048ff273f7fcc4a7b6c09	2026-10-08T14:14:19.5426030Z  * [new branch]        handoff/r9-ro-2         -> origin/handoff/r9-ro-2
delivery-status	Run actions/checkout@fbc6f3992d24b796d5a048ff273f7fcc4a7b6c09	2026-10-08T14:14:19.5427017Z  * [new branch]        handoff/r9-ro-3         -> origin/handoff/r9-ro-3
delivery-status	Run actions/checkout@fbc6f3992d24b796d5a048ff273f7fcc4a7b6c09	2026-10-08T14:14:19.5427996Z  * [new branch]        handoff/r9-ro-4         -> origin/handoff/r9-ro-4
delivery-status	Run actions/checkout@fbc6f3992d24b796d5a048ff273f7fcc4a7b6c09	2026-10-08T14:14:19.5428974Z  * [new branch]        handoff/r9-ro-5         -> origin/handoff/r9-ro-5
delivery-status	Run actions/checkout@fbc6f3992d24b796d5a048ff273f7fcc4a7b6c09	2026-10-08T14:14:19.5429951Z  * [new branch]        handoff/r9-ro-6         -> origin/handoff/r9-ro-6
delivery-status	Run actions/checkout@fbc6f3992d24b796d5a048ff273f7fcc4a7b6c09	2026-10-08T14:14:19.5430923Z  * [new branch]        handoff/r9-ro-7         -> origin/handoff/r9-ro-7
delivery-status	Run actions/checkout@fbc6f3992d24b796d5a048ff273f7fcc4a7b6c09	2026-10-08T14:14:19.5431898Z  * [new branch]        handoff/r9-ro-8         -> origin/handoff/r9-ro-8
delivery-status	Run actions/checkout@fbc6f3992d24b796d5a048ff273f7fcc4a7b6c09	2026-10-08T14:14:19.5432876Z  * [new branch]        handoff/r9-ro-9a        -> origin/handoff/r9-ro-9a
delivery-status	Run actions/checkout@fbc6f3992d24b796d5a048ff273f7fcc4a7b6c09	2026-10-08T14:14:19.5433985Z  * [new branch]        handoff/r9-sw-5         -> origin/handoff/r9-sw-5
delivery-status	Run actions/checkout@fbc6f3992d24b796d5a048ff273f7fcc4a7b6c09	2026-10-08T14:14:19.5435042Z  * [new branch]        handoff/r9-sw-actuation -> origin/handoff/r9-sw-actuation
delivery-status	Run actions/checkout@fbc6f3992d24b796d5a048ff273f7fcc4a7b6c09	2026-10-08T14:14:19.5436217Z  * [new branch]        handoff/r9-sw-card      -> origin/handoff/r9-sw-card
delivery-status	Run actions/checkout@fbc6f3992d24b796d5a048ff273f7fcc4a7b6c09	2026-10-08T14:14:19.5437250Z  * [new branch]        handoff/r9-sw-gchv      -> origin/handoff/r9-sw-gchv
delivery-status	Run actions/checkout@fbc6f3992d24b796d5a048ff273f7fcc4a7b6c09	2026-10-08T14:14:19.5438282Z  * [new branch]        handoff/r9-sw-model     -> origin/handoff/r9-sw-model
delivery-status	Run actions/checkout@fbc6f3992d24b796d5a048ff273f7fcc4a7b6c09	2026-10-08T14:14:19.5439288Z  * [new branch]        handoff/r9-sw6          -> origin/handoff/r9-sw6
delivery-status	Run actions/checkout@fbc6f3992d24b796d5a048ff273f7fcc4a7b6c09	2026-10-08T14:14:19.5440272Z  * [new branch]        handoff/r9-ux-10        -> origin/handoff/r9-ux-10
delivery-status	Run actions/checkout@fbc6f3992d24b796d5a048ff273f7fcc4a7b6c09	2026-10-08T14:14:19.5441270Z  * [new branch]        handoff/r9-ux-6         -> origin/handoff/r9-ux-6
delivery-status	Run actions/checkout@fbc6f3992d24b796d5a048ff273f7fcc4a7b6c09	2026-10-08T14:14:19.5442251Z  * [new branch]        handoff/r9-ux-7         -> origin/handoff/r9-ux-7
delivery-status	Run actions/checkout@fbc6f3992d24b796d5a048ff273f7fcc4a7b6c09	2026-10-08T14:14:19.5443274Z  * [new branch]        handoff/r9-ux-actions   -> origin/handoff/r9-ux-actions
delivery-status	Run actions/checkout@fbc6f3992d24b796d5a048ff273f7fcc4a7b6c09	2026-10-08T14:14:19.5444616Z  * [new branch]        handoff/r9-ux-events    -> origin/handoff/r9-ux-events
delivery-status	Run actions/checkout@fbc6f3992d24b796d5a048ff273f7fcc4a7b6c09	2026-10-08T14:14:19.5445669Z  * [new branch]        handoff/r9-ux-health    -> origin/handoff/r9-ux-health
delivery-status	Run actions/checkout@fbc6f3992d24b796d5a048ff273f7fcc4a7b6c09	2026-10-08T14:14:19.5446804Z  * [new branch]        handoff/r9-ux-insight-text -> origin/handoff/r9-ux-insight-text
delivery-status	Run actions/checkout@fbc6f3992d24b796d5a048ff273f7fcc4a7b6c09	2026-10-08T14:14:19.5447900Z  * [new branch]        handoff/r9-ux9          -> origin/handoff/r9-ux9
delivery-status	Run actions/checkout@fbc6f3992d24b796d5a048ff273f7fcc4a7b6c09	2026-10-08T14:14:19.5448874Z  * [new branch]        handoff/r9-web-3        -> origin/handoff/r9-web-3
delivery-status	Run actions/checkout@fbc6f3992d24b796d5a048ff273f7fcc4a7b6c09	2026-10-08T14:14:19.5449883Z  * [new branch]        handoff/r9-web-4        -> origin/handoff/r9-web-4
delivery-status	Run actions/checkout@fbc6f3992d24b796d5a048ff273f7fcc4a7b6c09	2026-10-08T14:14:19.5450877Z  * [new branch]        handoff/r9-web-5        -> origin/handoff/r9-web-5
delivery-status	Run actions/checkout@fbc6f3992d24b796d5a048ff273f7fcc4a7b6c09	2026-10-08T14:14:19.5451888Z  * [new branch]        handoff/r9-web-page     -> origin/handoff/r9-web-page
delivery-status	Run actions/checkout@fbc6f3992d24b796d5a048ff273f7fcc4a7b6c09	2026-10-08T14:14:19.5452886Z  * [new branch]        handoff/rca-1747        -> origin/handoff/rca-1747
delivery-status	Run actions/checkout@fbc6f3992d24b796d5a048ff273f7fcc4a7b6c09	2026-10-08T14:14:19.5454097Z  * [new branch]        handoff/repo-reorg-plan -> origin/handoff/repo-reorg-plan
delivery-status	Run actions/checkout@fbc6f3992d24b796d5a048ff273f7fcc4a7b6c09	2026-10-08T14:14:19.5455279Z  * [new branch]        handoff/silent-windows-plan -> origin/handoff/silent-windows-plan
delivery-status	Run actions/checkout@fbc6f3992d24b796d5a048ff273f7fcc4a7b6c09	2026-10-08T14:14:19.5456324Z  * [new branch]        main                    -> origin/main
delivery-status	Run actions/checkout@fbc6f3992d24b796d5a048ff273f7fcc4a7b6c09	2026-10-08T14:14:19.5457366Z  * [new branch]        proof/r9-ci-1-pr2010    -> origin/proof/r9-ci-1-pr2010
delivery-status	Run actions/checkout@fbc6f3992d24b796d5a048ff273f7fcc4a7b6c09	2026-10-08T14:14:19.5458410Z  * [new branch]        proof/r9-ci-1-pr2025    -> origin/proof/r9-ci-1-pr2025
delivery-status	Run actions/checkout@fbc6f3992d24b796d5a048ff273f7fcc4a7b6c09	2026-10-08T14:14:19.5459425Z  * [new branch]        proof/r9-ci-1-sw1       -> origin/proof/r9-ci-1-sw1
delivery-status	Run actions/checkout@fbc6f3992d24b796d5a048ff273f7fcc4a7b6c09	2026-10-08T14:14:19.5460389Z  * [new branch]        review/1987             -> origin/review/1987
delivery-status	Run actions/checkout@fbc6f3992d24b796d5a048ff273f7fcc4a7b6c09	2026-10-08T14:14:19.5461314Z  * [new branch]        review/1997             -> origin/review/1997
delivery-status	Run actions/checkout@fbc6f3992d24b796d5a048ff273f7fcc4a7b6c09	2026-10-08T14:14:19.5462231Z  * [new branch]        review/2002             -> origin/review/2002
delivery-status	Run actions/checkout@fbc6f3992d24b796d5a048ff273f7fcc4a7b6c09	2026-10-08T14:14:19.5463144Z  * [new branch]        review/2006             -> origin/review/2006
delivery-status	Run actions/checkout@fbc6f3992d24b796d5a048ff273f7fcc4a7b6c09	2026-10-08T14:14:19.5464126Z  * [new branch]        review/2007             -> origin/review/2007
delivery-status	Run actions/checkout@fbc6f3992d24b796d5a048ff273f7fcc4a7b6c09	2026-10-08T14:14:19.5465044Z  * [new branch]        review/2010             -> origin/review/2010
delivery-status	Run actions/checkout@fbc6f3992d24b796d5a048ff273f7fcc4a7b6c09	2026-10-08T14:14:19.5465965Z  * [new branch]        review/2011             -> origin/review/2011
delivery-status	Run actions/checkout@fbc6f3992d24b796d5a048ff273f7fcc4a7b6c09	2026-10-08T14:14:19.5466890Z  * [new branch]        review/2012             -> origin/review/2012
delivery-status	Run actions/checkout@fbc6f3992d24b796d5a048ff273f7fcc4a7b6c09	2026-10-08T14:14:19.5467816Z  * [new branch]        review/2013             -> origin/review/2013
delivery-status	Run actions/checkout@fbc6f3992d24b796d5a048ff273f7fcc4a7b6c09	2026-10-08T14:14:19.5468727Z  * [new branch]        review/2014             -> origin/review/2014
delivery-status	Run actions/checkout@fbc6f3992d24b796d5a048ff273f7fcc4a7b6c09	2026-10-08T14:14:19.5469644Z  * [new branch]        review/2015             -> origin/review/2015
delivery-status	Run actions/checkout@fbc6f3992d24b796d5a048ff273f7fcc4a7b6c09	2026-10-08T14:14:19.5470560Z  * [new branch]        review/2017             -> origin/review/2017
delivery-status	Run actions/checkout@fbc6f3992d24b796d5a048ff273f7fcc4a7b6c09	2026-10-08T14:14:19.5471483Z  * [new branch]        review/2018             -> origin/review/2018
delivery-status	Run actions/checkout@fbc6f3992d24b796d5a048ff273f7fcc4a7b6c09	2026-10-08T14:14:19.5472405Z  * [new branch]        review/2021             -> origin/review/2021
delivery-status	Run actions/checkout@fbc6f3992d24b796d5a048ff273f7fcc4a7b6c09	2026-10-08T14:14:19.5473322Z  * [new branch]        review/2022             -> origin/review/2022
delivery-status	Run actions/checkout@fbc6f3992d24b796d5a048ff273f7fcc4a7b6c09	2026-10-08T14:14:19.5474330Z  * [new branch]        review/2024             -> origin/review/2024
delivery-status	Run actions/checkout@fbc6f3992d24b796d5a048ff273f7fcc4a7b6c09	2026-10-08T14:14:19.5475246Z  * [new branch]        review/2025             -> origin/review/2025
delivery-status	Run actions/checkout@fbc6f3992d24b796d5a048ff273f7fcc4a7b6c09	2026-10-08T14:14:19.5476250Z  * [new branch]        review/2026             -> origin/review/2026
delivery-status	Run actions/checkout@fbc6f3992d24b796d5a048ff273f7fcc4a7b6c09	2026-10-08T14:14:19.5477172Z  * [new branch]        review/2027             -> origin/review/2027
delivery-status	Run actions/checkout@fbc6f3992d24b796d5a048ff273f7fcc4a7b6c09	2026-10-08T14:14:19.5478086Z  * [new branch]        review/2029             -> origin/review/2029
delivery-status	Run actions/checkout@fbc6f3992d24b796d5a048ff273f7fcc4a7b6c09	2026-10-08T14:14:19.5478993Z  * [new branch]        review/2030             -> origin/review/2030
delivery-status	Run actions/checkout@fbc6f3992d24b796d5a048ff273f7fcc4a7b6c09	2026-10-08T14:14:19.5479898Z  * [new branch]        review/2040             -> origin/review/2040
delivery-status	Run actions/checkout@fbc6f3992d24b796d5a048ff273f7fcc4a7b6c09	2026-10-08T14:14:19.5480809Z  * [new branch]        review/2041             -> origin/review/2041
delivery-status	Run actions/checkout@fbc6f3992d24b796d5a048ff273f7fcc4a7b6c09	2026-10-08T14:14:19.5481724Z  * [new branch]        review/2042             -> origin/review/2042
delivery-status	Run actions/checkout@fbc6f3992d24b796d5a048ff273f7fcc4a7b6c09	2026-10-08T14:14:19.5482630Z  * [new branch]        review/2044             -> origin/review/2044
delivery-status	Run actions/checkout@fbc6f3992d24b796d5a048ff273f7fcc4a7b6c09	2026-10-08T14:14:19.5483535Z  * [new branch]        review/2049             -> origin/review/2049
delivery-status	Run actions/checkout@fbc6f3992d24b796d5a048ff273f7fcc4a7b6c09	2026-10-08T14:14:19.5484507Z  * [new branch]        review/2051             -> origin/review/2051
delivery-status	Run actions/checkout@fbc6f3992d24b796d5a048ff273f7fcc4a7b6c09	2026-10-08T14:14:19.5485422Z  * [new branch]        review/2053             -> origin/review/2053
delivery-status	Run actions/checkout@fbc6f3992d24b796d5a048ff273f7fcc4a7b6c09	2026-10-08T14:14:19.5486346Z  * [new branch]        review/2054             -> origin/review/2054
delivery-status	Run actions/checkout@fbc6f3992d24b796d5a048ff273f7fcc4a7b6c09	2026-10-08T14:14:19.5487258Z  * [new branch]        review/2055             -> origin/review/2055
delivery-status	Run actions/checkout@fbc6f3992d24b796d5a048ff273f7fcc4a7b6c09	2026-10-08T14:14:19.5488175Z  * [new branch]        review/2056             -> origin/review/2056
delivery-status	Run actions/checkout@fbc6f3992d24b796d5a048ff273f7fcc4a7b6c09	2026-10-08T14:14:19.5489085Z  * [new branch]        review/2057             -> origin/review/2057
delivery-status	Run actions/checkout@fbc6f3992d24b796d5a048ff273f7fcc4a7b6c09	2026-10-08T14:14:19.5489989Z  * [new branch]        review/2058             -> origin/review/2058
delivery-status	Run actions/checkout@fbc6f3992d24b796d5a048ff273f7fcc4a7b6c09	2026-10-08T14:14:19.5490900Z  * [new branch]        review/2059             -> origin/review/2059
delivery-status	Run actions/checkout@fbc6f3992d24b796d5a048ff273f7fcc4a7b6c09	2026-10-08T14:14:19.5491811Z  * [new branch]        review/2060             -> origin/review/2060
delivery-status	Run actions/checkout@fbc6f3992d24b796d5a048ff273f7fcc4a7b6c09	2026-10-08T14:14:19.5492737Z  * [new branch]        verdict/1987            -> origin/verdict/1987
delivery-status	Run actions/checkout@fbc6f3992d24b796d5a048ff273f7fcc4a7b6c09	2026-10-08T14:14:19.5493669Z  * [new branch]        verdict/1997            -> origin/verdict/1997
delivery-status	Run actions/checkout@fbc6f3992d24b796d5a048ff273f7fcc4a7b6c09	2026-10-08T14:14:19.5494736Z  * [new branch]        verdict/2002            -> origin/verdict/2002
delivery-status	Run actions/checkout@fbc6f3992d24b796d5a048ff273f7fcc4a7b6c09	2026-10-08T14:14:19.5495667Z  * [new branch]        verdict/2006            -> origin/verdict/2006
delivery-status	Run actions/checkout@fbc6f3992d24b796d5a048ff273f7fcc4a7b6c09	2026-10-08T14:14:19.5496689Z  * [new branch]        verdict/2007            -> origin/verdict/2007
delivery-status	Run actions/checkout@fbc6f3992d24b796d5a048ff273f7fcc4a7b6c09	2026-10-08T14:14:19.5497640Z  * [new branch]        verdict/2010            -> origin/verdict/2010
delivery-status	Run actions/checkout@fbc6f3992d24b796d5a048ff273f7fcc4a7b6c09	2026-10-08T14:14:19.5498559Z  * [new branch]        verdict/2011            -> origin/verdict/2011
delivery-status	Run actions/checkout@fbc6f3992d24b796d5a048ff273f7fcc4a7b6c09	2026-10-08T14:14:19.5499483Z  * [new branch]        verdict/2012            -> origin/verdict/2012
delivery-status	Run actions/checkout@fbc6f3992d24b796d5a048ff273f7fcc4a7b6c09	2026-10-08T14:14:19.5500408Z  * [new branch]        verdict/2013            -> origin/verdict/2013
delivery-status	Run actions/checkout@fbc6f3992d24b796d5a048ff273f7fcc4a7b6c09	2026-10-08T14:14:19.5501328Z  * [new branch]        verdict/2014            -> origin/verdict/2014
delivery-status	Run actions/checkout@fbc6f3992d24b796d5a048ff273f7fcc4a7b6c09	2026-10-08T14:14:19.5502254Z  * [new branch]        verdict/2015            -> origin/verdict/2015
delivery-status	Run actions/checkout@fbc6f3992d24b796d5a048ff273f7fcc4a7b6c09	2026-10-08T14:14:19.5503176Z  * [new branch]        verdict/2017            -> origin/verdict/2017
delivery-status	Run actions/checkout@fbc6f3992d24b796d5a048ff273f7fcc4a7b6c09	2026-10-08T14:14:19.5504154Z  * [new branch]        verdict/2018            -> origin/verdict/2018
delivery-status	Run actions/checkout@fbc6f3992d24b796d5a048ff273f7fcc4a7b6c09	2026-10-08T14:14:19.5505075Z  * [new branch]        verdict/2021            -> origin/verdict/2021
delivery-status	Run actions/checkout@fbc6f3992d24b796d5a048ff273f7fcc4a7b6c09	2026-10-08T14:14:19.5506011Z  * [new branch]        verdict/2022            -> origin/verdict/2022
delivery-status	Run actions/checkout@fbc6f3992d24b796d5a048ff273f7fcc4a7b6c09	2026-10-08T14:14:19.5506922Z  * [new branch]        verdict/2024            -> origin/verdict/2024
delivery-status	Run actions/checkout@fbc6f3992d24b796d5a048ff273f7fcc4a7b6c09	2026-10-08T14:14:19.5507839Z  * [new branch]        verdict/2025            -> origin/verdict/2025
delivery-status	Run actions/checkout@fbc6f3992d24b796d5a048ff273f7fcc4a7b6c09	2026-10-08T14:14:19.5508755Z  * [new branch]        verdict/2026            -> origin/verdict/2026
delivery-status	Run actions/checkout@fbc6f3992d24b796d5a048ff273f7fcc4a7b6c09	2026-10-08T14:14:19.5509665Z  * [new branch]        verdict/2027            -> origin/verdict/2027
delivery-status	Run actions/checkout@fbc6f3992d24b796d5a048ff273f7fcc4a7b6c09	2026-10-08T14:14:19.5510587Z  * [new branch]        verdict/2029            -> origin/verdict/2029
delivery-status	Run actions/checkout@fbc6f3992d24b796d5a048ff273f7fcc4a7b6c09	2026-10-08T14:14:19.5511509Z  * [new branch]        verdict/2030            -> origin/verdict/2030
delivery-status	Run actions/checkout@fbc6f3992d24b796d5a048ff273f7fcc4a7b6c09	2026-10-08T14:14:19.5512430Z  * [new branch]        verdict/2040            -> origin/verdict/2040
delivery-status	Run actions/checkout@fbc6f3992d24b796d5a048ff273f7fcc4a7b6c09	2026-10-08T14:14:19.5513343Z  * [new branch]        verdict/2041            -> origin/verdict/2041
delivery-status	Run actions/checkout@fbc6f3992d24b796d5a048ff273f7fcc4a7b6c09	2026-10-08T14:14:19.5514330Z  * [new branch]        verdict/2042            -> origin/verdict/2042
delivery-status	Run actions/checkout@fbc6f3992d24b796d5a048ff273f7fcc4a7b6c09	2026-10-08T14:14:19.5515351Z  * [new branch]        verdict/2044            -> origin/verdict/2044
delivery-status	Run actions/checkout@fbc6f3992d24b796d5a048ff273f7fcc4a7b6c09	2026-10-08T14:14:19.5516268Z  * [new branch]        verdict/2049            -> origin/verdict/2049
delivery-status	Run actions/checkout@fbc6f3992d24b796d5a048ff273f7fcc4a7b6c09	2026-10-08T14:14:19.5517180Z  * [new branch]        verdict/2051            -> origin/verdict/2051
delivery-status	Run actions/checkout@fbc6f3992d24b796d5a048ff273f7fcc4a7b6c09	2026-10-08T14:14:19.5518093Z  * [new branch]        verdict/2053            -> origin/verdict/2053
delivery-status	Run actions/checkout@fbc6f3992d24b796d5a048ff273f7fcc4a7b6c09	2026-10-08T14:14:19.5519003Z  * [new branch]        verdict/2054            -> origin/verdict/2054
delivery-status	Run actions/checkout@fbc6f3992d24b796d5a048ff273f7fcc4a7b6c09	2026-10-08T14:14:19.5519913Z  * [new branch]        verdict/2055            -> origin/verdict/2055
delivery-status	Run actions/checkout@fbc6f3992d24b796d5a048ff273f7fcc4a7b6c09	2026-10-08T14:14:19.5520828Z  * [new branch]        verdict/2056            -> origin/verdict/2056
delivery-status	Run actions/checkout@fbc6f3992d24b796d5a048ff273f7fcc4a7b6c09	2026-10-08T14:14:19.5521743Z  * [new branch]        verdict/2057            -> origin/verdict/2057
delivery-status	Run actions/checkout@fbc6f3992d24b796d5a048ff273f7fcc4a7b6c09	2026-10-08T14:14:19.5522647Z  * [new branch]        verdict/2058            -> origin/verdict/2058
delivery-status	Run actions/checkout@fbc6f3992d24b796d5a048ff273f7fcc4a7b6c09	2026-10-08T14:14:19.5523563Z  * [new branch]        verdict/2059            -> origin/verdict/2059
delivery-status	Run actions/checkout@fbc6f3992d24b796d5a048ff273f7fcc4a7b6c09	2026-10-08T14:14:19.5524544Z  * [new branch]        verdict/2060            -> origin/verdict/2060
delivery-status	Run actions/checkout@fbc6f3992d24b796d5a048ff273f7fcc4a7b6c09	2026-10-08T14:14:19.5525640Z  * [new branch]        wip-sync/orchestrator-scratch -> origin/wip-sync/orchestrator-scratch
delivery-status	Run actions/checkout@fbc6f3992d24b796d5a048ff273f7fcc4a7b6c09	2026-10-08T14:14:19.5526767Z  * [new tag]           audit-round2-evidence   -> audit-round2-evidence
delivery-status	Run actions/checkout@fbc6f3992d24b796d5a048ff273f7fcc4a7b6c09	2026-10-08T14:14:19.5527639Z  * [new tag]           v2.3.0-beta.1           -> v2.3.0-beta.1
delivery-status	Run actions/checkout@fbc6f3992d24b796d5a048ff273f7fcc4a7b6c09	2026-10-08T14:14:19.5528418Z  * [new tag]           v2.4.0                  -> v2.4.0
delivery-status	Run actions/checkout@fbc6f3992d24b796d5a048ff273f7fcc4a7b6c09	2026-10-08T14:14:19.5529147Z  * [new tag]           v2.4.1                  -> v2.4.1
delivery-status	Run actions/checkout@fbc6f3992d24b796d5a048ff273f7fcc4a7b6c09	2026-10-08T14:14:19.5529889Z  * [new tag]           v2.5.0                  -> v2.5.0
delivery-status	Run actions/checkout@fbc6f3992d24b796d5a048ff273f7fcc4a7b6c09	2026-10-08T14:14:19.5530624Z  * [new tag]           v2.6.0                  -> v2.6.0
delivery-status	Run actions/checkout@fbc6f3992d24b796d5a048ff273f7fcc4a7b6c09	2026-10-08T14:14:19.5531356Z  * [new tag]           v2.6.1                  -> v2.6.1
delivery-status	Run actions/checkout@fbc6f3992d24b796d5a048ff273f7fcc4a7b6c09	2026-10-08T14:14:19.5532092Z  * [new tag]           v2.7.0                  -> v2.7.0
delivery-status	Run actions/checkout@fbc6f3992d24b796d5a048ff273f7fcc4a7b6c09	2026-10-08T14:14:19.5532835Z  * [new tag]           v2.8.0                  -> v2.8.0
delivery-status	Run actions/checkout@fbc6f3992d24b796d5a048ff273f7fcc4a7b6c09	2026-10-08T14:14:19.5533583Z  * [new tag]           v3.0.0                  -> v3.0.0
delivery-status	Run actions/checkout@fbc6f3992d24b796d5a048ff273f7fcc4a7b6c09	2026-10-08T14:14:19.5534623Z  * [new tag]           v3.1.0                  -> v3.1.0
delivery-status	Run actions/checkout@fbc6f3992d24b796d5a048ff273f7fcc4a7b6c09	2026-10-08T14:14:19.5535354Z  * [new tag]           v3.1.1                  -> v3.1.1
delivery-status	Run actions/checkout@fbc6f3992d24b796d5a048ff273f7fcc4a7b6c09	2026-10-08T14:14:19.5536084Z  * [new tag]           v3.1.2                  -> v3.1.2
delivery-status	Run actions/checkout@fbc6f3992d24b796d5a048ff273f7fcc4a7b6c09	2026-10-08T14:14:19.5536824Z  * [new tag]           v3.14.0                 -> v3.14.0
delivery-status	Run actions/checkout@fbc6f3992d24b796d5a048ff273f7fcc4a7b6c09	2026-10-08T14:14:19.5537569Z  * [new tag]           v3.16.0                 -> v3.16.0
delivery-status	Run actions/checkout@fbc6f3992d24b796d5a048ff273f7fcc4a7b6c09	2026-10-08T14:14:19.5538302Z  * [new tag]           v3.2.0                  -> v3.2.0
delivery-status	Run actions/checkout@fbc6f3992d24b796d5a048ff273f7fcc4a7b6c09	2026-10-08T14:14:19.5539033Z  * [new tag]           v3.3.0                  -> v3.3.0
delivery-status	Run actions/checkout@fbc6f3992d24b796d5a048ff273f7fcc4a7b6c09	2026-10-08T14:14:19.5539781Z  * [new tag]           v3.3.1                  -> v3.3.1
delivery-status	Run actions/checkout@fbc6f3992d24b796d5a048ff273f7fcc4a7b6c09	2026-10-08T14:14:19.5540520Z  * [new tag]           v3.4.0                  -> v3.4.0
delivery-status	Run actions/checkout@fbc6f3992d24b796d5a048ff273f7fcc4a7b6c09	2026-10-08T14:14:19.5541260Z  * [new tag]           v3.4.1                  -> v3.4.1
delivery-status	Run actions/checkout@fbc6f3992d24b796d5a048ff273f7fcc4a7b6c09	2026-10-08T14:14:19.5542004Z  * [new tag]           v3.5.0                  -> v3.5.0
delivery-status	Run actions/checkout@fbc6f3992d24b796d5a048ff273f7fcc4a7b6c09	2026-10-08T14:14:19.5542734Z  * [new tag]           v3.6.0                  -> v3.6.0
delivery-status	Run actions/checkout@fbc6f3992d24b796d5a048ff273f7fcc4a7b6c09	2026-10-08T14:14:19.5543475Z  * [new tag]           v3.6.1                  -> v3.6.1
delivery-status	Run actions/checkout@fbc6f3992d24b796d5a048ff273f7fcc4a7b6c09	2026-10-08T14:14:19.5544336Z  * [new tag]           v3.7.0                  -> v3.7.0
delivery-status	Run actions/checkout@fbc6f3992d24b796d5a048ff273f7fcc4a7b6c09	2026-10-08T14:14:19.5545063Z  * [new tag]           v3.7.1                  -> v3.7.1
delivery-status	Run actions/checkout@fbc6f3992d24b796d5a048ff273f7fcc4a7b6c09	2026-10-08T14:14:19.5545789Z  * [new tag]           v3.8.0                  -> v3.8.0
delivery-status	Run actions/checkout@fbc6f3992d24b796d5a048ff273f7fcc4a7b6c09	2026-10-08T14:14:19.5546515Z  * [new tag]           v4.0.0                  -> v4.0.0
delivery-status	Run actions/checkout@fbc6f3992d24b796d5a048ff273f7fcc4a7b6c09	2026-10-08T14:14:19.5547237Z  * [new tag]           v4.0.1                  -> v4.0.1
delivery-status	Run actions/checkout@fbc6f3992d24b796d5a048ff273f7fcc4a7b6c09	2026-10-08T14:14:19.5547956Z  * [new tag]           v4.0.2                  -> v4.0.2
delivery-status	Run actions/checkout@fbc6f3992d24b796d5a048ff273f7fcc4a7b6c09	2026-10-08T14:14:19.5548678Z  * [new tag]           v4.0.3                  -> v4.0.3
delivery-status	Run actions/checkout@fbc6f3992d24b796d5a048ff273f7fcc4a7b6c09	2026-10-08T14:14:19.5549398Z  * [new tag]           v4.0.4                  -> v4.0.4
delivery-status	Run actions/checkout@fbc6f3992d24b796d5a048ff273f7fcc4a7b6c09	2026-10-08T14:14:19.5550115Z  * [new tag]           v4.0.5                  -> v4.0.5
delivery-status	Run actions/checkout@fbc6f3992d24b796d5a048ff273f7fcc4a7b6c09	2026-10-08T14:14:19.5550830Z  * [new tag]           v4.0.6                  -> v4.0.6
delivery-status	Run actions/checkout@fbc6f3992d24b796d5a048ff273f7fcc4a7b6c09	2026-10-08T14:14:19.5551645Z  * [new tag]           v4.0.7                  -> v4.0.7
delivery-status	Run actions/checkout@fbc6f3992d24b796d5a048ff273f7fcc4a7b6c09	2026-10-08T14:14:19.5552362Z  * [new tag]           v4.1.0                  -> v4.1.0
delivery-status	Run actions/checkout@fbc6f3992d24b796d5a048ff273f7fcc4a7b6c09	2026-10-08T14:14:19.5553078Z  * [new tag]           v4.2.0                  -> v4.2.0
delivery-status	Run actions/checkout@fbc6f3992d24b796d5a048ff273f7fcc4a7b6c09	2026-10-08T14:14:19.5553874Z  * [new tag]           v4.3.0                  -> v4.3.0
delivery-status	Run actions/checkout@fbc6f3992d24b796d5a048ff273f7fcc4a7b6c09	2026-10-08T14:14:19.5554594Z  * [new tag]           v5.0.0                  -> v5.0.0
delivery-status	Run actions/checkout@fbc6f3992d24b796d5a048ff273f7fcc4a7b6c09	2026-10-08T14:14:19.5555309Z  * [new tag]           v5.1.0                  -> v5.1.0
delivery-status	Run actions/checkout@fbc6f3992d24b796d5a048ff273f7fcc4a7b6c09	2026-10-08T14:14:19.5556034Z  * [new tag]           v5.1.1                  -> v5.1.1
delivery-status	Run actions/checkout@fbc6f3992d24b796d5a048ff273f7fcc4a7b6c09	2026-10-08T14:14:19.5556756Z  * [new tag]           v5.1.10                 -> v5.1.10
delivery-status	Run actions/checkout@fbc6f3992d24b796d5a048ff273f7fcc4a7b6c09	2026-10-08T14:14:19.5557493Z  * [new tag]           v5.1.2                  -> v5.1.2
delivery-status	Run actions/checkout@fbc6f3992d24b796d5a048ff273f7fcc4a7b6c09	2026-10-08T14:14:19.5558222Z  * [new tag]           v5.1.3                  -> v5.1.3
delivery-status	Run actions/checkout@fbc6f3992d24b796d5a048ff273f7fcc4a7b6c09	2026-10-08T14:14:19.5558952Z  * [new tag]           v5.1.4                  -> v5.1.4
delivery-status	Run actions/checkout@fbc6f3992d24b796d5a048ff273f7fcc4a7b6c09	2026-10-08T14:14:19.5559668Z  * [new tag]           v5.1.5                  -> v5.1.5
delivery-status	Run actions/checkout@fbc6f3992d24b796d5a048ff273f7fcc4a7b6c09	2026-10-08T14:14:19.5560403Z  * [new tag]           v5.1.6                  -> v5.1.6
delivery-status	Run actions/checkout@fbc6f3992d24b796d5a048ff273f7fcc4a7b6c09	2026-10-08T14:14:19.5561124Z  * [new tag]           v5.1.7                  -> v5.1.7
delivery-status	Run actions/checkout@fbc6f3992d24b796d5a048ff273f7fcc4a7b6c09	2026-10-08T14:14:19.5561841Z  * [new tag]           v5.1.9                  -> v5.1.9
delivery-status	Run actions/checkout@fbc6f3992d24b796d5a048ff273f7fcc4a7b6c09	2026-10-08T14:14:19.5562563Z  * [new tag]           v5.2.0                  -> v5.2.0
delivery-status	Run actions/checkout@fbc6f3992d24b796d5a048ff273f7fcc4a7b6c09	2026-10-08T14:14:19.5563276Z  * [new tag]           v5.3.0                  -> v5.3.0
delivery-status	Run actions/checkout@fbc6f3992d24b796d5a048ff273f7fcc4a7b6c09	2026-10-08T14:14:19.5564059Z  * [new tag]           v5.4.0                  -> v5.4.0
delivery-status	Run actions/checkout@fbc6f3992d24b796d5a048ff273f7fcc4a7b6c09	2026-10-08T14:14:19.5564777Z  * [new tag]           v5.4.1                  -> v5.4.1
delivery-status	Run actions/checkout@fbc6f3992d24b796d5a048ff273f7fcc4a7b6c09	2026-10-08T14:14:19.5565498Z  * [new tag]           v5.5.0                  -> v5.5.0
delivery-status	Run actions/checkout@fbc6f3992d24b796d5a048ff273f7fcc4a7b6c09	2026-10-08T14:14:19.5566220Z  * [new tag]           v5.6.0                  -> v5.6.0
delivery-status	Run actions/checkout@fbc6f3992d24b796d5a048ff273f7fcc4a7b6c09	2026-10-08T14:14:19.5566938Z  * [new tag]           v5.6.1                  -> v5.6.1
delivery-status	Run actions/checkout@fbc6f3992d24b796d5a048ff273f7fcc4a7b6c09	2026-10-08T14:14:19.5567660Z  * [new tag]           v5.6.2                  -> v5.6.2
delivery-status	Run actions/checkout@fbc6f3992d24b796d5a048ff273f7fcc4a7b6c09	2026-10-08T14:14:19.5568377Z  * [new tag]           v5.7.0                  -> v5.7.0
delivery-status	Run actions/checkout@fbc6f3992d24b796d5a048ff273f7fcc4a7b6c09	2026-10-08T14:14:19.5569310Z  * [new tag]           v5.7.1                  -> v5.7.1
delivery-status	Run actions/checkout@fbc6f3992d24b796d5a048ff273f7fcc4a7b6c09	2026-10-08T14:14:19.5570484Z  * [new tag]           v6.0.0                  -> v6.0.0
delivery-status	Run actions/checkout@fbc6f3992d24b796d5a048ff273f7fcc4a7b6c09	2026-10-08T14:14:19.5571209Z  * [new tag]           v6.0.1                  -> v6.0.1
delivery-status	Run actions/checkout@fbc6f3992d24b796d5a048ff273f7fcc4a7b6c09	2026-10-08T14:14:19.5571943Z  * [new tag]           v6.0.2                  -> v6.0.2
delivery-status	Run actions/checkout@fbc6f3992d24b796d5a048ff273f7fcc4a7b6c09	2026-10-08T14:14:19.5572680Z  * [new tag]           v6.0.3                  -> v6.0.3
delivery-status	Run actions/checkout@fbc6f3992d24b796d5a048ff273f7fcc4a7b6c09	2026-10-08T14:14:19.5573402Z  * [new tag]           v6.0.4                  -> v6.0.4
delivery-status	Run actions/checkout@fbc6f3992d24b796d5a048ff273f7fcc4a7b6c09	2026-10-08T14:14:19.5574191Z  * [new tag]           v6.0.5                  -> v6.0.5
delivery-status	Run actions/checkout@fbc6f3992d24b796d5a048ff273f7fcc4a7b6c09	2026-10-08T14:14:19.5574915Z  * [new tag]           v6.0.6                  -> v6.0.6
delivery-status	Run actions/checkout@fbc6f3992d24b796d5a048ff273f7fcc4a7b6c09	2026-10-08T14:14:19.5575628Z  * [new tag]           v6.0.7                  -> v6.0.7
delivery-status	Run actions/checkout@fbc6f3992d24b796d5a048ff273f7fcc4a7b6c09	2026-10-08T14:14:19.5576352Z  * [new tag]           v6.0.8                  -> v6.0.8
delivery-status	Run actions/checkout@fbc6f3992d24b796d5a048ff273f7fcc4a7b6c09	2026-10-08T14:14:19.5577068Z  * [new tag]           v6.0.9                  -> v6.0.9
delivery-status	Run actions/checkout@fbc6f3992d24b796d5a048ff273f7fcc4a7b6c09	2026-10-08T14:14:19.5578109Z  * [new tag]           v6.1.0                  -> v6.1.0
delivery-status	Run actions/checkout@fbc6f3992d24b796d5a048ff273f7fcc4a7b6c09	2026-10-08T14:14:19.5579058Z  * [new tag]           v6.1.1                  -> v6.1.1
delivery-status	Run actions/checkout@fbc6f3992d24b796d5a048ff273f7fcc4a7b6c09	2026-10-08T14:14:19.5579781Z  * [new tag]           v6.1.2                  -> v6.1.2
delivery-status	Run actions/checkout@fbc6f3992d24b796d5a048ff273f7fcc4a7b6c09	2026-10-08T14:14:19.5580490Z  * [new tag]           v6.2.0                  -> v6.2.0
delivery-status	Run actions/checkout@fbc6f3992d24b796d5a048ff273f7fcc4a7b6c09	2026-10-08T14:14:19.5581200Z  * [new tag]           v6.2.1                  -> v6.2.1
delivery-status	Run actions/checkout@fbc6f3992d24b796d5a048ff273f7fcc4a7b6c09	2026-10-08T14:14:19.5581927Z  * [new tag]           v6.2.10                 -> v6.2.10
delivery-status	Run actions/checkout@fbc6f3992d24b796d5a048ff273f7fcc4a7b6c09	2026-10-08T14:14:19.5582651Z  * [new tag]           v6.2.11                 -> v6.2.11
delivery-status	Run actions/checkout@fbc6f3992d24b796d5a048ff273f7fcc4a7b6c09	2026-10-08T14:14:19.5583373Z  * [new tag]           v6.2.12                 -> v6.2.12
delivery-status	Run actions/checkout@fbc6f3992d24b796d5a048ff273f7fcc4a7b6c09	2026-10-08T14:14:19.5584256Z  * [new tag]           v6.2.13                 -> v6.2.13
delivery-status	Run actions/checkout@fbc6f3992d24b796d5a048ff273f7fcc4a7b6c09	2026-10-08T14:14:19.5584983Z  * [new tag]           v6.2.14                 -> v6.2.14
delivery-status	Run actions/checkout@fbc6f3992d24b796d5a048ff273f7fcc4a7b6c09	2026-10-08T14:14:19.5586014Z  * [new tag]           v6.2.15                 -> v6.2.15
delivery-status	Run actions/checkout@fbc6f3992d24b796d5a048ff273f7fcc4a7b6c09	2026-10-08T14:14:19.5586741Z  * [new tag]           v6.2.16                 -> v6.2.16
delivery-status	Run actions/checkout@fbc6f3992d24b796d5a048ff273f7fcc4a7b6c09	2026-10-08T14:14:19.5587459Z  * [new tag]           v6.2.17                 -> v6.2.17
delivery-status	Run actions/checkout@fbc6f3992d24b796d5a048ff273f7fcc4a7b6c09	2026-10-08T14:14:19.5588300Z  * [new tag]           v6.2.2                  -> v6.2.2
delivery-status	Run actions/checkout@fbc6f3992d24b796d5a048ff273f7fcc4a7b6c09	2026-10-08T14:14:19.5589014Z  * [new tag]           v6.2.3                  -> v6.2.3
delivery-status	Run actions/checkout@fbc6f3992d24b796d5a048ff273f7fcc4a7b6c09	2026-10-08T14:14:19.5589727Z  * [new tag]           v6.2.4                  -> v6.2.4
delivery-status	Run actions/checkout@fbc6f3992d24b796d5a048ff273f7fcc4a7b6c09	2026-10-08T14:14:19.5590433Z  * [new tag]           v6.2.5                  -> v6.2.5
delivery-status	Run actions/checkout@fbc6f3992d24b796d5a048ff273f7fcc4a7b6c09	2026-10-08T14:14:19.5591140Z  * [new tag]           v6.2.6                  -> v6.2.6
delivery-status	Run actions/checkout@fbc6f3992d24b796d5a048ff273f7fcc4a7b6c09	2026-10-08T14:14:19.5591852Z  * [new tag]           v6.2.7                  -> v6.2.7
delivery-status	Run actions/checkout@fbc6f3992d24b796d5a048ff273f7fcc4a7b6c09	2026-10-08T14:14:19.5592559Z  * [new tag]           v6.2.8                  -> v6.2.8
delivery-status	Run actions/checkout@fbc6f3992d24b796d5a048ff273f7fcc4a7b6c09	2026-10-08T14:14:19.5593274Z  * [new tag]           v6.2.9                  -> v6.2.9
delivery-status	Run actions/checkout@fbc6f3992d24b796d5a048ff273f7fcc4a7b6c09	2026-10-08T14:14:19.5594075Z  * [new tag]           v6.3.0                  -> v6.3.0
delivery-status	Run actions/checkout@fbc6f3992d24b796d5a048ff273f7fcc4a7b6c09	2026-10-08T14:14:19.5594782Z  * [new tag]           v6.3.1                  -> v6.3.1
delivery-status	Run actions/checkout@fbc6f3992d24b796d5a048ff273f7fcc4a7b6c09	2026-10-08T14:14:19.5595492Z  * [new tag]           v6.3.10                 -> v6.3.10
delivery-status	Run actions/checkout@fbc6f3992d24b796d5a048ff273f7fcc4a7b6c09	2026-10-08T14:14:19.5596210Z  * [new tag]           v6.3.11                 -> v6.3.11
delivery-status	Run actions/checkout@fbc6f3992d24b796d5a048ff273f7fcc4a7b6c09	2026-10-08T14:14:19.5596965Z  * [new tag]           v6.3.12                 -> v6.3.12
delivery-status	Run actions/checkout@fbc6f3992d24b796d5a048ff273f7fcc4a7b6c09	2026-10-08T14:14:19.5597680Z  * [new tag]           v6.3.13                 -> v6.3.13
delivery-status	Run actions/checkout@fbc6f3992d24b796d5a048ff273f7fcc4a7b6c09	2026-10-08T14:14:19.5598390Z  * [new tag]           v6.3.14                 -> v6.3.14
delivery-status	Run actions/checkout@fbc6f3992d24b796d5a048ff273f7fcc4a7b6c09	2026-10-08T14:14:19.5599103Z  * [new tag]           v6.3.15                 -> v6.3.15
delivery-status	Run actions/checkout@fbc6f3992d24b796d5a048ff273f7fcc4a7b6c09	2026-10-08T14:14:19.5599815Z  * [new tag]           v6.3.16                 -> v6.3.16
delivery-status	Run actions/checkout@fbc6f3992d24b796d5a048ff273f7fcc4a7b6c09	2026-10-08T14:14:19.5600530Z  * [new tag]           v6.3.17                 -> v6.3.17
delivery-status	Run actions/checkout@fbc6f3992d24b796d5a048ff273f7fcc4a7b6c09	2026-10-08T14:14:19.5601247Z  * [new tag]           v6.3.18                 -> v6.3.18
delivery-status	Run actions/checkout@fbc6f3992d24b796d5a048ff273f7fcc4a7b6c09	2026-10-08T14:14:19.5601964Z  * [new tag]           v6.3.19                 -> v6.3.19
delivery-status	Run actions/checkout@fbc6f3992d24b796d5a048ff273f7fcc4a7b6c09	2026-10-08T14:14:19.5602678Z  * [new tag]           v6.3.2                  -> v6.3.2
delivery-status	Run actions/checkout@fbc6f3992d24b796d5a048ff273f7fcc4a7b6c09	2026-10-08T14:14:19.5603391Z  * [new tag]           v6.3.20                 -> v6.3.20
delivery-status	Run actions/checkout@fbc6f3992d24b796d5a048ff273f7fcc4a7b6c09	2026-10-08T14:14:19.5604163Z  * [new tag]           v6.3.3                  -> v6.3.3
delivery-status	Run actions/checkout@fbc6f3992d24b796d5a048ff273f7fcc4a7b6c09	2026-10-08T14:14:19.5604880Z  * [new tag]           v6.3.4                  -> v6.3.4
delivery-status	Run actions/checkout@fbc6f3992d24b796d5a048ff273f7fcc4a7b6c09	2026-10-08T14:14:19.5605688Z  * [new tag]           v6.3.5                  -> v6.3.5
delivery-status	Run actions/checkout@fbc6f3992d24b796d5a048ff273f7fcc4a7b6c09	2026-10-08T14:14:19.5606402Z  * [new tag]           v6.3.6                  -> v6.3.6
delivery-status	Run actions/checkout@fbc6f3992d24b796d5a048ff273f7fcc4a7b6c09	2026-10-08T14:14:19.5607118Z  * [new tag]           v6.3.7                  -> v6.3.7
delivery-status	Run actions/checkout@fbc6f3992d24b796d5a048ff273f7fcc4a7b6c09	2026-10-08T14:14:19.5607828Z  * [new tag]           v6.3.8                  -> v6.3.8
delivery-status	Run actions/checkout@fbc6f3992d24b796d5a048ff273f7fcc4a7b6c09	2026-10-08T14:14:19.5608540Z  * [new tag]           v6.3.9                  -> v6.3.9
delivery-status	Run actions/checkout@fbc6f3992d24b796d5a048ff273f7fcc4a7b6c09	2026-10-08T14:14:19.5609268Z  * [new tag]           v6.4.0                  -> v6.4.0
delivery-status	Run actions/checkout@fbc6f3992d24b796d5a048ff273f7fcc4a7b6c09	2026-10-08T14:14:19.5609984Z  * [new tag]           v6.4.1                  -> v6.4.1
delivery-status	Run actions/checkout@fbc6f3992d24b796d5a048ff273f7fcc4a7b6c09	2026-10-08T14:14:19.5610692Z  * [new tag]           v6.4.2                  -> v6.4.2
delivery-status	Run actions/checkout@fbc6f3992d24b796d5a048ff273f7fcc4a7b6c09	2026-10-08T14:14:19.5611409Z  * [new tag]           v6.4.3                  -> v6.4.3
delivery-status	Run actions/checkout@fbc6f3992d24b796d5a048ff273f7fcc4a7b6c09	2026-10-08T14:14:19.5612118Z  * [new tag]           v6.4.4                  -> v6.4.4
delivery-status	Run actions/checkout@fbc6f3992d24b796d5a048ff273f7fcc4a7b6c09	2026-10-08T14:14:19.5612833Z  * [new tag]           v6.5.0                  -> v6.5.0
delivery-status	Run actions/checkout@fbc6f3992d24b796d5a048ff273f7fcc4a7b6c09	2026-10-08T14:14:19.5613556Z  * [new tag]           v6.5.1                  -> v6.5.1
delivery-status	Run actions/checkout@fbc6f3992d24b796d5a048ff273f7fcc4a7b6c09	2026-10-08T14:14:19.5614338Z  * [new tag]           v6.6.0                  -> v6.6.0
delivery-status	Run actions/checkout@fbc6f3992d24b796d5a048ff273f7fcc4a7b6c09	2026-10-08T14:14:19.5615043Z  * [new tag]           v6.6.1                  -> v6.6.1
delivery-status	Run actions/checkout@fbc6f3992d24b796d5a048ff273f7fcc4a7b6c09	2026-10-08T14:14:19.5615757Z  * [new tag]           v6.6.10                 -> v6.6.10
delivery-status	Run actions/checkout@fbc6f3992d24b796d5a048ff273f7fcc4a7b6c09	2026-10-08T14:14:19.5616476Z  * [new tag]           v6.6.11                 -> v6.6.11
delivery-status	Run actions/checkout@fbc6f3992d24b796d5a048ff273f7fcc4a7b6c09	2026-10-08T14:14:19.5617197Z  * [new tag]           v6.6.12                 -> v6.6.12
delivery-status	Run actions/checkout@fbc6f3992d24b796d5a048ff273f7fcc4a7b6c09	2026-10-08T14:14:19.5617910Z  * [new tag]           v6.6.2                  -> v6.6.2
delivery-status	Run actions/checkout@fbc6f3992d24b796d5a048ff273f7fcc4a7b6c09	2026-10-08T14:14:19.5618624Z  * [new tag]           v6.6.3                  -> v6.6.3
delivery-status	Run actions/checkout@fbc6f3992d24b796d5a048ff273f7fcc4a7b6c09	2026-10-08T14:14:19.5619336Z  * [new tag]           v6.6.4                  -> v6.6.4
delivery-status	Run actions/checkout@fbc6f3992d24b796d5a048ff273f7fcc4a7b6c09	2026-10-08T14:14:19.5620044Z  * [new tag]           v6.6.5                  -> v6.6.5
delivery-status	Run actions/checkout@fbc6f3992d24b796d5a048ff273f7fcc4a7b6c09	2026-10-08T14:14:19.5620759Z  * [new tag]           v6.6.6                  -> v6.6.6
delivery-status	Run actions/checkout@fbc6f3992d24b796d5a048ff273f7fcc4a7b6c09	2026-10-08T14:14:19.5621476Z  * [new tag]           v6.6.7                  -> v6.6.7
delivery-status	Run actions/checkout@fbc6f3992d24b796d5a048ff273f7fcc4a7b6c09	2026-10-08T14:14:19.5622283Z  * [new tag]           v6.6.8                  -> v6.6.8
delivery-status	Run actions/checkout@fbc6f3992d24b796d5a048ff273f7fcc4a7b6c09	2026-10-08T14:14:19.5622997Z  * [new tag]           v6.6.9                  -> v6.6.9
delivery-status	Run actions/checkout@fbc6f3992d24b796d5a048ff273f7fcc4a7b6c09	2026-10-08T14:14:19.5623707Z  * [new tag]           v6.7.0                  -> v6.7.0
delivery-status	Run actions/checkout@fbc6f3992d24b796d5a048ff273f7fcc4a7b6c09	2026-10-08T14:14:19.5624479Z  * [new tag]           v6.7.1                  -> v6.7.1
delivery-status	Run actions/checkout@fbc6f3992d24b796d5a048ff273f7fcc4a7b6c09	2026-10-08T14:14:19.5625193Z  * [new tag]           v6.7.10                 -> v6.7.10
delivery-status	Run actions/checkout@fbc6f3992d24b796d5a048ff273f7fcc4a7b6c09	2026-10-08T14:14:19.5625913Z  * [new tag]           v6.7.11                 -> v6.7.11
delivery-status	Run actions/checkout@fbc6f3992d24b796d5a048ff273f7fcc4a7b6c09	2026-10-08T14:14:19.5626625Z  * [new tag]           v6.7.12                 -> v6.7.12
delivery-status	Run actions/checkout@fbc6f3992d24b796d5a048ff273f7fcc4a7b6c09	2026-10-08T14:14:19.5627334Z  * [new tag]           v6.7.13                 -> v6.7.13
delivery-status	Run actions/checkout@fbc6f3992d24b796d5a048ff273f7fcc4a7b6c09	2026-10-08T14:14:19.5628055Z  * [new tag]           v6.7.14                 -> v6.7.14
delivery-status	Run actions/checkout@fbc6f3992d24b796d5a048ff273f7fcc4a7b6c09	2026-10-08T14:14:19.5628769Z  * [new tag]           v6.7.15                 -> v6.7.15
delivery-status	Run actions/checkout@fbc6f3992d24b796d5a048ff273f7fcc4a7b6c09	2026-10-08T14:14:19.5629515Z  * [new tag]           v6.7.16                 -> v6.7.16
delivery-status	Run actions/checkout@fbc6f3992d24b796d5a048ff273f7fcc4a7b6c09	2026-10-08T14:14:19.5630227Z  * [new tag]           v6.7.2                  -> v6.7.2
delivery-status	Run actions/checkout@fbc6f3992d24b796d5a048ff273f7fcc4a7b6c09	2026-10-08T14:14:19.5630949Z  * [new tag]           v6.7.3                  -> v6.7.3
delivery-status	Run actions/checkout@fbc6f3992d24b796d5a048ff273f7fcc4a7b6c09	2026-10-08T14:14:19.5631663Z  * [new tag]           v6.7.4                  -> v6.7.4
delivery-status	Run actions/checkout@fbc6f3992d24b796d5a048ff273f7fcc4a7b6c09	2026-10-08T14:14:19.5632383Z  * [new tag]           v6.7.5                  -> v6.7.5
delivery-status	Run actions/checkout@fbc6f3992d24b796d5a048ff273f7fcc4a7b6c09	2026-10-08T14:14:19.5633096Z  * [new tag]           v6.7.6                  -> v6.7.6
delivery-status	Run actions/checkout@fbc6f3992d24b796d5a048ff273f7fcc4a7b6c09	2026-10-08T14:14:19.5633880Z  * [new tag]           v6.7.7                  -> v6.7.7
delivery-status	Run actions/checkout@fbc6f3992d24b796d5a048ff273f7fcc4a7b6c09	2026-10-08T14:14:19.5634588Z  * [new tag]           v6.7.8                  -> v6.7.8
delivery-status	Run actions/checkout@fbc6f3992d24b796d5a048ff273f7fcc4a7b6c09	2026-10-08T14:14:19.5635295Z  * [new tag]           v6.7.9                  -> v6.7.9
delivery-status	Run actions/checkout@fbc6f3992d24b796d5a048ff273f7fcc4a7b6c09	2026-10-08T14:14:19.5636170Z  * [new ref]           42ee5eee9cb2e3df0a46a510a90f9c6d96c0d8c9 -> pull/2061/merge
delivery-status	Run actions/checkout@fbc6f3992d24b796d5a048ff273f7fcc4a7b6c09	2026-10-08T14:14:19.5638398Z ##[endgroup]
delivery-status	Run actions/checkout@fbc6f3992d24b796d5a048ff273f7fcc4a7b6c09	2026-10-08T14:14:19.5639209Z ##[group]Determining the checkout info
delivery-status	Run actions/checkout@fbc6f3992d24b796d5a048ff273f7fcc4a7b6c09	2026-10-08T14:14:19.5640097Z ##[endgroup]
delivery-status	Run actions/checkout@fbc6f3992d24b796d5a048ff273f7fcc4a7b6c09	2026-10-08T14:14:19.5640616Z [command]/usr/bin/git sparse-checkout disable
delivery-status	Run actions/checkout@fbc6f3992d24b796d5a048ff273f7fcc4a7b6c09	2026-10-08T14:14:19.5642190Z [command]/usr/bin/git config --local --unset-all extensions.worktreeConfig
delivery-status	Run actions/checkout@fbc6f3992d24b796d5a048ff273f7fcc4a7b6c09	2026-10-08T14:14:19.5644158Z ##[group]Checking out the ref
delivery-status	Run actions/checkout@fbc6f3992d24b796d5a048ff273f7fcc4a7b6c09	2026-10-08T14:14:19.5644964Z [command]/usr/bin/git checkout --progress --force refs/remotes/pull/2061/merge
delivery-status	Run actions/checkout@fbc6f3992d24b796d5a048ff273f7fcc4a7b6c09	2026-10-08T14:14:19.8746268Z Note: switching to 'refs/remotes/pull/2061/merge'.
delivery-status	Run actions/checkout@fbc6f3992d24b796d5a048ff273f7fcc4a7b6c09	2026-10-08T14:14:19.8746579Z 
delivery-status	Run actions/checkout@fbc6f3992d24b796d5a048ff273f7fcc4a7b6c09	2026-10-08T14:14:19.8746782Z You are in 'detached HEAD' state. You can look around, make experimental
delivery-status	Run actions/checkout@fbc6f3992d24b796d5a048ff273f7fcc4a7b6c09	2026-10-08T14:14:19.8747099Z changes and commit them, and you can discard any commits you make in this
delivery-status	Run actions/checkout@fbc6f3992d24b796d5a048ff273f7fcc4a7b6c09	2026-10-08T14:14:19.8747408Z state without impacting any branches by switching back to a branch.
delivery-status	Run actions/checkout@fbc6f3992d24b796d5a048ff273f7fcc4a7b6c09	2026-10-08T14:14:19.8747581Z 
delivery-status	Run actions/checkout@fbc6f3992d24b796d5a048ff273f7fcc4a7b6c09	2026-10-08T14:14:19.8747715Z If you want to create a new branch to retain commits you create, you may
delivery-status	Run actions/checkout@fbc6f3992d24b796d5a048ff273f7fcc4a7b6c09	2026-10-08T14:14:19.8748014Z do so (now or later) by using -c with the switch command. Example:
delivery-status	Run actions/checkout@fbc6f3992d24b796d5a048ff273f7fcc4a7b6c09	2026-10-08T14:14:19.8748189Z 
delivery-status	Run actions/checkout@fbc6f3992d24b796d5a048ff273f7fcc4a7b6c09	2026-10-08T14:14:19.8748277Z   git switch -c <new-branch-name>
delivery-status	Run actions/checkout@fbc6f3992d24b796d5a048ff273f7fcc4a7b6c09	2026-10-08T14:14:19.8748391Z 
delivery-status	Run actions/checkout@fbc6f3992d24b796d5a048ff273f7fcc4a7b6c09	2026-10-08T14:14:19.8748478Z Or undo this operation with:
delivery-status	Run actions/checkout@fbc6f3992d24b796d5a048ff273f7fcc4a7b6c09	2026-10-08T14:14:19.8748624Z 
delivery-status	Run actions/checkout@fbc6f3992d24b796d5a048ff273f7fcc4a7b6c09	2026-10-08T14:14:19.8748718Z   git switch -
delivery-status	Run actions/checkout@fbc6f3992d24b796d5a048ff273f7fcc4a7b6c09	2026-10-08T14:14:19.8748835Z 
delivery-status	Run actions/checkout@fbc6f3992d24b796d5a048ff273f7fcc4a7b6c09	2026-10-08T14:14:19.8749035Z Turn off this advice by setting config variable advice.detachedHead to false
delivery-status	Run actions/checkout@fbc6f3992d24b796d5a048ff273f7fcc4a7b6c09	2026-10-08T14:14:19.8749223Z 
delivery-status	Run actions/checkout@fbc6f3992d24b796d5a048ff273f7fcc4a7b6c09	2026-10-08T14:14:19.8749454Z HEAD is now at 42ee5eee Merge cf84e0a45dacffab7d337c74fb9312fc9f298ad3 into 0b89f781f340d56a8202f7a2fbe69b8f87e4b2ff
delivery-status	Run actions/checkout@fbc6f3992d24b796d5a048ff273f7fcc4a7b6c09	2026-10-08T14:14:19.8776380Z ##[endgroup]
delivery-status	Run actions/checkout@fbc6f3992d24b796d5a048ff273f7fcc4a7b6c09	2026-10-08T14:14:19.8817903Z [command]/usr/bin/git log -1 --format=%H
delivery-status	Run actions/checkout@fbc6f3992d24b796d5a048ff273f7fcc4a7b6c09	2026-10-08T14:14:19.8841144Z 42ee5eee9cb2e3df0a46a510a90f9c6d96c0d8c9
delivery-status	Run actions/setup-python@ece7cb06caefa5fff74198d8649806c4678c61a1	﻿2026-10-08T14:14:19.9073273Z ##[group]Run actions/setup-python@ece7cb06caefa5fff74198d8649806c4678c61a1
delivery-status	Run actions/setup-python@ece7cb06caefa5fff74198d8649806c4678c61a1	2026-10-08T14:14:19.9073566Z with:
delivery-status	Run actions/setup-python@ece7cb06caefa5fff74198d8649806c4678c61a1	2026-10-08T14:14:19.9073718Z   python-version: 3.13
delivery-status	Run actions/setup-python@ece7cb06caefa5fff74198d8649806c4678c61a1	2026-10-08T14:14:19.9074059Z   check-latest: false
delivery-status	Run actions/setup-python@ece7cb06caefa5fff74198d8649806c4678c61a1	2026-10-08T14:14:19.9075606Z   token: ***
delivery-status	Run actions/setup-python@ece7cb06caefa5fff74198d8649806c4678c61a1	2026-10-08T14:14:19.9075763Z   update-environment: true
delivery-status	Run actions/setup-python@ece7cb06caefa5fff74198d8649806c4678c61a1	2026-10-08T14:14:19.9075945Z   allow-prereleases: false
delivery-status	Run actions/setup-python@ece7cb06caefa5fff74198d8649806c4678c61a1	2026-10-08T14:14:19.9076117Z   freethreaded: false
delivery-status	Run actions/setup-python@ece7cb06caefa5fff74198d8649806c4678c61a1	2026-10-08T14:14:19.9076508Z ##[endgroup]
delivery-status	Run actions/setup-python@ece7cb06caefa5fff74198d8649806c4678c61a1	2026-10-08T14:14:19.9959837Z ##[group]Installed versions
delivery-status	Run actions/setup-python@ece7cb06caefa5fff74198d8649806c4678c61a1	2026-10-08T14:14:20.0025513Z Successfully set up CPython (3.13.16)
delivery-status	Run actions/setup-python@ece7cb06caefa5fff74198d8649806c4678c61a1	2026-10-08T14:14:20.0026095Z ##[endgroup]
delivery-status	Report what is pending and what is overdue a row	﻿2026-10-08T14:14:20.0197053Z ##[group]Run set -euo pipefail
delivery-status	Report what is pending and what is overdue a row	2026-10-08T14:14:20.0197616Z ^[[36;1mset -euo pipefail^[[0m
delivery-status	Report what is pending and what is overdue a row	2026-10-08T14:14:20.0198295Z ^[[36;1mgit cat-file -e "$PINNED^{commit}" 2>/dev/null || git fetch -q --no-tags --depth=1 origin "$PINNED"^[[0m
delivery-status	Report what is pending and what is overdue a row	2026-10-08T14:14:20.0199010Z ^[[36;1mgit checkout "$PINNED" -- \^[[0m
delivery-status	Report what is pending and what is overdue a row	2026-10-08T14:14:20.0199573Z ^[[36;1m  'tests/delivery_status.py' \^[[0m
delivery-status	Report what is pending and what is overdue a row	2026-10-08T14:14:20.0200037Z ^[[36;1m  'tests/layout.py'^[[0m
delivery-status	Report what is pending and what is overdue a row	2026-10-08T14:14:20.0200656Z ^[[36;1mtest "$(git hash-object tests/delivery_status.py)" = "$(git rev-parse "$PINNED:tests/delivery_status.py")"^[[0m
delivery-status	Report what is pending and what is overdue a row	2026-10-08T14:14:20.0201362Z ^[[36;1mgit fetch --no-tags --quiet origin main^[[0m
delivery-status	Report what is pending and what is overdue a row	2026-10-08T14:14:20.0201830Z ^[[36;1mpython -I -S tests/delivery_status.py --check^[[0m
delivery-status	Report what is pending and what is overdue a row	2026-10-08T14:14:20.0529469Z shell: /usr/bin/bash -e {0}
delivery-status	Report what is pending and what is overdue a row	2026-10-08T14:14:20.0529775Z env:
delivery-status	Report what is pending and what is overdue a row	2026-10-08T14:14:20.0529994Z   pythonLocation: /opt/hostedtoolcache/Python/3.13.16/x64
delivery-status	Report what is pending and what is overdue a row	2026-10-08T14:14:20.0530325Z   PKG_CONFIG_PATH: /opt/hostedtoolcache/Python/3.13.16/x64/lib/pkgconfig
delivery-status	Report what is pending and what is overdue a row	2026-10-08T14:14:20.0530657Z   Python_ROOT_DIR: /opt/hostedtoolcache/Python/3.13.16/x64
delivery-status	Report what is pending and what is overdue a row	2026-10-08T14:14:20.0530914Z   Python2_ROOT_DIR: /opt/hostedtoolcache/Python/3.13.16/x64
delivery-status	Report what is pending and what is overdue a row	2026-10-08T14:14:20.0531165Z   Python3_ROOT_DIR: /opt/hostedtoolcache/Python/3.13.16/x64
delivery-status	Report what is pending and what is overdue a row	2026-10-08T14:14:20.0531419Z   LD_LIBRARY_PATH: /opt/hostedtoolcache/Python/3.13.16/x64/lib
delivery-status	Report what is pending and what is overdue a row	2026-10-08T14:14:20.0531658Z   PINNED: 0b89f781f340d56a8202f7a2fbe69b8f87e4b2ff
delivery-status	Report what is pending and what is overdue a row	2026-10-08T14:14:20.0531873Z ##[endgroup]
delivery-status	Report what is pending and what is overdue a row	2026-10-08T14:14:21.5615931Z DELIVERY STATUS UNCHECKED — 78 rowed, 0 pending, 0 overdue (overdue at 12 commits)
delivery-status	Report what is pending and what is overdue a row	2026-10-08T14:14:21.5617566Z   skip     merge-collection      9 merge commit(s) in the window name no pull request that `subject_number` recognises (e.g. 618d014 'Count dimension briefs without a second copy of the dimension-file grammar.'); the window's merged pull requests are UNCHECKED this run, not confirmed empty -- a merge-subject convention that moves out from under these rules reports every merge in the window as absent, which is how this file printed EMPTY over a window that held nothing but merges
delivery-status	Report what is pending and what is overdue a row	2026-10-08T14:14:21.5619161Z   unread   618d014 Count dimension briefs without a second copy of the dimension-fi
delivery-status	Report what is pending and what is overdue a row	2026-10-08T14:14:21.5619606Z   unread   0a60e06 record: delivery rows for #1998 (autofix)
delivery-status	Report what is pending and what is overdue a row	2026-10-08T14:14:21.5619950Z   unread   d579544 record: delivery rows for #1992 (autofix)
delivery-status	Report what is pending and what is overdue a row	2026-10-08T14:14:21.5620344Z   unread   f6ac991 fix(R9-STAMP-UNBLOCK): number a title-subject merge from its bod
delivery-status	Report what is pending and what is overdue a row	2026-10-08T14:14:21.5620772Z   unread   6b1ccb6 record: delivery rows for #1991 (autofix)
delivery-status	Report what is pending and what is overdue a row	2026-10-08T14:14:21.5621120Z   unread   62f604e record: delivery rows for #1989 (autofix)
delivery-status	Report what is pending and what is overdue a row	2026-10-08T14:14:21.5621507Z   unread   077f53a R9-DBG-3: mkdtemp the generator output dir instead of a fixed /t
delivery-status	Report what is pending and what is overdue a row	2026-10-08T14:14:21.5621989Z   unread   130c780 fix(R9-FR-10c): roster set-resume verb, state_docs pusher, INSTR
delivery-status	Report what is pending and what is overdue a row	2026-10-08T14:14:21.5622447Z   unread   8107181 fix(R9-DIAG-1F): freeze the interval learners during boost-space
delivery-status	Report what is pending and what is overdue a row	2026-10-08T14:14:21.5622733Z 
delivery-status	Report what is pending and what is overdue a row	2026-10-08T14:14:21.5623633Z This check is NOT a required context and a red here blocks no merge. Pending is the ordinary state: the protocol writes rows in batches, and only OVERDUE means a batch has stopped being drained.
delivery-status	Report what is pending and what is overdue a row	2026-10-08T14:14:21.5684618Z ##[error]Process completed with exit code 1.
delivery-status	Post Run actions/checkout@fbc6f3992d24b796d5a048ff273f7fcc4a7b6c09	﻿2026-10-08T14:14:21.5809971Z Post job cleanup.
delivery-status	Post Run actions/checkout@fbc6f3992d24b796d5a048ff273f7fcc4a7b6c09	2026-10-08T14:14:21.6366707Z [command]/usr/bin/git version
delivery-status	Post Run actions/checkout@fbc6f3992d24b796d5a048ff273f7fcc4a7b6c09	2026-10-08T14:14:21.6391720Z git version 2.55.0
delivery-status	Post Run actions/checkout@fbc6f3992d24b796d5a048ff273f7fcc4a7b6c09	2026-10-08T14:14:21.6413698Z Temporarily overriding HOME='/home/runner/work/_temp/9b653994-9233-4b34-8deb-a50793eae6d8' before making global git config changes
delivery-status	Post Run actions/checkout@fbc6f3992d24b796d5a048ff273f7fcc4a7b6c09	2026-10-08T14:14:21.6414530Z Adding repository directory to the temporary git global config as a safe directory
delivery-status	Post Run actions/checkout@fbc6f3992d24b796d5a048ff273f7fcc4a7b6c09	2026-10-08T14:14:21.6416864Z [command]/usr/bin/git config --global --add safe.directory /home/runner/work/heatpump_optimizer/heatpump_optimizer
delivery-status	Post Run actions/checkout@fbc6f3992d24b796d5a048ff273f7fcc4a7b6c09	2026-10-08T14:14:21.6449532Z [command]/usr/bin/git config --local --name-only --get-regexp core\.sshCommand
delivery-status	Post Run actions/checkout@fbc6f3992d24b796d5a048ff273f7fcc4a7b6c09	2026-10-08T14:14:21.6478046Z [command]/usr/bin/git submodule foreach --recursive sh -c "git config --local --name-only --get-regexp 'core\.sshCommand' && git config --local --unset-all 'core.sshCommand' || :"
delivery-status	Post Run actions/checkout@fbc6f3992d24b796d5a048ff273f7fcc4a7b6c09	2026-10-08T14:14:21.6685162Z [command]/usr/bin/git config --local --name-only --get-regexp http\.https\:\/\/github\.com\/\.extraheader
delivery-status	Post Run actions/checkout@fbc6f3992d24b796d5a048ff273f7fcc4a7b6c09	2026-10-08T14:14:21.6721067Z http.https://github.com/.extraheader
delivery-status	Post Run actions/checkout@fbc6f3992d24b796d5a048ff273f7fcc4a7b6c09	2026-10-08T14:14:21.6728751Z [command]/usr/bin/git config --local --unset-all http.https://github.com/.extraheader
delivery-status	Post Run actions/checkout@fbc6f3992d24b796d5a048ff273f7fcc4a7b6c09	2026-10-08T14:14:21.6760543Z [command]/usr/bin/git submodule foreach --recursive sh -c "git config --local --name-only --get-regexp 'http\.https\:\/\/github\.com\/\.extraheader' && git config --local --unset-all 'http.https://github.com/.extraheader' || :"
delivery-status	Post Run actions/checkout@fbc6f3992d24b796d5a048ff273f7fcc4a7b6c09	2026-10-08T14:14:21.6964136Z [command]/usr/bin/git config --local --name-only --get-regexp ^includeIf\.gitdir:
delivery-status	Post Run actions/checkout@fbc6f3992d24b796d5a048ff273f7fcc4a7b6c09	2026-10-08T14:14:21.6993283Z [command]/usr/bin/git submodule foreach --recursive git config --local --show-origin --name-only --get-regexp remote.origin.url
delivery-status	Complete job	﻿2026-10-08T14:14:21.7282384Z Cleaning up orphan processes
