2026-10-07T16:09:02.4633214Z Current runner version: '2.337.0'
2026-10-07T16:09:02.4670894Z ##[group]Runner Image Provisioner
2026-10-07T16:09:02.4672448Z Hosted Compute Agent
2026-10-07T16:09:02.4673536Z Version: 20261002.596
2026-10-07T16:09:02.4674939Z Commit: c3d12f3313a95f25162a1503be624f3b0617f8c0
2026-10-07T16:09:02.4676274Z Build Date: 2026-10-02T22:28:27Z
2026-10-07T16:09:02.4678020Z Worker ID: {45c08a6a-f90f-4ee6-b87a-3f164011b108}
2026-10-07T16:09:02.4679434Z Region: eastus
2026-10-07T16:09:02.4680508Z Cloud: Azure
2026-10-07T16:09:02.4681455Z ##[endgroup]
2026-10-07T16:09:02.4683784Z ##[group]Operating System
2026-10-07T16:09:02.4685031Z Ubuntu
2026-10-07T16:09:02.4685979Z 24.04.5
2026-10-07T16:09:02.4686951Z LTS
2026-10-07T16:09:02.4688116Z ##[endgroup]
2026-10-07T16:09:02.4689025Z ##[group]Runner Image
2026-10-07T16:09:02.4690149Z Image: ubuntu-24.04
2026-10-07T16:09:02.4691278Z Version: 20261004.327.1
2026-10-07T16:09:02.4693706Z Included Software: https://github.com/actions/runner-images/blob/ubuntu24/20261004.327/images/ubuntu/Ubuntu2404-Readme.md
2026-10-07T16:09:02.4696666Z Image Release: https://github.com/actions/runner-images/releases/tag/ubuntu24%2F20261004.327
2026-10-07T16:09:02.4698728Z ##[endgroup]
2026-10-07T16:09:02.4700814Z ##[group]GITHUB_TOKEN Permissions
2026-10-07T16:09:02.4703550Z Contents: read
2026-10-07T16:09:02.4704751Z Metadata: read
2026-10-07T16:09:02.4705767Z ##[endgroup]
2026-10-07T16:09:02.4709136Z Secret source: Actions
2026-10-07T16:09:02.4710835Z Cache mode: write
2026-10-07T16:09:02.4712182Z Prepare workflow directory
2026-10-07T16:09:02.5218234Z Prepare all required actions
2026-10-07T16:09:02.5292604Z Getting action download info
2026-10-07T16:09:02.7456978Z Download action repository 'actions/checkout@fbc6f3992d24b796d5a048ff273f7fcc4a7b6c09' (SHA:fbc6f3992d24b796d5a048ff273f7fcc4a7b6c09)
2026-10-07T16:09:02.8351538Z Download action repository 'actions/setup-python@ece7cb06caefa5fff74198d8649806c4678c61a1' (SHA:ece7cb06caefa5fff74198d8649806c4678c61a1)
2026-10-07T16:09:02.9191941Z Download action repository 'actions/setup-node@a0853c24544627f65ddf259abe73b1d18a591444' (SHA:a0853c24544627f65ddf259abe73b1d18a591444)
2026-10-07T16:09:03.0099027Z Download action repository 'actions/cache@caa296126883cff596d87d8935842f9db880ef25' (SHA:caa296126883cff596d87d8935842f9db880ef25)
2026-10-07T16:09:03.2176443Z Complete job name: fast (3.14)
2026-10-07T16:09:03.3014226Z ##[group]Run actions/checkout@fbc6f3992d24b796d5a048ff273f7fcc4a7b6c09
2026-10-07T16:09:03.3015297Z with:
2026-10-07T16:09:03.3015721Z   fetch-depth: 0
2026-10-07T16:09:03.3016196Z   repository: tvofi/heatpump_optimizer
2026-10-07T16:09:03.3020185Z   token: ***
2026-10-07T16:09:03.3020622Z   ssh-strict: true
2026-10-07T16:09:03.3021058Z   ssh-user: git
2026-10-07T16:09:03.3021514Z   persist-credentials: true
2026-10-07T16:09:03.3022000Z   clean: true
2026-10-07T16:09:03.3022439Z   sparse-checkout-cone-mode: true
2026-10-07T16:09:03.3022952Z   fetch-tags: false
2026-10-07T16:09:03.3023384Z   show-progress: true
2026-10-07T16:09:03.3023827Z   lfs: false
2026-10-07T16:09:03.3024244Z   submodules: false
2026-10-07T16:09:03.3024692Z   set-safe-directory: true
2026-10-07T16:09:03.3025193Z   allow-unsafe-pr-checkout: false
2026-10-07T16:09:03.3025976Z ##[endgroup]
2026-10-07T16:09:03.4148393Z Syncing repository: tvofi/heatpump_optimizer
2026-10-07T16:09:03.4151048Z ##[group]Getting Git version info
2026-10-07T16:09:03.4152413Z Working directory is '/home/runner/work/heatpump_optimizer/heatpump_optimizer'
2026-10-07T16:09:03.4154209Z [command]/usr/bin/git version
2026-10-07T16:09:03.4155025Z git version 2.55.0
2026-10-07T16:09:03.4158010Z ##[endgroup]
2026-10-07T16:09:03.4165378Z Temporarily overriding HOME='/home/runner/work/_temp/f4d86b08-bac8-4fbc-880d-af6778870afb' before making global git config changes
2026-10-07T16:09:03.4177252Z Adding repository directory to the temporary git global config as a safe directory
2026-10-07T16:09:03.4181889Z [command]/usr/bin/git config --global --add safe.directory /home/runner/work/heatpump_optimizer/heatpump_optimizer
2026-10-07T16:09:03.4248570Z Deleting the contents of '/home/runner/work/heatpump_optimizer/heatpump_optimizer'
2026-10-07T16:09:03.4259994Z ##[group]Initializing the repository
2026-10-07T16:09:03.4266481Z [command]/usr/bin/git init /home/runner/work/heatpump_optimizer/heatpump_optimizer
2026-10-07T16:09:03.4380475Z hint: Using 'master' as the name for the initial branch. This default branch name
2026-10-07T16:09:03.4381670Z hint: will change to "main" in Git 3.0. To configure the initial branch name
2026-10-07T16:09:03.4382646Z hint: to use in all of your new repositories, which will suppress this warning,
2026-10-07T16:09:03.4383815Z hint: call:
2026-10-07T16:09:03.4384602Z hint:
2026-10-07T16:09:03.4385269Z hint: 	git config --global init.defaultBranch <name>
2026-10-07T16:09:03.4386243Z hint:
2026-10-07T16:09:03.4388155Z hint: Names commonly chosen instead of 'master' are 'main', 'trunk' and
2026-10-07T16:09:03.4389952Z hint: 'development'. The just-created branch can be renamed via this command:
2026-10-07T16:09:03.4391401Z hint:
2026-10-07T16:09:03.4392193Z hint: 	git branch -m <name>
2026-10-07T16:09:03.4393072Z hint:
2026-10-07T16:09:03.4394261Z hint: Disable this message with "git config set advice.defaultBranchName false"
2026-10-07T16:09:03.4396263Z Initialized empty Git repository in /home/runner/work/heatpump_optimizer/heatpump_optimizer/.git/
2026-10-07T16:09:03.4401033Z [command]/usr/bin/git remote add origin https://github.com/tvofi/heatpump_optimizer
2026-10-07T16:09:03.4456531Z ##[endgroup]
2026-10-07T16:09:03.4458562Z ##[group]Disabling automatic garbage collection
2026-10-07T16:09:03.4464071Z [command]/usr/bin/git config --local gc.auto 0
2026-10-07T16:09:03.4519858Z ##[endgroup]
2026-10-07T16:09:03.4521141Z ##[group]Setting up auth
2026-10-07T16:09:03.4522466Z [command]/usr/bin/git config --local --name-only --get-regexp core\.sshCommand
2026-10-07T16:09:03.4552518Z [command]/usr/bin/git submodule foreach --recursive sh -c "git config --local --name-only --get-regexp 'core\.sshCommand' && git config --local --unset-all 'core.sshCommand' || :"
2026-10-07T16:09:03.4969441Z [command]/usr/bin/git config --local --name-only --get-regexp http\.https\:\/\/github\.com\/\.extraheader
2026-10-07T16:09:03.5023258Z [command]/usr/bin/git submodule foreach --recursive sh -c "git config --local --name-only --get-regexp 'http\.https\:\/\/github\.com\/\.extraheader' && git config --local --unset-all 'http.https://github.com/.extraheader' || :"
2026-10-07T16:09:03.5327726Z [command]/usr/bin/git config --local --name-only --get-regexp ^includeIf\.gitdir:
2026-10-07T16:09:03.5367040Z [command]/usr/bin/git submodule foreach --recursive git config --local --show-origin --name-only --get-regexp remote.origin.url
2026-10-07T16:09:03.5636464Z [command]/usr/bin/git config --local http.https://github.com/.extraheader AUTHORIZATION: basic ***
2026-10-07T16:09:03.5682784Z ##[endgroup]
2026-10-07T16:09:03.5684482Z ##[group]Fetching the repository
2026-10-07T16:09:03.5695671Z [command]/usr/bin/git -c protocol.version=2 fetch --prune --no-recurse-submodules origin +refs/heads/*:refs/remotes/origin/* +refs/tags/*:refs/tags/* +15a885399e9497b099361672d43ea707bc686bef:refs/remotes/pull/2026/merge
2026-10-07T16:09:10.9791979Z From https://github.com/tvofi/heatpump_optimizer
2026-10-07T16:09:10.9793840Z  * [new branch]        bus/approvals           -> origin/bus/approvals
2026-10-07T16:09:10.9796513Z  * [new branch]        cursor/r9-eg-entry-config-9aac -> origin/cursor/r9-eg-entry-config-9aac
2026-10-07T16:09:10.9798942Z  * [new branch]        cursor/r9-sw-1-resume-826f -> origin/cursor/r9-sw-1-resume-826f
2026-10-07T16:09:10.9800383Z  * [new branch]        cursor/r9-sw-2-actuation-6d19 -> origin/cursor/r9-sw-2-actuation-6d19
2026-10-07T16:09:10.9801690Z  * [new branch]        fix/r9-dbg-1            -> origin/fix/r9-dbg-1
2026-10-07T16:09:10.9802921Z  * [new branch]        fix/r9-eg-entry-config  -> origin/fix/r9-eg-entry-config
2026-10-07T16:09:10.9807380Z  * [new branch]        fix/r9-nightly-bdr      -> origin/fix/r9-nightly-bdr
2026-10-07T16:09:10.9809616Z  * [new branch]        fix/r9-rca-2004         -> origin/fix/r9-rca-2004
2026-10-07T16:09:10.9811245Z  * [new branch]        fix/r9-rca-stress-recording -> origin/fix/r9-rca-stress-recording
2026-10-07T16:09:10.9812766Z  * [new branch]        fix/r9-ro-8             -> origin/fix/r9-ro-8
2026-10-07T16:09:10.9814194Z  * [new branch]        fix/r9-sw-actuation     -> origin/fix/r9-sw-actuation
2026-10-07T16:09:10.9815635Z  * [new branch]        fix/r9-ux-actions       -> origin/fix/r9-ux-actions
2026-10-07T16:09:10.9816951Z  * [new branch]        fix/r9-ux9              -> origin/fix/r9-ux9
2026-10-07T16:09:10.9821212Z  * [new branch]        handoff-body/r9-closures-eg-b7 -> origin/handoff-body/r9-closures-eg-b7
2026-10-07T16:09:10.9822802Z  * [new branch]        handoff-body/r9-dbg-1   -> origin/handoff-body/r9-dbg-1
2026-10-07T16:09:10.9824558Z  * [new branch]        handoff-body/r9-eg-b7-harness -> origin/handoff-body/r9-eg-b7-harness
2026-10-07T16:09:10.9826504Z  * [new branch]        handoff-body/r9-eg-coordinator-seams -> origin/handoff-body/r9-eg-coordinator-seams
2026-10-07T16:09:10.9828426Z  * [new branch]        handoff-body/r9-eg-entry-config -> origin/handoff-body/r9-eg-entry-config
2026-10-07T16:09:10.9829593Z  * [new branch]        handoff-body/r9-eg-solve-inputs -> origin/handoff-body/r9-eg-solve-inputs
2026-10-07T16:09:10.9830692Z  * [new branch]        handoff-body/r9-nightly-bdr -> origin/handoff-body/r9-nightly-bdr
2026-10-07T16:09:10.9831746Z  * [new branch]        handoff-body/r9-prepr-selftest -> origin/handoff-body/r9-prepr-selftest
2026-10-07T16:09:10.9832778Z  * [new branch]        handoff-body/r9-rca-1985 -> origin/handoff-body/r9-rca-1985
2026-10-07T16:09:10.9833717Z  * [new branch]        handoff-body/r9-rca-1990 -> origin/handoff-body/r9-rca-1990
2026-10-07T16:09:10.9834958Z  * [new branch]        handoff-body/r9-rca-2004 -> origin/handoff-body/r9-rca-2004
2026-10-07T16:09:10.9836948Z  * [new branch]        handoff-body/r9-rca-stress-recording -> origin/handoff-body/r9-rca-stress-recording
2026-10-07T16:09:10.9838955Z  * [new branch]        handoff-body/r9-record-path -> origin/handoff-body/r9-record-path
2026-10-07T16:09:10.9840523Z  * [new branch]        handoff-body/r9-ro-8    -> origin/handoff-body/r9-ro-8
2026-10-07T16:09:10.9842375Z  * [new branch]        handoff-body/r9-sw-5    -> origin/handoff-body/r9-sw-5
2026-10-07T16:09:10.9844084Z  * [new branch]        handoff-body/r9-sw-actuation -> origin/handoff-body/r9-sw-actuation
2026-10-07T16:09:10.9845773Z  * [new branch]        handoff-body/r9-sw6     -> origin/handoff-body/r9-sw6
2026-10-07T16:09:10.9847593Z  * [new branch]        handoff-body/r9-ux-actions -> origin/handoff-body/r9-ux-actions
2026-10-07T16:09:10.9849631Z  * [new branch]        handoff-body/r9-ux9     -> origin/handoff-body/r9-ux9
2026-10-07T16:09:10.9851172Z  * [new branch]        handoff/audit-r9-alt    -> origin/handoff/audit-r9-alt
2026-10-07T16:09:10.9852746Z  * [new branch]        handoff/audit-r9-evidence -> origin/handoff/audit-r9-evidence
2026-10-07T16:09:10.9854409Z  * [new branch]        handoff/audit-r9-find-B1 -> origin/handoff/audit-r9-find-B1
2026-10-07T16:09:10.9856135Z  * [new branch]        handoff/audit-r9-find-B10 -> origin/handoff/audit-r9-find-B10
2026-10-07T16:09:10.9858093Z  * [new branch]        handoff/audit-r9-find-B2 -> origin/handoff/audit-r9-find-B2
2026-10-07T16:09:10.9859768Z  * [new branch]        handoff/audit-r9-find-B3 -> origin/handoff/audit-r9-find-B3
2026-10-07T16:09:10.9861230Z  * [new branch]        handoff/audit-r9-find-B4 -> origin/handoff/audit-r9-find-B4
2026-10-07T16:09:10.9862178Z  * [new branch]        handoff/audit-r9-find-B5 -> origin/handoff/audit-r9-find-B5
2026-10-07T16:09:10.9863103Z  * [new branch]        handoff/audit-r9-find-B6 -> origin/handoff/audit-r9-find-B6
2026-10-07T16:09:10.9864359Z  * [new branch]        handoff/audit-r9-find-B7 -> origin/handoff/audit-r9-find-B7
2026-10-07T16:09:10.9865564Z  * [new branch]        handoff/audit-r9-find-B8 -> origin/handoff/audit-r9-find-B8
2026-10-07T16:09:10.9866758Z  * [new branch]        handoff/audit-r9-find-B9 -> origin/handoff/audit-r9-find-B9
2026-10-07T16:09:10.9868375Z  * [new branch]        handoff/audit-r9-fixplan -> origin/handoff/audit-r9-fixplan
2026-10-07T16:09:10.9869801Z  * [new branch]        handoff/audit-r9-issues -> origin/handoff/audit-r9-issues
2026-10-07T16:09:10.9871552Z  * [new branch]        handoff/audit-r9-judge  -> origin/handoff/audit-r9-judge
2026-10-07T16:09:10.9873415Z  * [new branch]        handoff/audit-r9-leads  -> origin/handoff/audit-r9-leads
2026-10-07T16:09:10.9875195Z  * [new branch]        handoff/audit-r9-leads-l2 -> origin/handoff/audit-r9-leads-l2
2026-10-07T16:09:10.9876994Z  * [new branch]        handoff/audit-r9-leads-l3 -> origin/handoff/audit-r9-leads-l3
2026-10-07T16:09:10.9879194Z  * [new branch]        handoff/audit-r9-leads-l4 -> origin/handoff/audit-r9-leads-l4
2026-10-07T16:09:10.9880264Z  * [new branch]        handoff/audit-r9-leads-lc -> origin/handoff/audit-r9-leads-lc
2026-10-07T16:09:10.9881238Z  * [new branch]        handoff/audit-r9-plan   -> origin/handoff/audit-r9-plan
2026-10-07T16:09:10.9882927Z  * [new branch]        handoff/audit-r9-register -> origin/handoff/audit-r9-register
2026-10-07T16:09:10.9884599Z  * [new branch]        handoff/audit-r9-runner-1 -> origin/handoff/audit-r9-runner-1
2026-10-07T16:09:10.9885664Z  * [new branch]        handoff/audit-r9-sweep-s1 -> origin/handoff/audit-r9-sweep-s1
2026-10-07T16:09:10.9886636Z  * [new branch]        handoff/audit-r9-sweep-s2 -> origin/handoff/audit-r9-sweep-s2
2026-10-07T16:09:10.9888126Z  * [new branch]        handoff/audit-r9-sweep-s3 -> origin/handoff/audit-r9-sweep-s3
2026-10-07T16:09:10.9889744Z  * [new branch]        handoff/audit-r9-sweep-s4 -> origin/handoff/audit-r9-sweep-s4
2026-10-07T16:09:10.9890741Z  * [new branch]        handoff/audit-r9-sweep-s5 -> origin/handoff/audit-r9-sweep-s5
2026-10-07T16:09:10.9891680Z  * [new branch]        handoff/audit-r9-sweep-s6 -> origin/handoff/audit-r9-sweep-s6
2026-10-07T16:09:10.9892634Z  * [new branch]        handoff/audit-r9-sweep-s7 -> origin/handoff/audit-r9-sweep-s7
2026-10-07T16:09:10.9893666Z  * [new branch]        handoff/audit-r9-verify-g1-v1 -> origin/handoff/audit-r9-verify-g1-v1
2026-10-07T16:09:10.9894720Z  * [new branch]        handoff/audit-r9-verify-g1-v2 -> origin/handoff/audit-r9-verify-g1-v2
2026-10-07T16:09:10.9896386Z  * [new branch]        handoff/audit-r9-verify-g1-v3 -> origin/handoff/audit-r9-verify-g1-v3
2026-10-07T16:09:10.9898504Z  * [new branch]        handoff/audit-r9-verify-g2-v1 -> origin/handoff/audit-r9-verify-g2-v1
2026-10-07T16:09:10.9900292Z  * [new branch]        handoff/audit-r9-verify-g2-v2 -> origin/handoff/audit-r9-verify-g2-v2
2026-10-07T16:09:10.9901609Z  * [new branch]        handoff/audit-r9-verify-g2-v3 -> origin/handoff/audit-r9-verify-g2-v3
2026-10-07T16:09:10.9902633Z  * [new branch]        handoff/audit-r9-verify-g3-v1 -> origin/handoff/audit-r9-verify-g3-v1
2026-10-07T16:09:10.9903641Z  * [new branch]        handoff/audit-r9-verify-g3-v2 -> origin/handoff/audit-r9-verify-g3-v2
2026-10-07T16:09:10.9904677Z  * [new branch]        handoff/audit-r9-verify-g3-v3 -> origin/handoff/audit-r9-verify-g3-v3
2026-10-07T16:09:10.9905690Z  * [new branch]        handoff/audit-r9-verify-g4-v1 -> origin/handoff/audit-r9-verify-g4-v1
2026-10-07T16:09:10.9907656Z  * [new branch]        handoff/audit-r9-verify-g4-v2 -> origin/handoff/audit-r9-verify-g4-v2
2026-10-07T16:09:10.9909392Z  * [new branch]        handoff/audit-r9-verify-g4-v3 -> origin/handoff/audit-r9-verify-g4-v3
2026-10-07T16:09:10.9911049Z  * [new branch]        handoff/r9-closures-eg-b7 -> origin/handoff/r9-closures-eg-b7
2026-10-07T16:09:10.9912528Z  * [new branch]        handoff/r9-dbg-0        -> origin/handoff/r9-dbg-0
2026-10-07T16:09:10.9913875Z  * [new branch]        handoff/r9-dbg-1        -> origin/handoff/r9-dbg-1
2026-10-07T16:09:10.9915236Z  * [new branch]        handoff/r9-dbg-3        -> origin/handoff/r9-dbg-3
2026-10-07T16:09:10.9916616Z  * [new branch]        handoff/r9-diag-1       -> origin/handoff/r9-diag-1
2026-10-07T16:09:10.9918720Z  * [new branch]        handoff/r9-diag-2s      -> origin/handoff/r9-diag-2s
2026-10-07T16:09:10.9920281Z  * [new branch]        handoff/r9-eg-archscore -> origin/handoff/r9-eg-archscore
2026-10-07T16:09:10.9921828Z  * [new branch]        handoff/r9-eg-b0        -> origin/handoff/r9-eg-b0
2026-10-07T16:09:10.9923298Z  * [new branch]        handoff/r9-eg-b7-harness -> origin/handoff/r9-eg-b7-harness
2026-10-07T16:09:10.9925253Z  * [new branch]        handoff/r9-eg-collaborator-interfaces -> origin/handoff/r9-eg-collaborator-interfaces
2026-10-07T16:09:10.9927639Z  * [new branch]        handoff/r9-eg-coordinator-seams -> origin/handoff/r9-eg-coordinator-seams
2026-10-07T16:09:10.9929743Z  * [new branch]        handoff/r9-eg-dhw-closure-dedupe-v2 -> origin/handoff/r9-eg-dhw-closure-dedupe-v2
2026-10-07T16:09:10.9931803Z  * [new branch]        handoff/r9-eg-dhw-planner -> origin/handoff/r9-eg-dhw-planner
2026-10-07T16:09:10.9933677Z  * [new branch]        handoff/r9-eg-entry-config -> origin/handoff/r9-eg-entry-config
2026-10-07T16:09:10.9935073Z  * [new branch]        handoff/r9-eg-one-copy  -> origin/handoff/r9-eg-one-copy
2026-10-07T16:09:10.9936054Z  * [new branch]        handoff/r9-eg-param-objects -> origin/handoff/r9-eg-param-objects
2026-10-07T16:09:10.9937609Z  * [new branch]        handoff/r9-eg-register-fold -> origin/handoff/r9-eg-register-fold
2026-10-07T16:09:10.9939010Z  * [new branch]        handoff/r9-eg-solve-inputs -> origin/handoff/r9-eg-solve-inputs
2026-10-07T16:09:10.9939994Z  * [new branch]        handoff/r9-eg-store-version -> origin/handoff/r9-eg-store-version
2026-10-07T16:09:10.9941266Z  * [new branch]        handoff/r9-eg-surface-identity -> origin/handoff/r9-eg-surface-identity
2026-10-07T16:09:10.9942923Z  * [new branch]        handoff/r9-eg-typed-payload -> origin/handoff/r9-eg-typed-payload
2026-10-07T16:09:10.9943967Z  * [new branch]        handoff/r9-eg-typed-payload-b -> origin/handoff/r9-eg-typed-payload-b
2026-10-07T16:09:10.9945009Z  * [new branch]        handoff/r9-f1-coordinator-10 -> origin/handoff/r9-f1-coordinator-10
2026-10-07T16:09:10.9945993Z  * [new branch]        handoff/r9-f1-coordinator-2 -> origin/handoff/r9-f1-coordinator-2
2026-10-07T16:09:10.9947136Z  * [new branch]        handoff/r9-f1-coordinator-3 -> origin/handoff/r9-f1-coordinator-3
2026-10-07T16:09:10.9948466Z  * [new branch]        handoff/r9-f1-coordinator-4 -> origin/handoff/r9-f1-coordinator-4
2026-10-07T16:09:10.9949616Z  * [new branch]        handoff/r9-f1-coordinator-5 -> origin/handoff/r9-f1-coordinator-5
2026-10-07T16:09:10.9950624Z  * [new branch]        handoff/r9-f1-coordinator-7 -> origin/handoff/r9-f1-coordinator-7
2026-10-07T16:09:10.9951683Z  * [new branch]        handoff/r9-f1-coordinator-7-review -> origin/handoff/r9-f1-coordinator-7-review
2026-10-07T16:09:10.9952661Z  * [new branch]        handoff/r9-f10-12       -> origin/handoff/r9-f10-12
2026-10-07T16:09:10.9953465Z  * [new branch]        handoff/r9-f10-13       -> origin/handoff/r9-f10-13
2026-10-07T16:09:10.9954271Z  * [new branch]        handoff/r9-f10-14       -> origin/handoff/r9-f10-14
2026-10-07T16:09:10.9955066Z  * [new branch]        handoff/r9-f10-15       -> origin/handoff/r9-f10-15
2026-10-07T16:09:10.9955861Z  * [new branch]        handoff/r9-f10-16       -> origin/handoff/r9-f10-16
2026-10-07T16:09:10.9956764Z  * [new branch]        handoff/r9-f10-ci-efficiency -> origin/handoff/r9-f10-ci-efficiency
2026-10-07T16:09:10.9958115Z  * [new branch]        handoff/r9-f10-claims-baseline-rca -> origin/handoff/r9-f10-claims-baseline-rca
2026-10-07T16:09:10.9959256Z  * [new branch]        handoff/r9-f10-closure-runalways -> origin/handoff/r9-f10-closure-runalways
2026-10-07T16:09:10.9960290Z  * [new branch]        handoff/r9-f10-gate-infra-1 -> origin/handoff/r9-f10-gate-infra-1
2026-10-07T16:09:10.9961272Z  * [new branch]        handoff/r9-f10-gate-infra-1d -> origin/handoff/r9-f10-gate-infra-1d
2026-10-07T16:09:10.9962253Z  * [new branch]        handoff/r9-f10-gate-infra-4 -> origin/handoff/r9-f10-gate-infra-4
2026-10-07T16:09:10.9963380Z  * [new branch]        handoff/r9-f10-gate-infra-5 -> origin/handoff/r9-f10-gate-infra-5
2026-10-07T16:09:10.9964323Z  * [new branch]        handoff/r9-f10-gate-infra-6 -> origin/handoff/r9-f10-gate-infra-6
2026-10-07T16:09:10.9965335Z  * [new branch]        handoff/r9-f10-harness-timeout -> origin/handoff/r9-f10-harness-timeout
2026-10-07T16:09:10.9966363Z  * [new branch]        handoff/r9-f10-loop-heartbeat -> origin/handoff/r9-f10-loop-heartbeat
2026-10-07T16:09:10.9967570Z  * [new branch]        handoff/r9-f10-merge-queue -> origin/handoff/r9-f10-merge-queue
2026-10-07T16:09:10.9968550Z  * [new branch]        handoff/r9-f11-governance-1 -> origin/handoff/r9-f11-governance-1
2026-10-07T16:09:10.9969511Z  * [new branch]        handoff/r9-f11-governance-3 -> origin/handoff/r9-f11-governance-3
2026-10-07T16:09:10.9970467Z  * [new branch]        handoff/r9-f11-governance-4 -> origin/handoff/r9-f11-governance-4
2026-10-07T16:09:10.9971532Z  * [new branch]        handoff/r9-f11-governance-4-review -> origin/handoff/r9-f11-governance-4-review
2026-10-07T16:09:10.9972584Z  * [new branch]        handoff/r9-f11-governance-5 -> origin/handoff/r9-f11-governance-5
2026-10-07T16:09:10.9973690Z  * [new branch]        handoff/r9-f11-governance-6 -> origin/handoff/r9-f11-governance-6
2026-10-07T16:09:10.9974691Z  * [new branch]        handoff/r9-f11-governance-7 -> origin/handoff/r9-f11-governance-7
2026-10-07T16:09:10.9975613Z  * [new branch]        handoff/r9-f2-solver-1  -> origin/handoff/r9-f2-solver-1
2026-10-07T16:09:10.9976580Z  * [new branch]        handoff/r9-f2-solver-3  -> origin/handoff/r9-f2-solver-3
2026-10-07T16:09:10.9977716Z  * [new branch]        handoff/r9-f2-solver-4  -> origin/handoff/r9-f2-solver-4
2026-10-07T16:09:10.9978611Z  * [new branch]        handoff/r9-f2-solver-5  -> origin/handoff/r9-f2-solver-5
2026-10-07T16:09:10.9979465Z  * [new branch]        handoff/r9-f3-stores-1  -> origin/handoff/r9-f3-stores-1
2026-10-07T16:09:10.9980331Z  * [new branch]        handoff/r9-f3-stores-3  -> origin/handoff/r9-f3-stores-3
2026-10-07T16:09:10.9981263Z  * [new branch]        handoff/r9-f4-inputs-sysid-1 -> origin/handoff/r9-f4-inputs-sysid-1
2026-10-07T16:09:10.9982274Z  * [new branch]        handoff/r9-f4-inputs-sysid-2 -> origin/handoff/r9-f4-inputs-sysid-2
2026-10-07T16:09:10.9983434Z  * [new branch]        handoff/r9-f5-config-text-1 -> origin/handoff/r9-f5-config-text-1
2026-10-07T16:09:10.9984358Z  * [new branch]        handoff/r9-f6-card-1    -> origin/handoff/r9-f6-card-1
2026-10-07T16:09:10.9985198Z  * [new branch]        handoff/r9-f6-card-2    -> origin/handoff/r9-f6-card-2
2026-10-07T16:09:10.9986032Z  * [new branch]        handoff/r9-f6-card-4    -> origin/handoff/r9-f6-card-4
2026-10-07T16:09:10.9986906Z  * [new branch]        handoff/r9-f7-entities-1 -> origin/handoff/r9-f7-entities-1
2026-10-07T16:09:10.9988316Z  * [new branch]        handoff/r9-f7-entities-2 -> origin/handoff/r9-f7-entities-2
2026-10-07T16:09:10.9989279Z  * [new branch]        handoff/r9-f7-family-splits -> origin/handoff/r9-f7-family-splits
2026-10-07T16:09:10.9990197Z  * [new branch]        handoff/r9-f8-docs-1    -> origin/handoff/r9-f8-docs-1
2026-10-07T16:09:10.9991037Z  * [new branch]        handoff/r9-f8-docs-2    -> origin/handoff/r9-f8-docs-2
2026-10-07T16:09:10.9991879Z  * [new branch]        handoff/r9-f8-docs-3    -> origin/handoff/r9-f8-docs-3
2026-10-07T16:09:10.9992762Z  * [new branch]        handoff/r9-f9-test-pins-2 -> origin/handoff/r9-f9-test-pins-2
2026-10-07T16:09:10.9993690Z  * [new branch]        handoff/r9-f9-test-pins-3 -> origin/handoff/r9-f9-test-pins-3
2026-10-07T16:09:10.9994552Z  * [new branch]        handoff/r9-fr-10        -> origin/handoff/r9-fr-10
2026-10-07T16:09:10.9995417Z  * [new branch]        handoff/r9-friction-study -> origin/handoff/r9-friction-study
2026-10-07T16:09:10.9996323Z  * [new branch]        handoff/r9-nightly-bdr  -> origin/handoff/r9-nightly-bdr
2026-10-07T16:09:10.9997554Z  * [new branch]        handoff/r9-nightly-status-k5uati -> origin/handoff/r9-nightly-status-k5uati
2026-10-07T16:09:10.9998836Z  * [new branch]        handoff/r9-prepr-selftest -> origin/handoff/r9-prepr-selftest
2026-10-07T16:09:10.9999722Z  * [new branch]        handoff/r9-proc-1       -> origin/handoff/r9-proc-1
2026-10-07T16:09:11.0000539Z  * [new branch]        handoff/r9-proc-3       -> origin/handoff/r9-proc-3
2026-10-07T16:09:11.0001364Z  * [new branch]        handoff/r9-proc-4       -> origin/handoff/r9-proc-4
2026-10-07T16:09:11.0002158Z  * [new branch]        handoff/r9-proc-5       -> origin/handoff/r9-proc-5
2026-10-07T16:09:11.0003061Z  * [new branch]        handoff/r9-rc-prcontract-fix -> origin/handoff/r9-rc-prcontract-fix
2026-10-07T16:09:11.0003989Z  * [new branch]        handoff/r9-rca-1985     -> origin/handoff/r9-rca-1985
2026-10-07T16:09:11.0004817Z  * [new branch]        handoff/r9-rca-1990     -> origin/handoff/r9-rca-1990
2026-10-07T16:09:11.0005637Z  * [new branch]        handoff/r9-rca-2004     -> origin/handoff/r9-rca-2004
2026-10-07T16:09:11.0006952Z  * [new branch]        handoff/r9-rca-avoidable-interpreter-bound-recomputation -> origin/handoff/r9-rca-avoidable-interpreter-bound-recomputation
2026-10-07T16:09:11.0008689Z  * [new branch]        handoff/r9-rca-cpu-gate-blind -> origin/handoff/r9-rca-cpu-gate-blind
2026-10-07T16:09:11.0009637Z  * [new branch]        handoff/r9-rca-i1       -> origin/handoff/r9-rca-i1
2026-10-07T16:09:11.0010451Z  * [new branch]        handoff/r9-rca-i3       -> origin/handoff/r9-rca-i3
2026-10-07T16:09:11.0011261Z  * [new branch]        handoff/r9-rca-i4       -> origin/handoff/r9-rca-i4
2026-10-07T16:09:11.0012063Z  * [new branch]        handoff/r9-rca-i5       -> origin/handoff/r9-rca-i5
2026-10-07T16:09:11.0012882Z  * [new branch]        handoff/r9-rca-p1       -> origin/handoff/r9-rca-p1
2026-10-07T16:09:11.0013714Z  * [new branch]        handoff/r9-rca-p11      -> origin/handoff/r9-rca-p11
2026-10-07T16:09:11.0014528Z  * [new branch]        handoff/r9-rca-p2       -> origin/handoff/r9-rca-p2
2026-10-07T16:09:11.0015352Z  * [new branch]        handoff/r9-rca-p3       -> origin/handoff/r9-rca-p3
2026-10-07T16:09:11.0016298Z  * [new branch]        handoff/r9-rca-p5       -> origin/handoff/r9-rca-p5
2026-10-07T16:09:11.0017114Z  * [new branch]        handoff/r9-rca-p6       -> origin/handoff/r9-rca-p6
2026-10-07T16:09:11.0018234Z  * [new branch]        handoff/r9-rca-p9       -> origin/handoff/r9-rca-p9
2026-10-07T16:09:11.0019605Z  * [new branch]        handoff/r9-rca-persisted-future-instant-trusted-without-bound -> origin/handoff/r9-rca-persisted-future-instant-trusted-without-bound
2026-10-07T16:09:11.0021088Z  * [new branch]        handoff/r9-rca-stress-recording -> origin/handoff/r9-rca-stress-recording
2026-10-07T16:09:11.0022075Z  * [new branch]        handoff/r9-record-path  -> origin/handoff/r9-record-path
2026-10-07T16:09:11.0022916Z  * [new branch]        handoff/r9-ro-1         -> origin/handoff/r9-ro-1
2026-10-07T16:09:11.0023705Z  * [new branch]        handoff/r9-ro-2         -> origin/handoff/r9-ro-2
2026-10-07T16:09:11.0024502Z  * [new branch]        handoff/r9-ro-3         -> origin/handoff/r9-ro-3
2026-10-07T16:09:11.0025284Z  * [new branch]        handoff/r9-ro-4         -> origin/handoff/r9-ro-4
2026-10-07T16:09:11.0026065Z  * [new branch]        handoff/r9-ro-5         -> origin/handoff/r9-ro-5
2026-10-07T16:09:11.0026847Z  * [new branch]        handoff/r9-ro-6         -> origin/handoff/r9-ro-6
2026-10-07T16:09:11.0027862Z  * [new branch]        handoff/r9-ro-7         -> origin/handoff/r9-ro-7
2026-10-07T16:09:11.0028651Z  * [new branch]        handoff/r9-ro-8         -> origin/handoff/r9-ro-8
2026-10-07T16:09:11.0029437Z  * [new branch]        handoff/r9-sw-5         -> origin/handoff/r9-sw-5
2026-10-07T16:09:11.0030276Z  * [new branch]        handoff/r9-sw-actuation -> origin/handoff/r9-sw-actuation
2026-10-07T16:09:11.0031140Z  * [new branch]        handoff/r9-sw-card      -> origin/handoff/r9-sw-card
2026-10-07T16:09:11.0031963Z  * [new branch]        handoff/r9-sw-gchv      -> origin/handoff/r9-sw-gchv
2026-10-07T16:09:11.0032999Z  * [new branch]        handoff/r9-sw-model     -> origin/handoff/r9-sw-model
2026-10-07T16:09:11.0033808Z  * [new branch]        handoff/r9-sw6          -> origin/handoff/r9-sw6
2026-10-07T16:09:11.0034636Z  * [new branch]        handoff/r9-ux-actions   -> origin/handoff/r9-ux-actions
2026-10-07T16:09:11.0035489Z  * [new branch]        handoff/r9-ux-events    -> origin/handoff/r9-ux-events
2026-10-07T16:09:11.0036327Z  * [new branch]        handoff/r9-ux-health    -> origin/handoff/r9-ux-health
2026-10-07T16:09:11.0037251Z  * [new branch]        handoff/r9-ux-insight-text -> origin/handoff/r9-ux-insight-text
2026-10-07T16:09:11.0038515Z  * [new branch]        handoff/r9-ux9          -> origin/handoff/r9-ux9
2026-10-07T16:09:11.0039325Z  * [new branch]        handoff/r9-web-3        -> origin/handoff/r9-web-3
2026-10-07T16:09:11.0040126Z  * [new branch]        handoff/r9-web-4        -> origin/handoff/r9-web-4
2026-10-07T16:09:11.0040931Z  * [new branch]        handoff/r9-web-5        -> origin/handoff/r9-web-5
2026-10-07T16:09:11.0041766Z  * [new branch]        handoff/r9-web-page     -> origin/handoff/r9-web-page
2026-10-07T16:09:11.0042591Z  * [new branch]        handoff/rca-1747        -> origin/handoff/rca-1747
2026-10-07T16:09:11.0043448Z  * [new branch]        handoff/repo-reorg-plan -> origin/handoff/repo-reorg-plan
2026-10-07T16:09:11.0044412Z  * [new branch]        handoff/silent-windows-plan -> origin/handoff/silent-windows-plan
2026-10-07T16:09:11.0045263Z  * [new branch]        main                    -> origin/main
2026-10-07T16:09:11.0046041Z  * [new branch]        record/autofix          -> origin/record/autofix
2026-10-07T16:09:11.0046828Z  * [new branch]        review/1987             -> origin/review/1987
2026-10-07T16:09:11.0047875Z  * [new branch]        review/1997             -> origin/review/1997
2026-10-07T16:09:11.0048685Z  * [new branch]        review/2002             -> origin/review/2002
2026-10-07T16:09:11.0049429Z  * [new branch]        review/2006             -> origin/review/2006
2026-10-07T16:09:11.0050189Z  * [new branch]        review/2007             -> origin/review/2007
2026-10-07T16:09:11.0050933Z  * [new branch]        review/2010             -> origin/review/2010
2026-10-07T16:09:11.0051837Z  * [new branch]        review/2011             -> origin/review/2011
2026-10-07T16:09:11.0052600Z  * [new branch]        review/2012             -> origin/review/2012
2026-10-07T16:09:11.0053343Z  * [new branch]        review/2013             -> origin/review/2013
2026-10-07T16:09:11.0054095Z  * [new branch]        review/2014             -> origin/review/2014
2026-10-07T16:09:11.0054843Z  * [new branch]        review/2015             -> origin/review/2015
2026-10-07T16:09:11.0055581Z  * [new branch]        review/2017             -> origin/review/2017
2026-10-07T16:09:11.0056320Z  * [new branch]        review/2018             -> origin/review/2018
2026-10-07T16:09:11.0057059Z  * [new branch]        review/2021             -> origin/review/2021
2026-10-07T16:09:11.0057935Z  * [new branch]        review/2022             -> origin/review/2022
2026-10-07T16:09:11.0058717Z  * [new branch]        verdict/1987            -> origin/verdict/1987
2026-10-07T16:09:11.0059489Z  * [new branch]        verdict/1997            -> origin/verdict/1997
2026-10-07T16:09:11.0060260Z  * [new branch]        verdict/2002            -> origin/verdict/2002
2026-10-07T16:09:11.0061016Z  * [new branch]        verdict/2006            -> origin/verdict/2006
2026-10-07T16:09:11.0061766Z  * [new branch]        verdict/2007            -> origin/verdict/2007
2026-10-07T16:09:11.0062522Z  * [new branch]        verdict/2010            -> origin/verdict/2010
2026-10-07T16:09:11.0063271Z  * [new branch]        verdict/2011            -> origin/verdict/2011
2026-10-07T16:09:11.0064017Z  * [new branch]        verdict/2012            -> origin/verdict/2012
2026-10-07T16:09:11.0064776Z  * [new branch]        verdict/2013            -> origin/verdict/2013
2026-10-07T16:09:11.0065672Z  * [new branch]        verdict/2014            -> origin/verdict/2014
2026-10-07T16:09:11.0066427Z  * [new branch]        verdict/2015            -> origin/verdict/2015
2026-10-07T16:09:11.0067171Z  * [new branch]        verdict/2017            -> origin/verdict/2017
2026-10-07T16:09:11.0068185Z  * [new branch]        verdict/2018            -> origin/verdict/2018
2026-10-07T16:09:11.0068962Z  * [new branch]        verdict/2021            -> origin/verdict/2021
2026-10-07T16:09:11.0069709Z  * [new branch]        verdict/2022            -> origin/verdict/2022
2026-10-07T16:09:11.0070498Z  * [new tag]           audit-round2-evidence   -> audit-round2-evidence
2026-10-07T16:09:11.0071237Z  * [new tag]           v2.3.0-beta.1           -> v2.3.0-beta.1
2026-10-07T16:09:11.0071901Z  * [new tag]           v2.4.0                  -> v2.4.0
2026-10-07T16:09:11.0072530Z  * [new tag]           v2.4.1                  -> v2.4.1
2026-10-07T16:09:11.0073155Z  * [new tag]           v2.5.0                  -> v2.5.0
2026-10-07T16:09:11.0073817Z  * [new tag]           v2.6.0                  -> v2.6.0
2026-10-07T16:09:11.0074446Z  * [new tag]           v2.6.1                  -> v2.6.1
2026-10-07T16:09:11.0075070Z  * [new tag]           v2.7.0                  -> v2.7.0
2026-10-07T16:09:11.0075686Z  * [new tag]           v2.8.0                  -> v2.8.0
2026-10-07T16:09:11.0076299Z  * [new tag]           v3.0.0                  -> v3.0.0
2026-10-07T16:09:11.0076916Z  * [new tag]           v3.1.0                  -> v3.1.0
2026-10-07T16:09:11.0077661Z  * [new tag]           v3.1.1                  -> v3.1.1
2026-10-07T16:09:11.0078294Z  * [new tag]           v3.1.2                  -> v3.1.2
2026-10-07T16:09:11.0078917Z  * [new tag]           v3.14.0                 -> v3.14.0
2026-10-07T16:09:11.0079546Z  * [new tag]           v3.16.0                 -> v3.16.0
2026-10-07T16:09:11.0080169Z  * [new tag]           v3.2.0                  -> v3.2.0
2026-10-07T16:09:11.0080784Z  * [new tag]           v3.3.0                  -> v3.3.0
2026-10-07T16:09:11.0081403Z  * [new tag]           v3.3.1                  -> v3.3.1
2026-10-07T16:09:11.0082015Z  * [new tag]           v3.4.0                  -> v3.4.0
2026-10-07T16:09:11.0082634Z  * [new tag]           v3.4.1                  -> v3.4.1
2026-10-07T16:09:11.0083386Z  * [new tag]           v3.5.0                  -> v3.5.0
2026-10-07T16:09:11.0084025Z  * [new tag]           v3.6.0                  -> v3.6.0
2026-10-07T16:09:11.0084637Z  * [new tag]           v3.6.1                  -> v3.6.1
2026-10-07T16:09:11.0085242Z  * [new tag]           v3.7.0                  -> v3.7.0
2026-10-07T16:09:11.0085861Z  * [new tag]           v3.7.1                  -> v3.7.1
2026-10-07T16:09:11.0086471Z  * [new tag]           v3.8.0                  -> v3.8.0
2026-10-07T16:09:11.0087079Z  * [new tag]           v4.0.0                  -> v4.0.0
2026-10-07T16:09:11.0087993Z  * [new tag]           v4.0.1                  -> v4.0.1
2026-10-07T16:09:11.0088638Z  * [new tag]           v4.0.2                  -> v4.0.2
2026-10-07T16:09:11.0089275Z  * [new tag]           v4.0.3                  -> v4.0.3
2026-10-07T16:09:11.0089901Z  * [new tag]           v4.0.4                  -> v4.0.4
2026-10-07T16:09:11.0090519Z  * [new tag]           v4.0.5                  -> v4.0.5
2026-10-07T16:09:11.0091136Z  * [new tag]           v4.0.6                  -> v4.0.6
2026-10-07T16:09:11.0091754Z  * [new tag]           v4.0.7                  -> v4.0.7
2026-10-07T16:09:11.0092367Z  * [new tag]           v4.1.0                  -> v4.1.0
2026-10-07T16:09:11.0092984Z  * [new tag]           v4.2.0                  -> v4.2.0
2026-10-07T16:09:11.0093602Z  * [new tag]           v4.3.0                  -> v4.3.0
2026-10-07T16:09:11.0094212Z  * [new tag]           v5.0.0                  -> v5.0.0
2026-10-07T16:09:11.0094820Z  * [new tag]           v5.1.0                  -> v5.1.0
2026-10-07T16:09:11.0095445Z  * [new tag]           v5.1.1                  -> v5.1.1
2026-10-07T16:09:11.0096070Z  * [new tag]           v5.1.10                 -> v5.1.10
2026-10-07T16:09:11.0096938Z  * [new tag]           v5.1.2                  -> v5.1.2
2026-10-07T16:09:11.0097717Z  * [new tag]           v5.1.3                  -> v5.1.3
2026-10-07T16:09:11.0098343Z  * [new tag]           v5.1.4                  -> v5.1.4
2026-10-07T16:09:11.0098970Z  * [new tag]           v5.1.5                  -> v5.1.5
2026-10-07T16:09:11.0099581Z  * [new tag]           v5.1.6                  -> v5.1.6
2026-10-07T16:09:11.0100199Z  * [new tag]           v5.1.7                  -> v5.1.7
2026-10-07T16:09:11.0100811Z  * [new tag]           v5.1.9                  -> v5.1.9
2026-10-07T16:09:11.0101434Z  * [new tag]           v5.2.0                  -> v5.2.0
2026-10-07T16:09:11.0102044Z  * [new tag]           v5.3.0                  -> v5.3.0
2026-10-07T16:09:11.0102664Z  * [new tag]           v5.4.0                  -> v5.4.0
2026-10-07T16:09:11.0103280Z  * [new tag]           v5.4.1                  -> v5.4.1
2026-10-07T16:09:11.0103884Z  * [new tag]           v5.5.0                  -> v5.5.0
2026-10-07T16:09:11.0104506Z  * [new tag]           v5.6.0                  -> v5.6.0
2026-10-07T16:09:11.0105123Z  * [new tag]           v5.6.1                  -> v5.6.1
2026-10-07T16:09:11.0105740Z  * [new tag]           v5.6.2                  -> v5.6.2
2026-10-07T16:09:11.0106363Z  * [new tag]           v5.7.0                  -> v5.7.0
2026-10-07T16:09:11.0106991Z  * [new tag]           v5.7.1                  -> v5.7.1
2026-10-07T16:09:11.0107839Z  * [new tag]           v6.0.0                  -> v6.0.0
2026-10-07T16:09:11.0108465Z  * [new tag]           v6.0.1                  -> v6.0.1
2026-10-07T16:09:11.0109075Z  * [new tag]           v6.0.2                  -> v6.0.2
2026-10-07T16:09:11.0109692Z  * [new tag]           v6.0.3                  -> v6.0.3
2026-10-07T16:09:11.0110305Z  * [new tag]           v6.0.4                  -> v6.0.4
2026-10-07T16:09:11.0110922Z  * [new tag]           v6.0.5                  -> v6.0.5
2026-10-07T16:09:11.0111541Z  * [new tag]           v6.0.6                  -> v6.0.6
2026-10-07T16:09:11.0112168Z  * [new tag]           v6.0.7                  -> v6.0.7
2026-10-07T16:09:11.0112793Z  * [new tag]           v6.0.8                  -> v6.0.8
2026-10-07T16:09:11.0113402Z  * [new tag]           v6.0.9                  -> v6.0.9
2026-10-07T16:09:11.0114158Z  * [new tag]           v6.1.0                  -> v6.1.0
2026-10-07T16:09:11.0114786Z  * [new tag]           v6.1.1                  -> v6.1.1
2026-10-07T16:09:11.0115394Z  * [new tag]           v6.1.2                  -> v6.1.2
2026-10-07T16:09:11.0116010Z  * [new tag]           v6.2.0                  -> v6.2.0
2026-10-07T16:09:11.0116622Z  * [new tag]           v6.2.1                  -> v6.2.1
2026-10-07T16:09:11.0117235Z  * [new tag]           v6.2.10                 -> v6.2.10
2026-10-07T16:09:11.0118009Z  * [new tag]           v6.2.11                 -> v6.2.11
2026-10-07T16:09:11.0118642Z  * [new tag]           v6.2.12                 -> v6.2.12
2026-10-07T16:09:11.0119273Z  * [new tag]           v6.2.13                 -> v6.2.13
2026-10-07T16:09:11.0119892Z  * [new tag]           v6.2.14                 -> v6.2.14
2026-10-07T16:09:11.0120509Z  * [new tag]           v6.2.15                 -> v6.2.15
2026-10-07T16:09:11.0121129Z  * [new tag]           v6.2.16                 -> v6.2.16
2026-10-07T16:09:11.0121750Z  * [new tag]           v6.2.17                 -> v6.2.17
2026-10-07T16:09:11.0122365Z  * [new tag]           v6.2.2                  -> v6.2.2
2026-10-07T16:09:11.0122990Z  * [new tag]           v6.2.3                  -> v6.2.3
2026-10-07T16:09:11.0123609Z  * [new tag]           v6.2.4                  -> v6.2.4
2026-10-07T16:09:11.0124219Z  * [new tag]           v6.2.5                  -> v6.2.5
2026-10-07T16:09:11.0124835Z  * [new tag]           v6.2.6                  -> v6.2.6
2026-10-07T16:09:11.0125449Z  * [new tag]           v6.2.7                  -> v6.2.7
2026-10-07T16:09:11.0126066Z  * [new tag]           v6.2.8                  -> v6.2.8
2026-10-07T16:09:11.0126864Z  * [new tag]           v6.2.9                  -> v6.2.9
2026-10-07T16:09:11.0127705Z  * [new tag]           v6.3.0                  -> v6.3.0
2026-10-07T16:09:11.0128465Z  * [new tag]           v6.3.1                  -> v6.3.1
2026-10-07T16:09:11.0129092Z  * [new tag]           v6.3.10                 -> v6.3.10
2026-10-07T16:09:11.0129739Z  * [new tag]           v6.3.11                 -> v6.3.11
2026-10-07T16:09:11.0130362Z  * [new tag]           v6.3.12                 -> v6.3.12
2026-10-07T16:09:11.0130978Z  * [new tag]           v6.3.13                 -> v6.3.13
2026-10-07T16:09:11.0131599Z  * [new tag]           v6.3.14                 -> v6.3.14
2026-10-07T16:09:11.0132216Z  * [new tag]           v6.3.15                 -> v6.3.15
2026-10-07T16:09:11.0132834Z  * [new tag]           v6.3.16                 -> v6.3.16
2026-10-07T16:09:11.0133450Z  * [new tag]           v6.3.17                 -> v6.3.17
2026-10-07T16:09:11.0134071Z  * [new tag]           v6.3.18                 -> v6.3.18
2026-10-07T16:09:11.0134699Z  * [new tag]           v6.3.19                 -> v6.3.19
2026-10-07T16:09:11.0135316Z  * [new tag]           v6.3.2                  -> v6.3.2
2026-10-07T16:09:11.0135938Z  * [new tag]           v6.3.20                 -> v6.3.20
2026-10-07T16:09:11.0136557Z  * [new tag]           v6.3.3                  -> v6.3.3
2026-10-07T16:09:11.0137166Z  * [new tag]           v6.3.4                  -> v6.3.4
2026-10-07T16:09:11.0137915Z  * [new tag]           v6.3.5                  -> v6.3.5
2026-10-07T16:09:11.0138541Z  * [new tag]           v6.3.6                  -> v6.3.6
2026-10-07T16:09:11.0139160Z  * [new tag]           v6.3.7                  -> v6.3.7
2026-10-07T16:09:11.0139777Z  * [new tag]           v6.3.8                  -> v6.3.8
2026-10-07T16:09:11.0140394Z  * [new tag]           v6.3.9                  -> v6.3.9
2026-10-07T16:09:11.0141007Z  * [new tag]           v6.4.0                  -> v6.4.0
2026-10-07T16:09:11.0141620Z  * [new tag]           v6.4.1                  -> v6.4.1
2026-10-07T16:09:11.0142239Z  * [new tag]           v6.4.2                  -> v6.4.2
2026-10-07T16:09:11.0142849Z  * [new tag]           v6.4.3                  -> v6.4.3
2026-10-07T16:09:11.0143460Z  * [new tag]           v6.4.4                  -> v6.4.4
2026-10-07T16:09:11.0144218Z  * [new tag]           v6.5.0                  -> v6.5.0
2026-10-07T16:09:11.0145037Z  * [new tag]           v6.5.1                  -> v6.5.1
2026-10-07T16:09:11.0146091Z  * [new tag]           v6.6.0                  -> v6.6.0
2026-10-07T16:09:11.0146853Z  * [new tag]           v6.6.1                  -> v6.6.1
2026-10-07T16:09:11.0147711Z  * [new tag]           v6.6.10                 -> v6.6.10
2026-10-07T16:09:11.0148358Z  * [new tag]           v6.6.11                 -> v6.6.11
2026-10-07T16:09:11.0148985Z  * [new tag]           v6.6.12                 -> v6.6.12
2026-10-07T16:09:11.0149635Z  * [new tag]           v6.6.2                  -> v6.6.2
2026-10-07T16:09:11.0150312Z  * [new tag]           v6.6.3                  -> v6.6.3
2026-10-07T16:09:11.0151001Z  * [new tag]           v6.6.4                  -> v6.6.4
2026-10-07T16:09:11.0151677Z  * [new tag]           v6.6.5                  -> v6.6.5
2026-10-07T16:09:11.0152350Z  * [new tag]           v6.6.6                  -> v6.6.6
2026-10-07T16:09:11.0153033Z  * [new tag]           v6.6.7                  -> v6.6.7
2026-10-07T16:09:11.0153648Z  * [new tag]           v6.6.8                  -> v6.6.8
2026-10-07T16:09:11.0154263Z  * [new tag]           v6.6.9                  -> v6.6.9
2026-10-07T16:09:11.0154877Z  * [new tag]           v6.7.0                  -> v6.7.0
2026-10-07T16:09:11.0155479Z  * [new tag]           v6.7.1                  -> v6.7.1
2026-10-07T16:09:11.0156098Z  * [new tag]           v6.7.10                 -> v6.7.10
2026-10-07T16:09:11.0156716Z  * [new tag]           v6.7.11                 -> v6.7.11
2026-10-07T16:09:11.0157458Z  * [new tag]           v6.7.12                 -> v6.7.12
2026-10-07T16:09:11.0158087Z  * [new tag]           v6.7.13                 -> v6.7.13
2026-10-07T16:09:11.0158902Z  * [new tag]           v6.7.14                 -> v6.7.14
2026-10-07T16:09:11.0159522Z  * [new tag]           v6.7.15                 -> v6.7.15
2026-10-07T16:09:11.0160132Z  * [new tag]           v6.7.16                 -> v6.7.16
2026-10-07T16:09:11.0160758Z  * [new tag]           v6.7.2                  -> v6.7.2
2026-10-07T16:09:11.0161372Z  * [new tag]           v6.7.3                  -> v6.7.3
2026-10-07T16:09:11.0161981Z  * [new tag]           v6.7.4                  -> v6.7.4
2026-10-07T16:09:11.0162592Z  * [new tag]           v6.7.5                  -> v6.7.5
2026-10-07T16:09:11.0163207Z  * [new tag]           v6.7.6                  -> v6.7.6
2026-10-07T16:09:11.0163818Z  * [new tag]           v6.7.7                  -> v6.7.7
2026-10-07T16:09:11.0164428Z  * [new tag]           v6.7.8                  -> v6.7.8
2026-10-07T16:09:11.0165043Z  * [new tag]           v6.7.9                  -> v6.7.9
2026-10-07T16:09:11.0165782Z  * [new ref]           15a885399e9497b099361672d43ea707bc686bef -> pull/2026/merge
2026-10-07T16:09:11.0167912Z ##[endgroup]
2026-10-07T16:09:11.0168739Z ##[group]Determining the checkout info
2026-10-07T16:09:11.0169628Z ##[endgroup]
2026-10-07T16:09:11.0170156Z [command]/usr/bin/git sparse-checkout disable
2026-10-07T16:09:11.0171589Z [command]/usr/bin/git config --local --unset-all extensions.worktreeConfig
2026-10-07T16:09:11.0173156Z ##[group]Checking out the ref
2026-10-07T16:09:11.0173918Z [command]/usr/bin/git checkout --progress --force refs/remotes/pull/2026/merge
2026-10-07T16:09:11.4674221Z Note: switching to 'refs/remotes/pull/2026/merge'.
2026-10-07T16:09:11.4674888Z 
2026-10-07T16:09:11.4675273Z You are in 'detached HEAD' state. You can look around, make experimental
2026-10-07T16:09:11.4676129Z changes and commit them, and you can discard any commits you make in this
2026-10-07T16:09:11.4676975Z state without impacting any branches by switching back to a branch.
2026-10-07T16:09:11.4677880Z 
2026-10-07T16:09:11.4678542Z If you want to create a new branch to retain commits you create, you may
2026-10-07T16:09:11.4679593Z do so (now or later) by using -c with the switch command. Example:
2026-10-07T16:09:11.4680059Z 
2026-10-07T16:09:11.4680263Z   git switch -c <new-branch-name>
2026-10-07T16:09:11.4680604Z 
2026-10-07T16:09:11.4681122Z Or undo this operation with:
2026-10-07T16:09:11.4681458Z 
2026-10-07T16:09:11.4681641Z   git switch -
2026-10-07T16:09:11.4681898Z 
2026-10-07T16:09:11.4682331Z Turn off this advice by setting config variable advice.detachedHead to false
2026-10-07T16:09:11.4682872Z 
2026-10-07T16:09:11.4683498Z HEAD is now at 15a88539 Merge e6e9b775dc775f71da7dd65fb061723912afda32 into e0f0b6fb397bf42a3cd379e0c74f1f295eeebdaf
2026-10-07T16:09:11.4708845Z ##[endgroup]
2026-10-07T16:09:11.4756750Z [command]/usr/bin/git log -1 --format=%H
2026-10-07T16:09:11.4784990Z 15a885399e9497b099361672d43ea707bc686bef
2026-10-07T16:09:11.5123635Z ##[group]Run actions/setup-python@ece7cb06caefa5fff74198d8649806c4678c61a1
2026-10-07T16:09:11.5124370Z with:
2026-10-07T16:09:11.5124726Z   python-version: 3.14
2026-10-07T16:09:11.5125055Z   check-latest: false
2026-10-07T16:09:11.5128291Z   token: ***
2026-10-07T16:09:11.5128629Z   update-environment: true
2026-10-07T16:09:11.5128992Z   allow-prereleases: false
2026-10-07T16:09:11.5129338Z   freethreaded: false
2026-10-07T16:09:11.5129680Z ##[endgroup]
2026-10-07T16:09:11.6465232Z ##[group]Installed versions
2026-10-07T16:09:11.6557970Z Successfully set up CPython (3.14.8)
2026-10-07T16:09:11.6559307Z ##[endgroup]
2026-10-07T16:09:11.6806269Z ##[group]Run actions/setup-node@a0853c24544627f65ddf259abe73b1d18a591444
2026-10-07T16:09:11.6807143Z with:
2026-10-07T16:09:11.6807845Z   node-version: 22
2026-10-07T16:09:11.6808385Z   always-auth: false
2026-10-07T16:09:11.6808943Z   check-latest: false
2026-10-07T16:09:11.6813989Z   token: ***
2026-10-07T16:09:11.6814522Z   package-manager-cache: true
2026-10-07T16:09:11.6815102Z env:
2026-10-07T16:09:11.6815690Z   pythonLocation: /opt/hostedtoolcache/Python/3.14.8/x64
2026-10-07T16:09:11.6816887Z   PKG_CONFIG_PATH: /opt/hostedtoolcache/Python/3.14.8/x64/lib/pkgconfig
2026-10-07T16:09:11.6818034Z   Python_ROOT_DIR: /opt/hostedtoolcache/Python/3.14.8/x64
2026-10-07T16:09:11.6818890Z   Python2_ROOT_DIR: /opt/hostedtoolcache/Python/3.14.8/x64
2026-10-07T16:09:11.6819743Z   Python3_ROOT_DIR: /opt/hostedtoolcache/Python/3.14.8/x64
2026-10-07T16:09:11.6820605Z   LD_LIBRARY_PATH: /opt/hostedtoolcache/Python/3.14.8/x64/lib
2026-10-07T16:09:11.6821340Z ##[endgroup]
2026-10-07T16:09:11.8380427Z Found in cache @ /opt/hostedtoolcache/node/22.23.3/x64
2026-10-07T16:09:11.8383642Z (node:2378) [DEP0040] DeprecationWarning: The `punycode` module is deprecated. Please use a userland alternative instead.
2026-10-07T16:09:11.8384873Z (Use `node --trace-deprecation ...` to show where the warning was created)
2026-10-07T16:09:11.8386590Z ##[group]Environment details
2026-10-07T16:09:12.2512884Z node: v22.23.3
2026-10-07T16:09:12.2513430Z npm: 10.9.9
2026-10-07T16:09:12.2513823Z yarn: 1.22.22
2026-10-07T16:09:12.2515455Z ##[endgroup]
2026-10-07T16:09:12.2672459Z ##[group]Run pip install --require-hashes --build-constraint tests/requirements-build.txt -r tests/requirements-ci.txt
2026-10-07T16:09:12.2673449Z [36;1mpip install --require-hashes --build-constraint tests/requirements-build.txt -r tests/requirements-ci.txt[0m
2026-10-07T16:09:12.2920423Z shell: /usr/bin/bash -e {0}
2026-10-07T16:09:12.2920792Z env:
2026-10-07T16:09:12.2921163Z   pythonLocation: /opt/hostedtoolcache/Python/3.14.8/x64
2026-10-07T16:09:12.2921802Z   PKG_CONFIG_PATH: /opt/hostedtoolcache/Python/3.14.8/x64/lib/pkgconfig
2026-10-07T16:09:12.2922431Z   Python_ROOT_DIR: /opt/hostedtoolcache/Python/3.14.8/x64
2026-10-07T16:09:12.2922993Z   Python2_ROOT_DIR: /opt/hostedtoolcache/Python/3.14.8/x64
2026-10-07T16:09:12.2923545Z   Python3_ROOT_DIR: /opt/hostedtoolcache/Python/3.14.8/x64
2026-10-07T16:09:12.2924105Z   LD_LIBRARY_PATH: /opt/hostedtoolcache/Python/3.14.8/x64/lib
2026-10-07T16:09:12.2924559Z ##[endgroup]
2026-10-07T16:09:13.1845752Z Collecting aiohappyeyeballs==2.7.1 (from -r tests/requirements-ci.txt (line 27))
2026-10-07T16:09:13.2334876Z   Downloading aiohappyeyeballs-2.7.1-py3-none-any.whl (15 kB)
2026-10-07T16:09:13.8189488Z Collecting aiohttp==3.14.3 (from -r tests/requirements-ci.txt (line 30))
2026-10-07T16:09:13.8228546Z   Downloading aiohttp-3.14.3-cp314-cp314-manylinux2014_x86_64.manylinux_2_17_x86_64.manylinux_2_28_x86_64.whl (1.8 MB)
2026-10-07T16:09:13.8564589Z      ━━━━━━━━━━━━━━━━━━━━━━━━━━━━━━━━━━━━━━━━ 1.8/1.8 MB 121.6 MB/s  0:00:00
2026-10-07T16:09:13.8742515Z Collecting aiosignal==1.4.0 (from -r tests/requirements-ci.txt (line 150))
2026-10-07T16:09:13.8792797Z   Downloading aiosignal-1.4.0-py3-none-any.whl (7.5 kB)
2026-10-07T16:09:13.9000104Z Collecting attrs==26.1.0 (from -r tests/requirements-ci.txt (line 153))
2026-10-07T16:09:13.9035195Z   Downloading attrs-26.1.0-py3-none-any.whl (67 kB)
2026-10-07T16:09:13.9738113Z Collecting frozenlist==1.8.0 (from -r tests/requirements-ci.txt (line 156))
2026-10-07T16:09:13.9783822Z   Downloading frozenlist-1.8.0-cp314-cp314-manylinux1_x86_64.manylinux_2_28_x86_64.manylinux_2_5_x86_64.whl (231 kB)
2026-10-07T16:09:13.9984642Z Collecting idna==3.20 (from -r tests/requirements-ci.txt (line 287))
2026-10-07T16:09:14.0027428Z   Downloading idna-3.20-py3-none-any.whl (69 kB)
2026-10-07T16:09:14.2606008Z Collecting multidict==6.9.1 (from -r tests/requirements-ci.txt (line 290))
2026-10-07T16:09:14.2648000Z   Downloading multidict-6.9.1-cp314-cp314-manylinux2014_x86_64.manylinux_2_17_x86_64.manylinux_2_28_x86_64.whl (333 kB)
2026-10-07T16:09:14.4630478Z Collecting numpy==2.4.6 (from -r tests/requirements-ci.txt (line 462))
2026-10-07T16:09:14.4667499Z   Downloading numpy-2.4.6-cp314-cp314-manylinux_2_27_x86_64.manylinux_2_28_x86_64.whl (16.6 MB)
2026-10-07T16:09:14.5753725Z      ━━━━━━━━━━━━━━━━━━━━━━━━━━━━━━━━━━━━━━━━ 16.6/16.6 MB 157.4 MB/s  0:00:00
2026-10-07T16:09:14.6629497Z Collecting propcache==0.5.4 (from -r tests/requirements-ci.txt (line 535))
2026-10-07T16:09:14.6674581Z   Downloading propcache-0.5.4-cp314-cp314-manylinux2014_x86_64.manylinux_2_17_x86_64.manylinux_2_28_x86_64.whl (232 kB)
2026-10-07T16:09:14.7099695Z Collecting pyyaml==6.0.1 (from -r tests/requirements-ci.txt (line 674))
2026-10-07T16:09:14.7137427Z   Downloading PyYAML-6.0.1.tar.gz (125 kB)
2026-10-07T16:09:14.8478735Z   Installing build dependencies: started
2026-10-07T16:09:15.9639958Z   Installing build dependencies: finished with status 'done'
2026-10-07T16:09:15.9644793Z   Getting requirements to build wheel: started
2026-10-07T16:09:17.9029736Z   Getting requirements to build wheel: finished with status 'done'
2026-10-07T16:09:17.9039244Z   Preparing metadata (pyproject.toml): started
2026-10-07T16:09:18.1516376Z   Preparing metadata (pyproject.toml): finished with status 'done'
2026-10-07T16:09:18.2847158Z Collecting scipy==1.17.1 (from -r tests/requirements-ci.txt (line 726))
2026-10-07T16:09:18.2884548Z   Downloading scipy-1.17.1-cp314-cp314-manylinux_2_27_x86_64.manylinux_2_28_x86_64.whl (35.2 MB)
2026-10-07T16:09:18.5036070Z      ━━━━━━━━━━━━━━━━━━━━━━━━━━━━━━━━━━━━━━━━ 35.2/35.2 MB 165.2 MB/s  0:00:00
2026-10-07T16:09:18.5572496Z Collecting threadpoolctl==3.6.0 (from -r tests/requirements-ci.txt (line 788))
2026-10-07T16:09:18.5606820Z   Downloading threadpoolctl-3.6.0-py3-none-any.whl (18 kB)
2026-10-07T16:09:18.5802548Z Collecting voluptuous==0.16.0 (from -r tests/requirements-ci.txt (line 791))
2026-10-07T16:09:18.5837834Z   Downloading voluptuous-0.16.0-py3-none-any.whl (31 kB)
2026-10-07T16:09:18.8617239Z Collecting yarl==1.25.1 (from -r tests/requirements-ci.txt (line 794))
2026-10-07T16:09:18.8658363Z   Downloading yarl-1.25.1-cp314-cp314-manylinux2014_x86_64.manylinux_2_17_x86_64.manylinux_2_28_x86_64.whl (117 kB)
2026-10-07T16:09:18.8878764Z Building wheels for collected packages: pyyaml
2026-10-07T16:09:18.8886282Z   Building wheel for pyyaml (pyproject.toml): started
2026-10-07T16:09:20.0257074Z   Building wheel for pyyaml (pyproject.toml): finished with status 'done'
2026-10-07T16:09:20.0264467Z   Created wheel for pyyaml: filename=pyyaml-6.0.1-cp314-cp314-linux_x86_64.whl size=45459 sha256=3c055a2d91d7b642d52efe953f619f20a9019643d64341aa1c6ad8855234c646
2026-10-07T16:09:20.0266675Z   Stored in directory: /home/runner/.cache/pip/wheels/2d/a7/37/e5c4c5bfa292b13c7ef6f3cc55596744c49fde136b66814325
2026-10-07T16:09:20.0286004Z Successfully built pyyaml
2026-10-07T16:09:20.0856511Z Installing collected packages: voluptuous, threadpoolctl, pyyaml, propcache, numpy, multidict, idna, frozenlist, attrs, aiohappyeyeballs, yarl, scipy, aiosignal, aiohttp
2026-10-07T16:09:28.3709710Z 
2026-10-07T16:09:28.3731655Z Successfully installed aiohappyeyeballs-2.7.1 aiohttp-3.14.3 aiosignal-1.4.0 attrs-26.1.0 frozenlist-1.8.0 idna-3.20 multidict-6.9.1 numpy-2.4.6 propcache-0.5.4 pyyaml-6.0.1 scipy-1.17.1 threadpoolctl-3.6.0 voluptuous-0.16.0 yarl-1.25.1
2026-10-07T16:09:28.5255230Z ##[group]Run if [ "pull_request" = "pull_request" ]; then
2026-10-07T16:09:28.5255736Z [36;1mif [ "pull_request" = "pull_request" ]; then[0m
2026-10-07T16:09:28.5256133Z [36;1m  # The PR's merge-base with its target: exactly the code this[0m
2026-10-07T16:09:28.5256592Z [36;1m  # PR forked from, so the drift comparison isolates the PR.[0m
2026-10-07T16:09:28.5256979Z [36;1m  REF=$(git merge-base "origin/main" HEAD)[0m
2026-10-07T16:09:28.5257696Z [36;1m  # The branch's OWN claim list is read from the PR head, not the[0m
2026-10-07T16:09:28.5258185Z [36;1m  # synthetic merge tree this checkout is (env_drift's CLAIM_HEAD).[0m
2026-10-07T16:09:28.5258699Z [36;1m  echo "CLAIM_HEAD=e6e9b775dc775f71da7dd65fb061723912afda32" >> "$GITHUB_ENV"[0m
2026-10-07T16:09:28.5259160Z [36;1melif [ "pull_request" = "merge_group" ]; then[0m
2026-10-07T16:09:28.5259559Z [36;1m  # A queue entry is a merge commit (merge method MERGE): its first[0m
2026-10-07T16:09:28.5260065Z [36;1m  # parent is the main tip or the entry ahead of it, its second the[0m
2026-10-07T16:09:28.5260520Z [36;1m  # pull request's head. That is the shape of a pull request's[0m
2026-10-07T16:09:28.5261163Z [36;1m  # synthetic merge, whose merge-base with its target is the same[0m
2026-10-07T16:09:28.5261624Z [36;1m  # first parent, so the drift comparison and the claim list are[0m
2026-10-07T16:09:28.5262079Z [36;1m  # read exactly as on the pull request. No second parent means the[0m
2026-10-07T16:09:28.5262510Z [36;1m  # queue's merge method changed; fail rather than guess.[0m
2026-10-07T16:09:28.5262952Z [36;1m  REF=$(git rev-parse --verify --quiet 'HEAD^1^{commit}') || REF=""[0m
2026-10-07T16:09:28.5263408Z [36;1m  PR_TIP=$(git rev-parse --verify --quiet 'HEAD^2^{commit}') || {[0m
2026-10-07T16:09:28.5263973Z [36;1m    echo "This merge_group commit has no second parent; the queue must merge with merge method MERGE."[0m
2026-10-07T16:09:28.5264451Z [36;1m    exit 1[0m
2026-10-07T16:09:28.5264661Z [36;1m  }[0m
2026-10-07T16:09:28.5264925Z [36;1m  echo "CLAIM_HEAD=${PR_TIP}" >> "$GITHUB_ENV"[0m
2026-10-07T16:09:28.5265243Z [36;1melif [ "" = "true" ]; then[0m
2026-10-07T16:09:28.5265596Z [36;1m  # Autofix dispatch is not a pull_request event. Compare against[0m
2026-10-07T16:09:28.5266051Z [36;1m  # main the same way a PR would, not HEAD^1 (the autofix commit's[0m
2026-10-07T16:09:28.5266468Z [36;1m  # parent), so leftover drift vs main cannot hide.[0m
2026-10-07T16:09:28.5266805Z [36;1m  git fetch --no-tags origin main[0m
2026-10-07T16:09:28.5267106Z [36;1m  REF=$(git merge-base origin/main HEAD)[0m
2026-10-07T16:09:28.5267611Z [36;1melse[0m
2026-10-07T16:09:28.5267901Z [36;1m  # Push to main: compare against the state before this push.[0m
2026-10-07T16:09:28.5268354Z [36;1m  REF=$(git rev-parse --verify --quiet 'HEAD^1^{commit}') || REF=""[0m
2026-10-07T16:09:28.5268702Z [36;1mfi[0m
2026-10-07T16:09:28.5268923Z [36;1mif [ -z "${REF}" ]; then[0m
2026-10-07T16:09:28.5269248Z [36;1m  # An empty GOLDEN_REF is not "no preference": run.sh and[0m
2026-10-07T16:09:28.5269678Z [36;1m  # env_drift.py both fall back to origin/main, which on a push to[0m
2026-10-07T16:09:28.5270115Z [36;1m  # main IS this commit -- the tree would be compared against[0m
2026-10-07T16:09:28.5270559Z [36;1m  # itself and pass no matter what it did. Fail here instead, where[0m
2026-10-07T16:09:28.5270933Z [36;1m  # the reason is visible.[0m
2026-10-07T16:09:28.5271282Z [36;1m  echo "Could not resolve a comparison ref for this pull_request."[0m
2026-10-07T16:09:28.5271752Z [36;1m  echo "The drift gate needs a baseline that is not this commit;"[0m
2026-10-07T16:09:28.5272191Z [36;1m  echo "an empty ref silently becomes origin/main == HEAD."[0m
2026-10-07T16:09:28.5272533Z [36;1m  exit 1[0m
2026-10-07T16:09:28.5272729Z [36;1mfi[0m
2026-10-07T16:09:28.5272955Z [36;1mecho "GOLDEN_REF=${REF}" >> "$GITHUB_ENV"[0m
2026-10-07T16:09:28.5338593Z shell: /usr/bin/bash -e {0}
2026-10-07T16:09:28.5339032Z env:
2026-10-07T16:09:28.5339314Z   pythonLocation: /opt/hostedtoolcache/Python/3.14.8/x64
2026-10-07T16:09:28.5339757Z   PKG_CONFIG_PATH: /opt/hostedtoolcache/Python/3.14.8/x64/lib/pkgconfig
2026-10-07T16:09:28.5340206Z   Python_ROOT_DIR: /opt/hostedtoolcache/Python/3.14.8/x64
2026-10-07T16:09:28.5340584Z   Python2_ROOT_DIR: /opt/hostedtoolcache/Python/3.14.8/x64
2026-10-07T16:09:28.5340968Z   Python3_ROOT_DIR: /opt/hostedtoolcache/Python/3.14.8/x64
2026-10-07T16:09:28.5341346Z   LD_LIBRARY_PATH: /opt/hostedtoolcache/Python/3.14.8/x64/lib
2026-10-07T16:09:28.5341669Z ##[endgroup]
2026-10-07T16:09:28.5489022Z ##[group]Run echo "key=$(python tests/env_drift.py --cache-key "$GOLDEN_REF" --all)" >> "$GITHUB_OUTPUT"
2026-10-07T16:09:28.5489762Z [36;1mecho "key=$(python tests/env_drift.py --cache-key "$GOLDEN_REF" --all)" >> "$GITHUB_OUTPUT"[0m
2026-10-07T16:09:28.5549281Z shell: /usr/bin/bash -e {0}
2026-10-07T16:09:28.5549548Z env:
2026-10-07T16:09:28.5549825Z   pythonLocation: /opt/hostedtoolcache/Python/3.14.8/x64
2026-10-07T16:09:28.5550275Z   PKG_CONFIG_PATH: /opt/hostedtoolcache/Python/3.14.8/x64/lib/pkgconfig
2026-10-07T16:09:28.5550878Z   Python_ROOT_DIR: /opt/hostedtoolcache/Python/3.14.8/x64
2026-10-07T16:09:28.5551271Z   Python2_ROOT_DIR: /opt/hostedtoolcache/Python/3.14.8/x64
2026-10-07T16:09:28.5551664Z   Python3_ROOT_DIR: /opt/hostedtoolcache/Python/3.14.8/x64
2026-10-07T16:09:28.5552054Z   LD_LIBRARY_PATH: /opt/hostedtoolcache/Python/3.14.8/x64/lib
2026-10-07T16:09:28.5552421Z   CLAIM_HEAD: e6e9b775dc775f71da7dd65fb061723912afda32
2026-10-07T16:09:28.5552793Z   GOLDEN_REF: e0f0b6fb397bf42a3cd379e0c74f1f295eeebdaf
2026-10-07T16:09:28.5553115Z   PYTHONPATH: tests/hastub
2026-10-07T16:09:28.5553345Z ##[endgroup]
2026-10-07T16:09:29.2957189Z ##[group]Run actions/cache@caa296126883cff596d87d8935842f9db880ef25
2026-10-07T16:09:29.2957896Z with:
2026-10-07T16:09:29.2958145Z   path: ~/.cache/heatpump_optimizer/drift-baseline
2026-10-07T16:09:29.2958624Z   key: drift-baseline-812aa031209b173ca76b5c3e274ef6155c20e3872e86efdc567471a68a3a73d7
2026-10-07T16:09:29.2959097Z   enableCrossOsArchive: false
2026-10-07T16:09:29.2959372Z   fail-on-cache-miss: false
2026-10-07T16:09:29.2959617Z   lookup-only: false
2026-10-07T16:09:29.2959830Z   save-always: false
2026-10-07T16:09:29.2960031Z env:
2026-10-07T16:09:29.2960291Z   pythonLocation: /opt/hostedtoolcache/Python/3.14.8/x64
2026-10-07T16:09:29.2960734Z   PKG_CONFIG_PATH: /opt/hostedtoolcache/Python/3.14.8/x64/lib/pkgconfig
2026-10-07T16:09:29.2961154Z   Python_ROOT_DIR: /opt/hostedtoolcache/Python/3.14.8/x64
2026-10-07T16:09:29.2961526Z   Python2_ROOT_DIR: /opt/hostedtoolcache/Python/3.14.8/x64
2026-10-07T16:09:29.2961928Z   Python3_ROOT_DIR: /opt/hostedtoolcache/Python/3.14.8/x64
2026-10-07T16:09:29.2962300Z   LD_LIBRARY_PATH: /opt/hostedtoolcache/Python/3.14.8/x64/lib
2026-10-07T16:09:29.2962665Z   CLAIM_HEAD: e6e9b775dc775f71da7dd65fb061723912afda32
2026-10-07T16:09:29.2963013Z   GOLDEN_REF: e0f0b6fb397bf42a3cd379e0c74f1f295eeebdaf
2026-10-07T16:09:29.2963307Z ##[endgroup]
2026-10-07T16:09:29.5062937Z Cache not found for input keys: drift-baseline-812aa031209b173ca76b5c3e274ef6155c20e3872e86efdc567471a68a3a73d7
2026-10-07T16:09:29.5236328Z ##[group]Run if [ "pull_request" = "pull_request" ] \
2026-10-07T16:09:29.5236805Z [36;1mif [ "pull_request" = "pull_request" ] \[0m
2026-10-07T16:09:29.5237142Z [36;1m   || [ "pull_request" = "merge_group" ] \[0m
2026-10-07T16:09:29.5237703Z [36;1m   || [ "" = "true" ]; then[0m
2026-10-07T16:09:29.5238009Z [36;1m  echo "GATE_SCOPE=auto" >> "$GITHUB_ENV"[0m
2026-10-07T16:09:29.5238366Z [36;1m  echo "GATE_SCOPE_BASE=$GOLDEN_REF" >> "$GITHUB_ENV"[0m
2026-10-07T16:09:29.5238681Z [36;1melse[0m
2026-10-07T16:09:29.5238906Z [36;1m  echo "GATE_SCOPE=full" >> "$GITHUB_ENV"[0m
2026-10-07T16:09:29.5239186Z [36;1mfi[0m
2026-10-07T16:09:29.5302649Z shell: /usr/bin/bash -e {0}
2026-10-07T16:09:29.5302900Z env:
2026-10-07T16:09:29.5303164Z   pythonLocation: /opt/hostedtoolcache/Python/3.14.8/x64
2026-10-07T16:09:29.5303606Z   PKG_CONFIG_PATH: /opt/hostedtoolcache/Python/3.14.8/x64/lib/pkgconfig
2026-10-07T16:09:29.5304066Z   Python_ROOT_DIR: /opt/hostedtoolcache/Python/3.14.8/x64
2026-10-07T16:09:29.5304472Z   Python2_ROOT_DIR: /opt/hostedtoolcache/Python/3.14.8/x64
2026-10-07T16:09:29.5304850Z   Python3_ROOT_DIR: /opt/hostedtoolcache/Python/3.14.8/x64
2026-10-07T16:09:29.5305257Z   LD_LIBRARY_PATH: /opt/hostedtoolcache/Python/3.14.8/x64/lib
2026-10-07T16:09:29.5305639Z   CLAIM_HEAD: e6e9b775dc775f71da7dd65fb061723912afda32
2026-10-07T16:09:29.5305981Z   GOLDEN_REF: e0f0b6fb397bf42a3cd379e0c74f1f295eeebdaf
2026-10-07T16:09:29.5306276Z ##[endgroup]
2026-10-07T16:09:29.5426867Z ##[group]Run ./tests/run.sh
2026-10-07T16:09:29.5427156Z [36;1m./tests/run.sh[0m
2026-10-07T16:09:29.5490237Z shell: /usr/bin/bash -e {0}
2026-10-07T16:09:29.5490498Z env:
2026-10-07T16:09:29.5490765Z   pythonLocation: /opt/hostedtoolcache/Python/3.14.8/x64
2026-10-07T16:09:29.5491208Z   PKG_CONFIG_PATH: /opt/hostedtoolcache/Python/3.14.8/x64/lib/pkgconfig
2026-10-07T16:09:29.5491634Z   Python_ROOT_DIR: /opt/hostedtoolcache/Python/3.14.8/x64
2026-10-07T16:09:29.5492188Z   Python2_ROOT_DIR: /opt/hostedtoolcache/Python/3.14.8/x64
2026-10-07T16:09:29.5492562Z   Python3_ROOT_DIR: /opt/hostedtoolcache/Python/3.14.8/x64
2026-10-07T16:09:29.5492937Z   LD_LIBRARY_PATH: /opt/hostedtoolcache/Python/3.14.8/x64/lib
2026-10-07T16:09:29.5493306Z   CLAIM_HEAD: e6e9b775dc775f71da7dd65fb061723912afda32
2026-10-07T16:09:29.5493654Z   GOLDEN_REF: e0f0b6fb397bf42a3cd379e0c74f1f295eeebdaf
2026-10-07T16:09:29.5493962Z   GATE_SCOPE: auto
2026-10-07T16:09:29.5494281Z   GATE_SCOPE_BASE: e0f0b6fb397bf42a3cd379e0c74f1f295eeebdaf
2026-10-07T16:09:29.5494628Z   GOLDEN_MODE: drift
2026-10-07T16:09:29.5494847Z   OMP_NUM_THREADS: 1
2026-10-07T16:09:29.5495065Z   OPENBLAS_NUM_THREADS: 1
2026-10-07T16:09:29.5495300Z   MKL_NUM_THREADS: 1
2026-10-07T16:09:29.5495514Z ##[endgroup]
2026-10-07T16:09:29.5656385Z lane count: nproc=1 as the environment answers it, nproc=4 with OMP_NUM_THREADS and OMP_THREAD_LIMIT unset (OMP_NUM_THREADS='1'); lanes = min(that, 3)
2026-10-07T16:09:29.8023113Z 
2026-10-07T16:09:29.8023661Z ########## environment ##########
2026-10-07T16:09:29.8024023Z   python   3.14.8 (linux)
2026-10-07T16:09:29.8024332Z   cpu      AMD EPYC 7763 64-Core Processor
2026-10-07T16:09:29.8024638Z   blas     Haswell
2026-10-07T16:09:29.8024898Z   stack    numpy 2.4.6, scipy 1.17.1
2026-10-07T16:09:30.2468904Z ########## scoped gate ##########
2026-10-07T16:09:30.2469728Z   MODE: SCOPED -- 1 script(s) run, 31 scoped out.
2026-10-07T16:09:30.2470617Z   changed files (4), measured against the recorded closures in tests/closures.json:
2026-10-07T16:09:30.2471359Z       dev/programme/delivery/2026.md
2026-10-07T16:09:30.2471883Z       tests/boost_drift_replay.py
2026-10-07T16:09:30.2472598Z       tools/audit/harnesses/boost_replay_fork_parity.py
2026-10-07T16:09:30.2473282Z       tools/audit/harnesses/ci_script_seconds.py
2026-10-07T16:09:30.2473668Z 
2026-10-07T16:09:30.2473923Z       RUN   tests/boost_drift_replay.py
2026-10-07T16:09:30.2474278Z 
2026-10-07T16:09:30.2474915Z       SKIP  tests/arch_score.py  (closure: 108 files, no changed file is in its measured closure)
2026-10-07T16:09:30.2476511Z       SKIP  tests/arch_score_head.py  (closure: 109 files, no changed file is in its measured closure)
2026-10-07T16:09:30.2478535Z       SKIP  tests/backtest.py  (closure: 31 files, no changed file is in its measured closure)
2026-10-07T16:09:30.2479849Z       SKIP  tests/block_duty.py  (closure: 82 files, no changed file is in its measured closure)
2026-10-07T16:09:30.2481123Z       SKIP  tests/card.mjs  (closure: 84 files, no changed file is in its measured closure)
2026-10-07T16:09:30.2482397Z       SKIP  tests/card_drift.mjs  (closure: 89 files, no changed file is in its measured closure)
2026-10-07T16:09:30.2483772Z       SKIP  tests/config_flow_steps.py  (closure: 114 files, no changed file is in its measured closure)
2026-10-07T16:09:30.2485213Z       SKIP  tests/deployment_shape.py  (closure: 112 files, no changed file is in its measured closure)
2026-10-07T16:09:30.2486656Z       SKIP  tests/doc_claims.py  (closure: 141 files, no changed file is in its measured closure)
2026-10-07T16:09:30.2488195Z       SKIP  tests/edge.py  (closure: 29 files, no changed file is in its measured closure)
2026-10-07T16:09:30.2489381Z       SKIP  tests/entities.py  (closure: 226 files, no changed file is in its measured closure)
2026-10-07T16:09:30.2490631Z       SKIP  tests/env_drift.py  (closure: 180 files, no changed file is in its measured closure)
2026-10-07T16:09:30.2492261Z       SKIP  tests/features.py  (closure: 127 files, no changed file is in its measured closure)
2026-10-07T16:09:30.2493623Z       SKIP  tests/finite_boundary.py  (closure: 103 files, no changed file is in its measured closure)
2026-10-07T16:09:30.2494957Z       SKIP  tests/frontend.py  (closure: 6 files, no changed file is in its measured closure)
2026-10-07T16:09:30.2496233Z       SKIP  tests/golden.py  (closure: 182 files, no changed file is in its measured closure)
2026-10-07T16:09:30.2501092Z       SKIP  tests/guard_pins.py  (closure: 59 files, no changed file is in its measured closure)
2026-10-07T16:09:30.2502704Z       SKIP  tests/ha_contract.py  (closure: 34 files, no changed file is in its measured closure)
2026-10-07T16:09:30.2504031Z       SKIP  tests/harness_headers.py  (closure: 362 files, no changed file is in its measured closure)
2026-10-07T16:09:30.2505230Z       SKIP  tests/layout.py  (closure: 2 files, no changed file is in its measured closure)
2026-10-07T16:09:30.2506458Z       SKIP  tests/manual_plan.py  (closure: 94 files, no changed file is in its measured closure)
2026-10-07T16:09:30.2507951Z       SKIP  tests/md_tables.mjs  (closure: 10 files, no changed file is in its measured closure)
2026-10-07T16:09:30.2509236Z       SKIP  tests/open_meteo.py  (closure: 3 files, no changed file is in its measured closure)
2026-10-07T16:09:30.2510482Z       SKIP  tests/optimality.py  (closure: 31 files, no changed file is in its measured closure)
2026-10-07T16:09:30.2511757Z       SKIP  tests/plan_view.py  (closure: 78 files, no changed file is in its measured closure)
2026-10-07T16:09:30.2513082Z       SKIP  tests/solar_alignment.py  (closure: 79 files, no changed file is in its measured closure)
2026-10-07T16:09:30.2513923Z       SKIP  tests/stress.py  (closure: 35 files, no changed file is in its measured closure)
2026-10-07T16:09:30.2514587Z       SKIP  tests/structure.py  (closure: 74 files, no changed file is in its measured closure)
2026-10-07T16:09:30.2515249Z       SKIP  tests/typing_ruler.py  (closure: 74 files, no changed file is in its measured closure)
2026-10-07T16:09:30.2515889Z       SKIP  tests/validate.py  (closure: 29 files, no changed file is in its measured closure)
2026-10-07T16:09:30.2516683Z       SKIP  tests/wood_advisor.py  (closure: 82 files, no changed file is in its measured closure)
2026-10-07T16:09:30.2517040Z 
2026-10-07T16:09:30.2517291Z   A skipped script is a claim that no changed file is in its measured
2026-10-07T16:09:30.2518333Z   closure. The claim is re-checked by the FULL unscoped suite that runs
2026-10-07T16:09:30.2518983Z   on every push to main, so a wrong closure turns main red within one
2026-10-07T16:09:30.2519464Z   gate. Set GATE_SCOPE=full to run everything here and now.
2026-10-07T16:09:30.3627217Z 
2026-10-07T16:09:30.3628430Z ########## 3 lanes in parallel: units golden e2e ##########
2026-10-07T16:09:30.3679086Z   [16:09:30] start  python3 tests/env_drift.py --claims-only e0f0b6fb397bf42a3cd379e0c74f1f295eeebdaf
2026-10-07T16:09:30.3923842Z   [16:09:30] start  python3 tests/boost_drift_replay.py
2026-10-07T16:09:30.9120642Z   [16:09:30] ok     python3 tests/env_drift.py --claims-only e0f0b6fb397bf42a3cd379e0c74f1f295eeebdaf (0s)
2026-10-07T16:09:30.9165522Z   [16:09:30] start  python3 tests/closure.py selftest
2026-10-07T16:09:31.3754109Z   [16:09:31] ok     python3 tests/closure.py selftest (1s)
2026-10-07T16:09:31.5034740Z   [16:09:31] start  python3 tests/harness_headers.py
2026-10-07T16:12:42.8263488Z   [16:12:42] ok     python3 tests/harness_headers.py (191s)
2026-10-07T16:12:42.8310592Z   [16:12:42] start  python3 tests/layout.py
2026-10-07T16:12:47.1124784Z   [16:12:47] ok     python3 tests/layout.py (5s)
2026-10-07T16:35:04.9147890Z   [16:35:04] ok     python3 tests/boost_drift_replay.py (1534s)
2026-10-07T16:35:04.9615230Z 
2026-10-07T16:35:04.9615914Z ########## alone on the box: stress ##########
2026-10-07T16:35:05.0814265Z 
2026-10-07T16:35:05.0815112Z ########## python3 tests/env_drift.py --claims-only e0f0b6fb397bf42a3cd379e0c74f1f295eeebdaf ##########
2026-10-07T16:35:05.0825518Z claims hygiene: e0f0b6fb397bf42a3cd379e0c74f1f295eeebdaf ok
2026-10-07T16:35:05.0826523Z 
2026-10-07T16:35:05.0826924Z ########## python3 tests/closure.py selftest ##########
2026-10-07T16:35:05.0836801Z 
2026-10-07T16:35:05.0837097Z === closure shrink guard (#527) ===
2026-10-07T16:35:05.0838727Z   ok   card_drift.mjs's committed closure covers plan_view.py
2026-10-07T16:35:05.0839542Z   ok   the 6-file raw trace is a strict subset of that claim
2026-10-07T16:35:05.0840302Z   ok   a full merge does not drop files from card_drift.mjs
2026-10-07T16:35:05.0841589Z   ok   a full merge writes the _comment's stub-seconds disclosure
2026-10-07T16:35:05.0842269Z   ok   a shrinking script does not abort an unrelated grow
2026-10-07T16:35:05.0842717Z   ok   the shrink path does not tell you to run a full derive
2026-10-07T16:35:05.0843145Z   ok   a grow-only partial merge still grows (null control)
2026-10-07T16:35:05.0843551Z   ok   a partial merge refreshes a stale _comment
2026-10-07T16:35:05.0844309Z   ok   card_drift.mjs inherits plan_view.py's closure the way card.mjs does
2026-10-07T16:35:05.0844882Z   ok   a broken-recording refusal names the command that takes the flag
2026-10-07T16:35:05.0845407Z   ok   a stale-closure refusal names --single, not a bare full derive
2026-10-07T16:35:05.0845928Z   ok   a refused merge surfaces merge()'s reason, not just skip-merge-failed
2026-10-07T16:35:05.0846448Z   ok   and a merge that succeeds carries no merge reason (null control)
2026-10-07T16:35:05.0846965Z   ok   a warm __pycache__ .pyc open attributes the source it was compiled from
2026-10-07T16:35:05.0847984Z   ok   the #1309 instance maps: governance_cost's cache attributes its source
2026-10-07T16:35:05.0848523Z   ok   a cache whose source is gone attributes nothing (null control)
2026-10-07T16:35:05.0848930Z   ok   the cold path is unchanged (control)
2026-10-07T16:35:05.0849343Z   ok   merge drops a committed entry whose path does not exist (#1310)
2026-10-07T16:35:05.0850165Z   ok   merge still keeps a committed REAL file the run did not touch (#527 null control)
2026-10-07T16:35:05.0850978Z   ok   check fails on a phantom in the COMMITTED table (#1310)
2026-10-07T16:35:05.0851504Z   ok   check passes on the same table once the phantom is gone (#1310 null control)
2026-10-07T16:35:05.0852235Z   ok   prune drops committed phantom entries (#1310)
2026-10-07T16:35:05.0852851Z   ok   prune is idempotent (#1310 null control)
2026-10-07T16:35:05.0853388Z   ok   a partial merge keeps committed inert_reads the run cannot see (#1886)
2026-10-07T16:35:05.0854120Z   ok   a recording that saw other inert reads grows, never swaps (#1886 grow arm)
2026-10-07T16:35:05.0854670Z   ok   a full merge keeps committed inert_reads the run cannot see (#1886)
2026-10-07T16:35:05.0855156Z   ok   the #1886 sequence stays green: Darwin merge, then Linux check
2026-10-07T16:35:05.0855429Z 
2026-10-07T16:35:05.0855668Z === coverage reuses only what the scoped gate skips (#1812) ===
2026-10-07T16:35:05.0856103Z   ok   a FULL plan measures every script, base data or not
2026-10-07T16:35:05.0856498Z   ok   a plan of no known mode measures every script
2026-10-07T16:35:05.0856898Z   ok   scoped: only a skipped script with base data is reused
2026-10-07T16:35:05.0857272Z   ok   scoped, cache miss: nothing is reused
2026-10-07T16:35:05.0858236Z   ok   coverage-split reads .coverage.<n> and <n>.nodata as base data
2026-10-07T16:35:05.0858746Z 
2026-10-07T16:35:05.0858990Z ALL 32 closure shrink pins PASSED
2026-10-07T16:35:05.0859259Z 
2026-10-07T16:35:05.0859651Z SKIP: tests/features.py (scoped out: no changed file is in its measured closure of 127 file(s))
2026-10-07T16:35:05.0860017Z 
2026-10-07T16:35:05.0863086Z SKIP: tests/entities.py (scoped out: no changed file is in its measured closure of 226 file(s))
2026-10-07T16:35:05.0864196Z 
2026-10-07T16:35:05.0874488Z SKIP: tests/block_duty.py (scoped out: no changed file is in its measured closure of 82 file(s))
2026-10-07T16:35:05.0876443Z 
2026-10-07T16:35:05.0887612Z SKIP: tests/doc_claims.py (scoped out: no changed file is in its measured closure of 141 file(s))
2026-10-07T16:35:05.0888243Z 
2026-10-07T16:35:05.0899279Z SKIP: tests/md_tables.mjs (scoped out: no changed file is in its measured closure of 10 file(s))
2026-10-07T16:35:05.0900140Z 
2026-10-07T16:35:05.0910930Z SKIP: tests/wood_advisor.py (scoped out: no changed file is in its measured closure of 82 file(s))
2026-10-07T16:35:05.0911802Z 
2026-10-07T16:35:05.0922546Z SKIP: tests/config_flow_steps.py (scoped out: no changed file is in its measured closure of 114 file(s))
2026-10-07T16:35:05.0923335Z 
2026-10-07T16:35:05.0934246Z SKIP: tests/structure.py (scoped out: no changed file is in its measured closure of 74 file(s))
2026-10-07T16:35:05.0935092Z 
2026-10-07T16:35:05.0945963Z SKIP: tests/arch_score.py (scoped out: no changed file is in its measured closure of 108 file(s))
2026-10-07T16:35:05.0946810Z 
2026-10-07T16:35:05.0958234Z SKIP: tests/arch_score_head.py (scoped out: no changed file is in its measured closure of 109 file(s))
2026-10-07T16:35:05.0959568Z 
2026-10-07T16:35:05.0970372Z SKIP: tests/typing_ruler.py (scoped out: no changed file is in its measured closure of 74 file(s))
2026-10-07T16:35:05.0971312Z 
2026-10-07T16:35:05.0982483Z SKIP: tests/ha_contract.py (scoped out: no changed file is in its measured closure of 34 file(s))
2026-10-07T16:35:05.0983452Z 
2026-10-07T16:35:05.0994560Z SKIP: tests/manual_plan.py (scoped out: no changed file is in its measured closure of 94 file(s))
2026-10-07T16:35:05.0995298Z 
2026-10-07T16:35:05.1005842Z SKIP: tests/open_meteo.py (scoped out: no changed file is in its measured closure of 3 file(s))
2026-10-07T16:35:05.1007157Z 
2026-10-07T16:35:05.1019725Z SKIP: tests/solar_alignment.py (scoped out: no changed file is in its measured closure of 79 file(s))
2026-10-07T16:35:05.1020908Z 
2026-10-07T16:35:05.1034388Z SKIP: tests/guard_pins.py (scoped out: no changed file is in its measured closure of 59 file(s))
2026-10-07T16:35:05.1035421Z 
2026-10-07T16:35:05.1047911Z SKIP: tests/finite_boundary.py (scoped out: no changed file is in its measured closure of 103 file(s))
2026-10-07T16:35:05.1049054Z 
2026-10-07T16:35:05.1049456Z ########## python3 tests/harness_headers.py ##########
2026-10-07T16:35:05.1060328Z 
2026-10-07T16:35:05.1060721Z === harness header EXPECTED vs RESULT (#817) ===
2026-10-07T16:35:05.1061479Z   ok   repo_root finds the checkout that holds the manifest
2026-10-07T16:35:05.1062264Z   ok   repo_root finds the checkout from one segment deeper
2026-10-07T16:35:05.1063034Z   ok   repo_root refuses a directory with no manifest
2026-10-07T16:35:05.1064288Z   ok   every inlined walk matches the canonical helper and no depth root remains
2026-10-07T16:35:05.1065407Z   ok   every harness declaring live-header anywhere in its file is executed
2026-10-07T16:35:05.1066441Z   ok   every per-harness CPU bound names an executed harness, under the wall cap
2026-10-07T16:35:05.1067556Z   ok   tools/audit/round3/D2/dst_window_factors.py exists
2026-10-07T16:35:05.1068578Z   ok   tools/audit/round3/D2/dst_window_factors.py header names at least one EXPECTED RESULT
2026-10-07T16:35:05.1069689Z   tools/audit/round3/D2/dst_window_factors.py: cpu=0.5s of the 60s bound
2026-10-07T16:35:05.1070676Z   ok   tools/audit/round3/D2/dst_window_factors.py exits 0
2026-10-07T16:35:05.1071626Z   ok   tools/audit/round3/D2/dst_window_factors.py costs at most 50% of its CPU bound
2026-10-07T16:35:05.1072811Z   ok   tools/audit/round3/D2/dst_window_factors.py RESULT default_horizon_hours matches header
2026-10-07T16:35:05.1073961Z   ok   tools/audit/round3/D2/dst_window_factors.py RESULT cells matches header
2026-10-07T16:35:05.1075159Z   ok   tools/audit/round3/D2/dst_window_factors.py RESULT total_mismatched_cells matches header
2026-10-07T16:35:05.1076884Z   ok   tools/audit/round3/D2/dst_window_factors.py RESULT mismatches_autumn_60min_peak_hours matches header
2026-10-07T16:35:05.1078571Z   ok   tools/audit/round3/D2/dst_window_factors.py RESULT null_control_non_dst_day_mismatches matches header
2026-10-07T16:35:05.1080248Z   ok   tools/audit/round3/D2/dst_window_factors.py RESULT no_mask_returns_none matches header
2026-10-07T16:35:05.1081183Z   ok   tools/audit/round3/D2/window_size_sweep.py exists
2026-10-07T16:35:05.1081747Z   ok   tools/audit/round3/D2/window_size_sweep.py header names at least one EXPECTED RESULT
2026-10-07T16:35:05.1082355Z   tools/audit/round3/D2/window_size_sweep.py: cpu=0.7s of the 60s bound
2026-10-07T16:35:05.1082828Z   ok   tools/audit/round3/D2/window_size_sweep.py exits 0
2026-10-07T16:35:05.1083517Z   ok   tools/audit/round3/D2/window_size_sweep.py costs at most 50% of its CPU bound
2026-10-07T16:35:05.1084208Z   ok   tools/audit/round3/D2/window_size_sweep.py RESULT live_tracker_mismatch_autumn_15min matches header
2026-10-07T16:35:05.1085410Z   ok   tools/audit/round3/D2/window_size_sweep.py RESULT live_tracker_mismatch_autumn_90min matches header
2026-10-07T16:35:05.1087001Z   ok   tools/audit/round3/D2/window_size_sweep.py RESULT live_tracker_mismatch_control_15min matches header
2026-10-07T16:35:05.1088998Z   ok   tools/audit/round3/D2/window_size_sweep.py RESULT catalog_window_minutes matches header
2026-10-07T16:35:05.1090632Z   ok   tools/audit/round3/D2/window_size_sweep.py RESULT options_selector_choices matches header
2026-10-07T16:35:05.1091619Z   ok   tools/audit/round3/D5/option_doc_coverage.py exists
2026-10-07T16:35:05.1092342Z   ok   tools/audit/round3/D5/option_doc_coverage.py header names at least one EXPECTED RESULT
2026-10-07T16:35:05.1092960Z   tools/audit/round3/D5/option_doc_coverage.py: cpu=0.4s of the 60s bound
2026-10-07T16:35:05.1093463Z   ok   tools/audit/round3/D5/option_doc_coverage.py exits 0
2026-10-07T16:35:05.1093973Z   ok   tools/audit/round3/D5/option_doc_coverage.py costs at most 50% of its CPU bound
2026-10-07T16:35:05.1094621Z   ok   tools/audit/round3/D5/option_doc_coverage.py RESULT option_fields_rendered matches header
2026-10-07T16:35:05.1095321Z   ok   tools/audit/round3/D5/option_doc_coverage.py RESULT option_fields_undocumented matches header
2026-10-07T16:35:05.1096066Z   ok   tools/audit/round3/D5/option_doc_coverage.py RESULT option_schema_keys_rendered matches header
2026-10-07T16:35:05.1096792Z   ok   tools/audit/round3/D5/option_doc_coverage.py RESULT wood_economics_fields_rendered matches header
2026-10-07T16:35:05.1097805Z   ok   tools/audit/round3/D5/option_doc_coverage.py RESULT wood_economics_doc_lines matches header
2026-10-07T16:35:05.1098360Z   ok   tools/audit/round4/D10/qs_rules.py exists
2026-10-07T16:35:05.1098854Z   ok   tools/audit/round4/D10/qs_rules.py header names at least one EXPECTED RESULT
2026-10-07T16:35:05.1099490Z   tools/audit/round4/D10/qs_rules.py: cpu=0.5s of the 60s bound
2026-10-07T16:35:05.1100206Z   ok   tools/audit/round4/D10/qs_rules.py exits 0
2026-10-07T16:35:05.1100805Z   ok   tools/audit/round4/D10/qs_rules.py costs at most 50% of its CPU bound
2026-10-07T16:35:05.1101437Z   ok   tools/audit/round4/D10/qs_rules.py RESULT rules_total matches header
2026-10-07T16:35:05.1102407Z   ok   tools/audit/round4/D10/qs_rules.py RESULT declared_mismatch matches header
2026-10-07T16:35:05.1102972Z   ok   tools/audit/round4/D6/claims.py exists
2026-10-07T16:35:05.1103544Z   ok   tools/audit/round4/D6/claims.py header names at least one EXPECTED RESULT
2026-10-07T16:35:05.1104136Z   tools/audit/round4/D6/claims.py: cpu=1.7s of the 60s bound
2026-10-07T16:35:05.1104521Z   ok   tools/audit/round4/D6/claims.py exits 0
2026-10-07T16:35:05.1104947Z   ok   tools/audit/round4/D6/claims.py costs at most 50% of its CPU bound
2026-10-07T16:35:05.1105478Z   ok   tools/audit/round4/D6/claims.py RESULT claims_extracted matches header
2026-10-07T16:35:05.1106003Z   ok   tools/audit/round4/D6/claims.py RESULT claims_checked matches header
2026-10-07T16:35:05.1106516Z   ok   tools/audit/round4/D6/claims.py RESULT claims_true matches header
2026-10-07T16:35:05.1107011Z   ok   tools/audit/round4/D6/claims.py RESULT claims_false matches header
2026-10-07T16:35:05.1107817Z   ok   tools/audit/round4/D6/claims.py RESULT claims_stale matches header
2026-10-07T16:35:05.1108620Z   ok   tools/audit/round4/D6/claims.py RESULT claims_unverifiable matches header
2026-10-07T16:35:05.1109218Z   ok   tools/audit/round4/D6/claims.py RESULT config_defaults_compared matches header
2026-10-07T16:35:05.1109823Z   ok   tools/audit/round4/D6/claims.py RESULT config_ranges_compared matches header
2026-10-07T16:35:05.1110394Z   ok   tools/audit/round4/D6/claims.py RESULT arch_modules_on_disk matches header
2026-10-07T16:35:05.1110947Z   ok   tools/audit/round4/D6/claims.py RESULT arch_map_listed matches header
2026-10-07T16:35:05.1111809Z   ok   tools/audit/round4/D6/claims.py RESULT arch_map_missing matches header
2026-10-07T16:35:05.1112739Z   ok   tools/audit/round4/D6/claims.py RESULT ha_module_level_importers matches header
2026-10-07T16:35:05.1113294Z   ok   tools/audit/round4/D7/sysid_estimator_frontier.py exists
2026-10-07T16:35:05.1113936Z   ok   tools/audit/round4/D7/sysid_estimator_frontier.py header names at least one EXPECTED RESULT
2026-10-07T16:35:05.1115070Z   tools/audit/round4/D7/sysid_estimator_frontier.py: cpu=160.3s of the 480s bound
2026-10-07T16:35:05.1115713Z   ok   tools/audit/round4/D7/sysid_estimator_frontier.py exits 0
2026-10-07T16:35:05.1116420Z   ok   tools/audit/round4/D7/sysid_estimator_frontier.py costs at most 50% of its CPU bound
2026-10-07T16:35:05.1117139Z   ok   tools/audit/round4/D7/sysid_estimator_frontier.py RESULT gatepass_plants matches header
2026-10-07T16:35:05.1118106Z   ok   tools/audit/round4/D7/sysid_estimator_frontier.py RESULT draws_per_cell matches header
2026-10-07T16:35:05.1118800Z   ok   tools/audit/round4/D7/sysid_estimator_frontier.py RESULT fitted_typical_s001 matches header
2026-10-07T16:35:05.1119497Z   ok   tools/audit/round4/D7/sysid_estimator_frontier.py RESULT within10_typical_s001 matches header
2026-10-07T16:35:05.1120181Z   ok   tools/audit/round4/D7/sysid_estimator_frontier.py RESULT fitted_heavy_s001 matches header
2026-10-07T16:35:05.1120861Z   ok   tools/audit/round4/D7/sysid_estimator_frontier.py RESULT within10_heavy_s001 matches header
2026-10-07T16:35:05.1121585Z   ok   tools/audit/round4/D7/sysid_estimator_frontier.py RESULT interval_refused_typical_s005 matches header
2026-10-07T16:35:05.1122342Z   ok   tools/audit/round4/D7/sysid_estimator_frontier.py RESULT interval_refused_heavy_s005 matches header
2026-10-07T16:35:05.1123061Z   ok   tools/audit/round4/D7/sysid_estimator_frontier.py RESULT shipped_presets_armed matches header
2026-10-07T16:35:05.1123791Z   ok   tools/audit/round4/D7/sysid_estimator_frontier.py RESULT shipped_presets_gate_named matches header
2026-10-07T16:35:05.1125084Z   ok   tools/audit/round4/D7/sysid_estimator_frontier.py RESULT unridged_fitted_typical_s001 matches header
2026-10-07T16:35:05.1125646Z   ok   tools/audit/round4/D9/h2_cycle.py exists
2026-10-07T16:35:05.1126372Z   ok   tools/audit/round4/D9/h2_cycle.py header names at least one EXPECTED RESULT
2026-10-07T16:35:05.1127146Z   tools/audit/round4/D9/h2_cycle.py: cpu=4.9s of the 60s bound
2026-10-07T16:35:05.1127812Z   ok   tools/audit/round4/D9/h2_cycle.py exits 0
2026-10-07T16:35:05.1128391Z   ok   tools/audit/round4/D9/h2_cycle.py costs at most 50% of its CPU bound
2026-10-07T16:35:05.1129054Z   ok   tools/audit/round4/D9/h2_cycle.py RESULT msm_entries_per_cycle matches header
2026-10-07T16:35:05.1129535Z   ok   tools/audit/round4/D9/h7_memory_gate.py exists
2026-10-07T16:35:05.1130032Z   ok   tools/audit/round4/D9/h7_memory_gate.py header names at least one EXPECTED RESULT
2026-10-07T16:35:05.1130571Z   tools/audit/round4/D9/h7_memory_gate.py: cpu=5.1s of the 60s bound
2026-10-07T16:35:05.1131002Z   ok   tools/audit/round4/D9/h7_memory_gate.py exits 0
2026-10-07T16:35:05.1131467Z   ok   tools/audit/round4/D9/h7_memory_gate.py costs at most 50% of its CPU bound
2026-10-07T16:35:05.1132039Z   ok   tools/audit/round4/D9/h7_memory_gate.py RESULT scenarios_recorded matches header
2026-10-07T16:35:05.1132617Z   ok   tools/audit/round4/D9/h7_memory_gate.py RESULT memory_top_n matches header
2026-10-07T16:35:05.1133361Z   ok   tools/audit/round4/D9/h7_memory_gate.py RESULT memory_budget_factor matches header
2026-10-07T16:35:05.1133962Z   ok   tools/audit/round4/D9/h7_memory_gate.py RESULT detection_target matches header
2026-10-07T16:35:05.1134635Z   ok   tools/audit/round4/D9/h7_memory_gate.py RESULT min_attrib_rss_multiple_required_to_fail matches header
2026-10-07T16:35:05.1135386Z   ok   tools/audit/round4/D9/h7_memory_gate.py RESULT max_attrib_rss_multiple_required_to_fail matches header
2026-10-07T16:35:05.1136376Z   ok   tools/audit/round4/D9/h7_memory_gate.py RESULT scenarios_where_2x_attrib_rss_fails matches header
2026-10-07T16:35:05.1137740Z   ok   tools/audit/round4/D9/h7_memory_gate.py RESULT min_traced_multiple_required_to_fail matches header
2026-10-07T16:35:05.1138801Z   ok   tools/audit/round4/D9/h7_memory_gate.py RESULT max_traced_multiple_required_to_fail matches header
2026-10-07T16:35:05.1139833Z   ok   tools/audit/round4/D9/h7_memory_gate.py RESULT scenarios_where_2x_traced_fails matches header
2026-10-07T16:35:05.1140710Z   ok   tools/audit/round4/D9/h7_memory_gate.py RESULT scenarios_memory_probed matches header
2026-10-07T16:35:05.1141416Z   ok   tools/audit/round4/D9/h7_memory_gate.py RESULT scenarios_never_memory_probed matches header
2026-10-07T16:35:05.1142056Z   ok   tools/audit/round4/D9/h7_memory_gate.py RESULT attrib_leader_label matches header
2026-10-07T16:35:05.1142679Z   ok   tools/audit/round4/D9/h7_memory_gate.py RESULT attrib_fail_threshold_mb matches header
2026-10-07T16:35:05.1143317Z   ok   tools/audit/round4/D9/h7_memory_gate.py RESULT traced_fail_threshold_mb matches header
2026-10-07T16:35:05.1143957Z   ok   tools/audit/round4/D9/h7_memory_gate.py RESULT clean_attrib_rule_fires matches header
2026-10-07T16:35:05.1144595Z   ok   tools/audit/round4/D9/h7_memory_gate.py RESULT inject2x_attrib_rule_fires matches header
2026-10-07T16:35:05.1145117Z   ok   tools/audit/round4/D9/h9_batch_cost_loop.py exists
2026-10-07T16:35:05.1145637Z   ok   tools/audit/round4/D9/h9_batch_cost_loop.py header names at least one EXPECTED RESULT
2026-10-07T16:35:05.1146203Z   tools/audit/round4/D9/h9_batch_cost_loop.py: cpu=7.3s of the 60s bound
2026-10-07T16:35:05.1146655Z   ok   tools/audit/round4/D9/h9_batch_cost_loop.py exits 0
2026-10-07T16:35:05.1147144Z   ok   tools/audit/round4/D9/h9_batch_cost_loop.py costs at most 50% of its CPU bound
2026-10-07T16:35:05.1148143Z   ok   tools/audit/round4/D9/h9_batch_cost_loop.py RESULT cost_terms_batch_calls_per_gradient matches header
2026-10-07T16:35:05.1149346Z   ok   tools/audit/round4/D9/h9_batch_cost_loop.py RESULT batch_rows_per_gradient matches header
2026-10-07T16:35:05.1150138Z   ok   tools/audit/round4/D9/h9_batch_cost_loop.py RESULT null_control_batched_calls_per_gradient_delta matches header
2026-10-07T16:35:05.1151132Z   ok   an idle child past the CPU limit is not killed by it
2026-10-07T16:35:05.1151682Z   ok   a spinning child is killed at the CPU limit
2026-10-07T16:35:05.1152150Z   ok   an idle child past the wall cap reports 124
2026-10-07T16:35:05.1152711Z   ok   a bounded child runs with every BLAS pool pinned to one thread
2026-10-07T16:35:05.1153317Z   ok   the executed harnesses leave their committed output byte-identical
2026-10-07T16:35:05.1153614Z 
2026-10-07T16:35:05.1153765Z ALL 109 HARNESS HEADER CHECKS PASSED
2026-10-07T16:35:05.1153949Z 
2026-10-07T16:35:05.1154112Z ########## python3 tests/layout.py ##########
2026-10-07T16:35:05.1154466Z layout: 4055 tracked path(s) enumerated
2026-10-07T16:35:05.1154755Z   category  1768 finding(s)
2026-10-07T16:35:05.1155135Z     outside the allowed categories: .claude/workflows/carry-1921.json
2026-10-07T16:35:05.1155647Z     outside the allowed categories: .claude/workflows/wave-3l-groups.json
2026-10-07T16:35:05.1156150Z     outside the allowed categories: handoff/round9/fix/resume/FR-8.md
2026-10-07T16:35:05.1156643Z     outside the allowed categories: handoff/round9/plan-table-live.md
2026-10-07T16:35:05.1157119Z     outside the allowed categories: tools/audit/archscore/ABOUT.md
2026-10-07T16:35:05.1158070Z     outside the allowed categories: tools/audit/archscore/__init__.py
2026-10-07T16:35:05.1158585Z     outside the allowed categories: tools/audit/archscore/calibrate.py
2026-10-07T16:35:05.1159126Z     outside the allowed categories: tools/audit/archscore/calibration/corpus.tsv
2026-10-07T16:35:05.1159738Z     outside the allowed categories: tools/audit/archscore/calibration/corpus_vectors.json
2026-10-07T16:35:05.1160360Z     outside the allowed categories: tools/audit/archscore/calibration/expected.json
2026-10-07T16:35:05.1161076Z     ... 1758 more (--verbose)
2026-10-07T16:35:05.1161509Z   retired   1658 finding(s)
2026-10-07T16:35:05.1162268Z     planned move not yet made: .claude/workflows/carry-1921.json -> dev/programme/carries/carry-1921.json
2026-10-07T16:35:05.1162989Z     planned move not yet made: tools/audit/bugclasses.json -> dev/audit/config/bugclasses.json
2026-10-07T16:35:05.1164458Z     planned move not yet made: tools/audit/ci-version-edit/pr_contract_shapes.py -> dev/audit/harnesses/ci-version-edit/pr_contract_shapes.py
2026-10-07T16:35:05.1165785Z     planned move not yet made: tools/audit/ci-version-edit/recheck_stamp_forgery.py -> dev/audit/harnesses/ci-version-edit/recheck_stamp_forgery.py
2026-10-07T16:35:05.1166678Z     planned move not yet made: tools/audit/finding.schema.json -> dev/audit/config/finding.schema.json
2026-10-07T16:35:05.1167755Z     planned move not yet made: tools/audit/harnesses/boost_replay_fork_parity.py -> dev/audit/harnesses/boost_replay_fork_parity.py
2026-10-07T16:35:05.1168658Z     planned move not yet made: tools/audit/harnesses/ci_script_seconds.py -> dev/audit/harnesses/ci_script_seconds.py
2026-10-07T16:35:05.1169512Z     planned move not yet made: tools/audit/harnesses/d1_s3_02_queued_apply.py -> dev/audit/harnesses/d1_s3_02_queued_apply.py
2026-10-07T16:35:05.1170350Z     planned move not yet made: tools/audit/harnesses/d907_kernel_band.py -> dev/audit/harnesses/d907_kernel_band.py
2026-10-07T16:35:05.1171101Z     planned move not yet made: tools/audit/harnesses/dual_path.py -> dev/audit/harnesses/dual_path.py
2026-10-07T16:35:05.1171573Z     ... 1648 more (--verbose)
2026-10-07T16:35:05.1171820Z   reference 1508 finding(s)
2026-10-07T16:35:05.1172353Z     .claude/hooks/always-fails.sh:11 cites retired path .claude/workflows/fixtures/; use tools/policy/fixtures/
2026-10-07T16:35:05.1173312Z     .claude/hooks/stop-selfcheck.sh:53 cites retired path tools/audit/briefs/fixer.md; use dev/governance/roles/fixer.md
2026-10-07T16:35:05.1174508Z     .claude/hooks/stop-selfcheck.sh:55 cites retired path docs/HANDOVER.md; use dev/programme/HANDOVER.md
2026-10-07T16:35:05.1175742Z     .claude/hooks/stop-selfcheck.sh:56 cites retired path docs/plan-2026-09-open-issues.md; use dev/programme/plan-2026-09-open-issues.md
2026-10-07T16:35:05.1177003Z     .claude/hooks/stop-selfcheck.sh:98 cites retired path .claude/workflows/policy_lint.mjs; use tools/policy/policy_lint.mjs
2026-10-07T16:35:05.1178375Z     .claude/hooks/stop-selfcheck.sh:103 cites retired path .claude/workflows/policy_lint.mjs; use tools/policy/policy_lint.mjs
2026-10-07T16:35:05.1179279Z     .claude/hooks/stop-selfcheck.sh:198 cites retired path .claude/workflows/policy_lint.mjs; use tools/policy/policy_lint.mjs
2026-10-07T16:35:05.1180086Z     .claude/hooks/stop-selfcheck.sh:200 cites retired path tools/audit/prepr.sh; use tools/pr/prepr.sh
2026-10-07T16:35:05.1180836Z     .claude/rules/brief-citations.md:6 cites retired path docs/HANDOVER.md; use dev/programme/HANDOVER.md
2026-10-07T16:35:05.1181663Z     .claude/rules/brief-citations.md:11 cites retired path .claude/workflows/brief_lint.mjs; use tools/policy/brief_lint.mjs
2026-10-07T16:35:05.1182218Z     ... 1498 more (--verbose)
2026-10-07T16:35:05.1182462Z   dead      5 finding(s)
2026-10-07T16:35:05.1182889Z     category dev/programme: glob matches no tracked file: dev/programme/rosters/*.json
2026-10-07T16:35:05.1183470Z     category dev/audit: glob matches no tracked file: dev/audit/config/*.json
2026-10-07T16:35:05.1184210Z     category dev/audit: glob matches no tracked file: dev/audit/rounds/**
2026-10-07T16:35:05.1184877Z     category dev/audit: glob matches no tracked file: dev/audit/harnesses/**
2026-10-07T16:35:05.1185598Z     category dev/audit: glob matches no tracked file: dev/audit/waves/**
2026-10-07T16:35:05.1186444Z layout: MODE: REPORT (exit 0 on findings until R9-RO-9)
2026-10-07T16:35:05.1186982Z   ok   self-test: base tree: counts (0, 0, 0, 0), want (0, 0, 0, 0); enumerated 214 of 214 listed
2026-10-07T16:35:05.1188260Z   ok   self-test: file outside every category: counts (1, 0, 0, 0), want (1, 0, 0, 0); enumerated 215 of 215 listed
2026-10-07T16:35:05.1189323Z   ok   self-test: path in two categories: counts (1, 0, 0, 0), want (1, 0, 0, 0); enumerated 214 of 214 listed
2026-10-07T16:35:05.1190212Z   ok   self-test: retired file re-added: counts (1, 1, 0, 0), want (1, 1, 0, 0); enumerated 215 of 215 listed
2026-10-07T16:35:05.1191008Z   ok   self-test: live citation of a retired path: counts (0, 0, 1, 0), want (0, 0, 1, 0); enumerated 214 of 214 listed
2026-10-07T16:35:05.1191830Z   ok   self-test: live citation of a retired directory, no slash: counts (0, 0, 1, 0), want (0, 0, 1, 0); enumerated 214 of 214 listed
2026-10-07T16:35:05.1192671Z   ok   self-test: retired target outside every category: counts (1, 1, 0, 1), want (1, 1, 0, 1); enumerated 215 of 215 listed
2026-10-07T16:35:05.1193499Z   ok   self-test: moved path re-added after its move landed: counts (1, 1, 0, 0), want (1, 1, 0, 0); enumerated 215 of 215 listed
2026-10-07T16:35:05.1194356Z   ok   self-test: file one directory below a single-star glob: counts (1, 0, 0, 0), want (1, 0, 0, 0); enumerated 215 of 215 listed
2026-10-07T16:35:05.1195245Z   ok   self-test: live citation of a retired directory ending a sentence: counts (0, 0, 1, 0), want (0, 0, 1, 0); enumerated 214 of 214 listed
2026-10-07T16:35:05.1196032Z   ok   self-test: dead retired entry: counts (0, 0, 0, 1), want (0, 0, 0, 1); enumerated 214 of 214 listed
2026-10-07T16:35:05.1196706Z   ok   self-test: dead category glob: counts (0, 0, 0, 1), want (0, 0, 0, 1); enumerated 214 of 214 listed
2026-10-07T16:35:05.1197839Z   ok   self-test: negative: the citation under the archive: counts (0, 0, 0, 0), want (0, 0, 0, 0); enumerated 215 of 215 listed
2026-10-07T16:35:05.1199160Z   ok   self-test: negative: the citation in a delivery row: counts (0, 0, 0, 0), want (0, 0, 0, 0); enumerated 215 of 215 listed
2026-10-07T16:35:05.1200278Z   ok   self-test: negative: the citation in a row not yet moved: counts (1, 1, 0, 0), want (1, 1, 0, 0); enumerated 215 of 215 listed
2026-10-07T16:35:05.1201499Z   ok   self-test: negative: a longer name that contains it: counts (0, 0, 0, 0), want (0, 0, 0, 0); enumerated 214 of 214 listed
2026-10-07T16:35:05.1202487Z   ok   self-test: negative: the new path cited: counts (0, 0, 0, 0), want (0, 0, 0, 0); enumerated 214 of 214 listed
2026-10-07T16:35:05.1203410Z   ok   locate .claude/workflows/agreement.mjs with ['.claude/workflows/agreement.mjs', 'tools/policy/agreement.mjs']: .claude/workflows/agreement.mjs
2026-10-07T16:35:05.1204337Z   ok   locate .claude/workflows/agreement.mjs with ['tools/policy/agreement.mjs']: tools/policy/agreement.mjs
2026-10-07T16:35:05.1205053Z   ok   locate .claude/workflows/agreement.mjs with neither: .claude/workflows/agreement.mjs
2026-10-07T16:35:05.1205518Z layout self-test: ok
2026-10-07T16:35:05.1205661Z 
2026-10-07T16:35:05.1206073Z SKIP: tests/deployment_shape.py (scoped out: no changed file is in its measured closure of 112 file(s))
2026-10-07T16:35:05.1206471Z 
2026-10-07T16:35:05.1206788Z SKIP: tests/golden.py (GOLDEN_MODE=drift checks fixtures via env_drift.py instead)
2026-10-07T16:35:05.1207113Z 
2026-10-07T16:35:05.1207748Z SKIP: tests/env_drift.py (scoped out: no changed file is in its measured closure of 180 file(s))
2026-10-07T16:35:05.1208110Z 
2026-10-07T16:35:05.1208482Z SKIP: tests/validate.py (scoped out: no changed file is in its measured closure of 29 file(s))
2026-10-07T16:35:05.1208840Z 
2026-10-07T16:35:05.1209323Z SKIP: tests/edge.py (scoped out: no changed file is in its measured closure of 29 file(s))
2026-10-07T16:35:05.1209675Z 
2026-10-07T16:35:05.1210027Z SKIP: tests/backtest.py (scoped out: no changed file is in its measured closure of 31 file(s))
2026-10-07T16:35:05.1210570Z 
2026-10-07T16:35:05.1210928Z ########## python3 tests/boost_drift_replay.py ##########
2026-10-07T16:35:05.1211331Z 
2026-10-07T16:35:05.1211474Z === #1935 boost drift replay ===
2026-10-07T16:35:05.1211650Z 
2026-10-07T16:35:05.1211773Z -- shared pre-boost prefix
2026-10-07T16:35:05.1212922Z   ok   the arms share exactly the cycles before the first boosting one (no surface acts earlier, so one prefix stands for all three)
2026-10-07T16:35:05.1213632Z 
2026-10-07T16:35:05.1213766Z -- arm null_no_boost
2026-10-07T16:35:05.1214501Z   ok   null_no_boost: the scale converged before the boost days (the corruption scenario needs a converged learner to corrupt)
2026-10-07T16:35:05.1215320Z   ok   null_no_boost: day 5 hh_scale 1.0416 stays within 5% of the pre-boost 1.0414 (#1935)
2026-10-07T16:35:05.1215951Z   ok   null_no_boost: day 6 hh_scale 1.0419 stays within 5% of the pre-boost 1.0414 (#1935)
2026-10-07T16:35:05.1216544Z   ok   null_no_boost: day 7 hh_scale 1.0425 stays within 5% of the pre-boost 1.0414 (#1935)
2026-10-07T16:35:05.1217541Z   ok   null_no_boost: final hh_scale 1.0713 still within the band after the recovery days
2026-10-07T16:35:05.1218030Z 
2026-10-07T16:35:05.1218144Z -- arm channel_boost
2026-10-07T16:35:05.1218729Z   ok   channel_boost: the scale converged before the boost days (the corruption scenario needs a converged learner to corrupt)
2026-10-07T16:35:05.1219479Z   ok   channel_boost: day 5 hh_scale 1.0416 stays within 5% of the pre-boost 1.0414 (#1935)
2026-10-07T16:35:05.1220072Z   ok   channel_boost: day 6 hh_scale 1.0418 stays within 5% of the pre-boost 1.0414 (#1935)
2026-10-07T16:35:05.1220656Z   ok   channel_boost: day 7 hh_scale 1.0418 stays within 5% of the pre-boost 1.0414 (#1935)
2026-10-07T16:35:05.1221247Z   ok   channel_boost: final hh_scale 1.0564 still within the band after the recovery days
2026-10-07T16:35:05.1222056Z   ok   channel_boost: no heat-loss fold on any boost window or settling-tail cycle (the freeze reason suppresses them; unfixed it does not)
2026-10-07T16:35:05.1223572Z   ok   channel_boost: the freeze is scoped to the overlay spans and their tails, not the whole boost usage -- most cycles outside them still fold
2026-10-07T16:35:05.1224568Z   ok   channel_boost: learning resumes once the last tail has passed (the freeze ends with the tail)
2026-10-07T16:35:05.1225256Z 
2026-10-07T16:35:05.1225383Z -- arm mode_boost
2026-10-07T16:35:05.1226061Z   ok   mode_boost: the scale converged before the boost days (the corruption scenario needs a converged learner to corrupt)
2026-10-07T16:35:05.1226967Z   ok   mode_boost: day 5 hh_scale 1.0416 stays within 5% of the pre-boost 1.0414 (#1935)
2026-10-07T16:35:05.1227837Z   ok   mode_boost: day 6 hh_scale 1.0418 stays within 5% of the pre-boost 1.0414 (#1935)
2026-10-07T16:35:05.1228414Z   ok   mode_boost: day 7 hh_scale 1.0418 stays within 5% of the pre-boost 1.0414 (#1935)
2026-10-07T16:35:05.1229008Z   ok   mode_boost: final hh_scale 1.0564 still within the band after the recovery days
2026-10-07T16:35:05.1229781Z   ok   mode_boost: no heat-loss fold on any boost window or settling-tail cycle (the freeze reason suppresses them; unfixed it does not)
2026-10-07T16:35:05.1230734Z   ok   mode_boost: the freeze is scoped to the overlay spans and their tails, not the whole boost usage -- most cycles outside them still fold
2026-10-07T16:35:05.1231549Z   ok   mode_boost: learning resumes once the last tail has passed (the freeze ends with the tail)
2026-10-07T16:35:05.1231919Z 
2026-10-07T16:35:05.1232027Z -- accuracy record
2026-10-07T16:35:05.1232467Z   ok   boost intervals are tagged on the sample (3 windows x 2 h x 2 days settled one cycle later)
2026-10-07T16:35:05.1233419Z   ok   the plan-based prediction is suppressed on every tagged interval -- the channel surface now matches the global-mode gate
2026-10-07T16:35:05.1234215Z   ok   untagged intervals still carry their prediction (the record itself is not switched off)
2026-10-07T16:35:05.1234858Z   ok   the tag survives the store round trip, both ways
2026-10-07T16:35:05.1235264Z 
2026-10-07T16:35:05.1235457Z -- freeze reason units
2026-10-07T16:35:05.1235955Z   ok   a clean coordinator reports no freeze reason
2026-10-07T16:35:05.1236342Z   ok   a live space overlay freezes learning (#1935)
2026-10-07T16:35:05.1237541Z   ok   the prediction is suppressed while the overlay is live, with the mode still auto (the channel surface matches the mode gate)
2026-10-07T16:35:05.1238985Z   ok   ventilation still outranks the boost reason, so the heat-loss learner's pass-through keeps feeding the window CUSUM
2026-10-07T16:35:05.1240054Z   ok   the settling tail freezes learning after the overlay ends, and a DHW-only overlay does not (the freeze is scoped to space heat)
2026-10-07T16:35:05.1240678Z   ok   past the tail, learning resumes
2026-10-07T16:35:05.1241067Z   ok   cancelling a live space overlay starts the settling tail
2026-10-07T16:35:05.1241589Z   ok   cancelling a DHW overlay starts none (the freeze is scoped to space heat)
2026-10-07T16:35:05.1242155Z   ok   an overlay ending exactly now did not govern the closing interval (no tag)
2026-10-07T16:35:05.1242779Z   ok   an overlay beginning exactly now governs only the NEXT interval (no tag on the closing one)
2026-10-07T16:35:05.1243349Z   ok   an overlay that began mid-interval tags the closing interval
2026-10-07T16:35:05.1244014Z   ok   a plan whose total draw sits exactly at the apportionment floor books the whole metered draw to space (share 1.0)
2026-10-07T16:35:05.1244664Z   ok   the global boost mode freezes learning through the same reason
2026-10-07T16:35:05.1245342Z   ok   re-selecting boost while already in it starts no second tail (the tail is owed to LEAVING boost, not to being in it)
2026-10-07T16:35:05.1246051Z   ok   leaving boost mode starts the settling tail (same mechanism, same owed tail)
2026-10-07T16:35:05.1246630Z   ok   leaving a non-boost mode starts no tail (comfort->auto never freezes learning)
2026-10-07T16:35:05.1247217Z 
2026-10-07T16:35:05.1247583Z -- ventilation pass-through
2026-10-07T16:35:05.1248381Z   ok   vent tripped + overlay live: the learner reports the ventilation reason and stays folded (no scale move)
2026-10-07T16:35:05.1249161Z   ok   the CUSUM was fed on that pass-through interval (the detector keeps its feed through a boost window)
2026-10-07T16:35:05.1249569Z 
2026-10-07T16:35:05.1249802Z ALL 44 BOOST DRIFT CHECKS PASSED
2026-10-07T16:35:05.1250118Z 
2026-10-07T16:35:05.1250807Z SKIP: tests/optimality.py (scoped out: no changed file is in its measured closure of 31 file(s))
2026-10-07T16:35:05.1251313Z 
2026-10-07T16:35:05.1251697Z SKIP: tests/rolling.py (set SLOW=1 to include the closed-loop simulation)
2026-10-07T16:35:05.1252095Z 
2026-10-07T16:35:05.1252550Z SKIP: tests/plan_view.py (scoped out: no changed file is in its measured closure of 78 file(s))
2026-10-07T16:35:05.1252927Z 
2026-10-07T16:35:05.1253298Z SKIP: tests/frontend.py (scoped out: no changed file is in its measured closure of 6 file(s))
2026-10-07T16:35:05.1253658Z 
2026-10-07T16:35:05.1253998Z SKIP: tests/card.mjs (scoped out: no changed file is in its measured closure of 84 file(s))
2026-10-07T16:35:05.1254339Z 
2026-10-07T16:35:05.1254613Z SKIP: tests/setup_qa_render.mjs (scoped out: not in the scoped run set)
2026-10-07T16:35:05.1254905Z 
2026-10-07T16:35:05.1255271Z SKIP: tests/card_drift.mjs (scoped out: no changed file is in its measured closure of 89 file(s))
2026-10-07T16:35:05.1255638Z 
2026-10-07T16:35:05.1260645Z SKIP: tests/stress.py (scoped out: no changed file is in its measured closure of 35 file(s))
2026-10-07T16:35:05.1261833Z 
2026-10-07T16:35:05.1262106Z ########## wall clock ##########
2026-10-07T16:35:05.1263470Z        0s  python3 tests/env_drift.py --claims-only e0f0b6fb397bf42a3cd379e0c74f1f295eeebdaf
2026-10-07T16:35:05.1264571Z        1s  python3 tests/closure.py selftest
2026-10-07T16:35:05.1266211Z      191s  python3 tests/harness_headers.py
2026-10-07T16:35:05.1266776Z        5s  python3 tests/layout.py
2026-10-07T16:35:05.1268373Z     1534s  python3 tests/boost_drift_replay.py
2026-10-07T16:35:05.1284041Z     1535s  TOTAL (3 lane(s))
2026-10-07T16:35:05.1284426Z 
2026-10-07T16:35:05.1284937Z ########## NOT RUN: scoped out of this gate ##########
2026-10-07T16:35:05.2143615Z   tests/arch_score.py      did NOT run -- no changed file is in its measured closure (closure: 108 files)
2026-10-07T16:35:05.2145732Z   tests/arch_score_head.py did NOT run -- no changed file is in its measured closure (closure: 109 files)
2026-10-07T16:35:05.2146883Z   tests/backtest.py        did NOT run -- no changed file is in its measured closure (closure: 31 files)
2026-10-07T16:35:05.2148413Z   tests/block_duty.py      did NOT run -- no changed file is in its measured closure (closure: 82 files)
2026-10-07T16:35:05.2149491Z   tests/card.mjs           did NOT run -- no changed file is in its measured closure (closure: 84 files)
2026-10-07T16:35:05.2150604Z   tests/card_drift.mjs     did NOT run -- no changed file is in its measured closure (closure: 89 files)
2026-10-07T16:35:05.2151686Z   tests/config_flow_steps.py did NOT run -- no changed file is in its measured closure (closure: 114 files)
2026-10-07T16:35:05.2152790Z   tests/deployment_shape.py did NOT run -- no changed file is in its measured closure (closure: 112 files)
2026-10-07T16:35:05.2154592Z   tests/doc_claims.py      did NOT run -- no changed file is in its measured closure (closure: 141 files)
2026-10-07T16:35:05.2156092Z   tests/edge.py            did NOT run -- no changed file is in its measured closure (closure: 29 files)
2026-10-07T16:35:05.2157100Z   tests/entities.py        did NOT run -- no changed file is in its measured closure (closure: 226 files)
2026-10-07T16:35:05.2158262Z   tests/env_drift.py       did NOT run -- no changed file is in its measured closure (closure: 180 files)
2026-10-07T16:35:05.2159283Z   tests/features.py        did NOT run -- no changed file is in its measured closure (closure: 127 files)
2026-10-07T16:35:05.2160330Z   tests/finite_boundary.py did NOT run -- no changed file is in its measured closure (closure: 103 files)
2026-10-07T16:35:05.2161206Z   tests/frontend.py        did NOT run -- no changed file is in its measured closure (closure: 6 files)
2026-10-07T16:35:05.2161980Z   tests/golden.py          did NOT run -- no changed file is in its measured closure (closure: 182 files)
2026-10-07T16:35:05.2162801Z   tests/guard_pins.py      did NOT run -- no changed file is in its measured closure (closure: 59 files)
2026-10-07T16:35:05.2163591Z   tests/ha_contract.py     did NOT run -- no changed file is in its measured closure (closure: 34 files)
2026-10-07T16:35:05.2164400Z   tests/manual_plan.py     did NOT run -- no changed file is in its measured closure (closure: 94 files)
2026-10-07T16:35:05.2165202Z   tests/md_tables.mjs      did NOT run -- no changed file is in its measured closure (closure: 10 files)
2026-10-07T16:35:05.2165992Z   tests/open_meteo.py      did NOT run -- no changed file is in its measured closure (closure: 3 files)
2026-10-07T16:35:05.2166783Z   tests/optimality.py      did NOT run -- no changed file is in its measured closure (closure: 31 files)
2026-10-07T16:35:05.2167697Z   tests/plan_view.py       did NOT run -- no changed file is in its measured closure (closure: 78 files)
2026-10-07T16:35:05.2168494Z   tests/solar_alignment.py did NOT run -- no changed file is in its measured closure (closure: 79 files)
2026-10-07T16:35:05.2169295Z   tests/stress.py          did NOT run -- no changed file is in its measured closure (closure: 35 files)
2026-10-07T16:35:05.2170070Z   tests/structure.py       did NOT run -- no changed file is in its measured closure (closure: 74 files)
2026-10-07T16:35:05.2170822Z   tests/typing_ruler.py    did NOT run -- no changed file is in its measured closure (closure: 74 files)
2026-10-07T16:35:05.2171688Z   tests/validate.py        did NOT run -- no changed file is in its measured closure (closure: 29 files)
2026-10-07T16:35:05.2172384Z   tests/wood_advisor.py    did NOT run -- no changed file is in its measured closure (closure: 82 files)
2026-10-07T16:35:05.2173016Z   tests/harness_headers.py ran anyway -- run_always, so no scope skips it
2026-10-07T16:35:05.2173550Z   tests/layout.py          ran anyway -- run_always, so no scope skips it
2026-10-07T16:35:05.2265964Z 
2026-10-07T16:35:05.2266544Z   Each line above is a claim that no file changed by this branch is in
2026-10-07T16:35:05.2267814Z   that script's MEASURED closure (tests/closures.json, recorded by
2026-10-07T16:35:05.2268374Z   tests/derive_closures.sh from real instrumented runs). The claim is
2026-10-07T16:35:05.2268954Z   re-checked in full: every push to main runs this suite unscoped, so
2026-10-07T16:35:05.2269526Z   a closure that is wrong turns main red within one gate.
2026-10-07T16:35:05.2270121Z   Run everything here and now with: GATE_SCOPE=full ./tests/run.sh
2026-10-07T16:35:05.2270475Z 
2026-10-07T16:35:05.2270680Z 5 TEST SCRIPT(S) PASSED; 29 SCOPED OUT AND NOT RUN
2026-10-07T16:35:05.2271136Z (see the NOT RUN block above -- this is not a full gate)
2026-10-07T16:35:05.2428800Z Post job cleanup.
2026-10-07T16:35:05.3864938Z [warning]Path Validation Error: Path(s) specified in the action for caching do(es) not exist, hence no cache is being saved.
2026-10-07T16:35:05.4064420Z Post job cleanup.
2026-10-07T16:35:05.5521678Z (node:3664) [DEP0040] DeprecationWarning: The `punycode` module is deprecated. Please use a userland alternative instead.
2026-10-07T16:35:05.5523190Z (Use `node --trace-deprecation ...` to show where the warning was created)
2026-10-07T16:35:05.5706458Z Post job cleanup.
2026-10-07T16:35:05.7168800Z Post job cleanup.
2026-10-07T16:35:05.8077705Z [command]/usr/bin/git version
2026-10-07T16:35:05.8125059Z git version 2.55.0
2026-10-07T16:35:05.8165311Z Temporarily overriding HOME='/home/runner/work/_temp/4cbfb34a-107d-43d3-943b-3ab45e734ce3' before making global git config changes
2026-10-07T16:35:05.8166930Z Adding repository directory to the temporary git global config as a safe directory
2026-10-07T16:35:05.8171276Z [command]/usr/bin/git config --global --add safe.directory /home/runner/work/heatpump_optimizer/heatpump_optimizer
2026-10-07T16:35:05.8216590Z [command]/usr/bin/git config --local --name-only --get-regexp core\.sshCommand
2026-10-07T16:35:05.8254411Z [command]/usr/bin/git submodule foreach --recursive sh -c "git config --local --name-only --get-regexp 'core\.sshCommand' && git config --local --unset-all 'core.sshCommand' || :"
2026-10-07T16:35:05.8524255Z [command]/usr/bin/git config --local --name-only --get-regexp http\.https\:\/\/github\.com\/\.extraheader
2026-10-07T16:35:05.8552939Z http.https://github.com/.extraheader
2026-10-07T16:35:05.8567133Z [command]/usr/bin/git config --local --unset-all http.https://github.com/.extraheader
2026-10-07T16:35:05.8621827Z [command]/usr/bin/git submodule foreach --recursive sh -c "git config --local --name-only --get-regexp 'http\.https\:\/\/github\.com\/\.extraheader' && git config --local --unset-all 'http.https://github.com/.extraheader' || :"
2026-10-07T16:35:05.8956220Z [command]/usr/bin/git config --local --name-only --get-regexp ^includeIf\.gitdir:
2026-10-07T16:35:05.9053178Z [command]/usr/bin/git submodule foreach --recursive git config --local --show-origin --name-only --get-regexp remote.origin.url
2026-10-07T16:35:05.9510594Z Cleaning up orphan processes
