2026-10-07T11:42:51.9105501Z Current runner version: '2.337.0'
2026-10-07T11:42:51.9123888Z ##[group]Runner Image Provisioner
2026-10-07T11:42:51.9124438Z Hosted Compute Agent
2026-10-07T11:42:51.9124949Z Version: 20260901.588
2026-10-07T11:42:51.9125338Z Commit: f88ec8081b781fac6c440065ac7ff9e710ce3d0b
2026-10-07T11:42:51.9125815Z Build Date: 2026-09-01T19:56:44Z
2026-10-07T11:42:51.9126243Z Worker ID: {c1fae649-d524-4e59-aa89-381770679363}
2026-10-07T11:42:51.9126681Z Azure Region: centralus
2026-10-07T11:42:51.9127133Z ##[endgroup]
2026-10-07T11:42:51.9127906Z ##[group]Operating System
2026-10-07T11:42:51.9128379Z Ubuntu
2026-10-07T11:42:51.9128788Z 24.04.5
2026-10-07T11:42:51.9129109Z LTS
2026-10-07T11:42:51.9129517Z ##[endgroup]
2026-10-07T11:42:51.9129857Z ##[group]Runner Image
2026-10-07T11:42:51.9130221Z Image: ubuntu-24.04
2026-10-07T11:42:51.9130616Z Version: 20260927.320.1
2026-10-07T11:42:51.9131536Z Included Software: https://github.com/actions/runner-images/blob/ubuntu24/20260927.320/images/ubuntu/Ubuntu2404-Readme.md
2026-10-07T11:42:51.9132549Z Image Release: https://github.com/actions/runner-images/releases/tag/ubuntu24%2F20260927.320
2026-10-07T11:42:51.9133111Z ##[endgroup]
2026-10-07T11:42:51.9133842Z ##[group]GITHUB_TOKEN Permissions
2026-10-07T11:42:51.9135213Z Contents: read
2026-10-07T11:42:51.9135614Z Metadata: read
2026-10-07T11:42:51.9135957Z ##[endgroup]
2026-10-07T11:42:51.9137363Z Secret source: Actions
2026-10-07T11:42:51.9137913Z Cache mode: write
2026-10-07T11:42:51.9138449Z Prepare workflow directory
2026-10-07T11:42:51.9466576Z Prepare all required actions
2026-10-07T11:42:51.9498790Z Getting action download info
2026-10-07T11:42:52.1983710Z Download action repository 'actions/checkout@fbc6f3992d24b796d5a048ff273f7fcc4a7b6c09' (SHA:fbc6f3992d24b796d5a048ff273f7fcc4a7b6c09)
2026-10-07T11:42:52.3946799Z Download action repository 'actions/setup-node@a0853c24544627f65ddf259abe73b1d18a591444' (SHA:a0853c24544627f65ddf259abe73b1d18a591444)
2026-10-07T11:42:52.7263035Z Complete job name: instrument-self-tests
2026-10-07T11:42:52.8019168Z ##[group]Run actions/checkout@fbc6f3992d24b796d5a048ff273f7fcc4a7b6c09
2026-10-07T11:42:52.8019701Z with:
2026-10-07T11:42:52.8019936Z   fetch-depth: 0
2026-10-07T11:42:52.8020180Z   fetch-tags: true
2026-10-07T11:42:52.8020439Z   repository: tvofi/heatpump_optimizer
2026-10-07T11:42:52.8022544Z   token: ***
2026-10-07T11:42:52.8022781Z   ssh-strict: true
2026-10-07T11:42:52.8023022Z   ssh-user: git
2026-10-07T11:42:52.8023269Z   persist-credentials: true
2026-10-07T11:42:52.8023541Z   clean: true
2026-10-07T11:42:52.8023791Z   sparse-checkout-cone-mode: true
2026-10-07T11:42:52.8024079Z   show-progress: true
2026-10-07T11:42:52.8024325Z   lfs: false
2026-10-07T11:42:52.8024554Z   submodules: false
2026-10-07T11:42:52.8024807Z   set-safe-directory: true
2026-10-07T11:42:52.8025085Z   allow-unsafe-pr-checkout: false
2026-10-07T11:42:52.8025444Z env:
2026-10-07T11:42:52.8025667Z   HPO_JOB_GRADES: nothing
2026-10-07T11:42:52.8025926Z ##[endgroup]
2026-10-07T11:42:52.8727969Z Syncing repository: tvofi/heatpump_optimizer
2026-10-07T11:42:52.8729488Z ##[group]Getting Git version info
2026-10-07T11:42:52.8730167Z Working directory is '/home/runner/work/heatpump_optimizer/heatpump_optimizer'
2026-10-07T11:42:52.8731150Z [command]/usr/bin/git version
2026-10-07T11:42:52.8764188Z git version 2.55.0
2026-10-07T11:42:52.8784602Z ##[endgroup]
2026-10-07T11:42:52.8792980Z Temporarily overriding HOME='/home/runner/work/_temp/781ee2b3-923a-4ec1-9faa-d8ef88db0078' before making global git config changes
2026-10-07T11:42:52.8794595Z Adding repository directory to the temporary git global config as a safe directory
2026-10-07T11:42:52.8797928Z [command]/usr/bin/git config --global --add safe.directory /home/runner/work/heatpump_optimizer/heatpump_optimizer
2026-10-07T11:42:52.9764481Z Deleting the contents of '/home/runner/work/heatpump_optimizer/heatpump_optimizer'
2026-10-07T11:42:52.9770274Z ##[group]Initializing the repository
2026-10-07T11:42:52.9772131Z [command]/usr/bin/git init /home/runner/work/heatpump_optimizer/heatpump_optimizer
2026-10-07T11:42:53.0261842Z hint: Using 'master' as the name for the initial branch. This default branch name
2026-10-07T11:42:53.0262919Z hint: will change to "main" in Git 3.0. To configure the initial branch name
2026-10-07T11:42:53.0263818Z hint: to use in all of your new repositories, which will suppress this warning,
2026-10-07T11:42:53.0264579Z hint: call:
2026-10-07T11:42:53.0264905Z hint:
2026-10-07T11:42:53.0265323Z hint: 	git config --global init.defaultBranch <name>
2026-10-07T11:42:53.0265853Z hint:
2026-10-07T11:42:53.0266311Z hint: Names commonly chosen instead of 'master' are 'main', 'trunk' and
2026-10-07T11:42:53.0266887Z hint: 'development'. The just-created branch can be renamed via this command:
2026-10-07T11:42:53.0267537Z hint:
2026-10-07T11:42:53.0267896Z hint: 	git branch -m <name>
2026-10-07T11:42:53.0268198Z hint:
2026-10-07T11:42:53.0268650Z hint: Disable this message with "git config set advice.defaultBranchName false"
2026-10-07T11:42:53.0269457Z Initialized empty Git repository in /home/runner/work/heatpump_optimizer/heatpump_optimizer/.git/
2026-10-07T11:42:53.0273763Z [command]/usr/bin/git remote add origin https://github.com/tvofi/heatpump_optimizer
2026-10-07T11:42:53.0358977Z ##[endgroup]
2026-10-07T11:42:53.0362964Z ##[group]Disabling automatic garbage collection
2026-10-07T11:42:53.0363474Z [command]/usr/bin/git config --local gc.auto 0
2026-10-07T11:42:53.0538057Z ##[endgroup]
2026-10-07T11:42:53.0538575Z ##[group]Setting up auth
2026-10-07T11:42:53.0539103Z [command]/usr/bin/git config --local --name-only --get-regexp core\.sshCommand
2026-10-07T11:42:53.0540549Z [command]/usr/bin/git submodule foreach --recursive sh -c "git config --local --name-only --get-regexp 'core\.sshCommand' && git config --local --unset-all 'core.sshCommand' || :"
2026-10-07T11:42:53.0810360Z [command]/usr/bin/git config --local --name-only --get-regexp http\.https\:\/\/github\.com\/\.extraheader
2026-10-07T11:42:53.0841853Z [command]/usr/bin/git submodule foreach --recursive sh -c "git config --local --name-only --get-regexp 'http\.https\:\/\/github\.com\/\.extraheader' && git config --local --unset-all 'http.https://github.com/.extraheader' || :"
2026-10-07T11:42:53.1040428Z [command]/usr/bin/git config --local --name-only --get-regexp ^includeIf\.gitdir:
2026-10-07T11:42:53.1072307Z [command]/usr/bin/git submodule foreach --recursive git config --local --show-origin --name-only --get-regexp remote.origin.url
2026-10-07T11:42:53.1257174Z [command]/usr/bin/git config --local http.https://github.com/.extraheader AUTHORIZATION: basic ***
2026-10-07T11:42:53.2045246Z ##[endgroup]
2026-10-07T11:42:53.2045997Z ##[group]Fetching the repository
2026-10-07T11:42:53.2054694Z [command]/usr/bin/git -c protocol.version=2 fetch --prune --no-recurse-submodules origin +refs/heads/*:refs/remotes/origin/* +refs/tags/*:refs/tags/* +a90868ba0324df43f0ed3ffb615a3bd8a585ef1e:refs/remotes/pull/2015/merge
2026-10-07T11:42:59.1874270Z From https://github.com/tvofi/heatpump_optimizer
2026-10-07T11:42:59.1875226Z  * [new branch]        bus/approvals           -> origin/bus/approvals
2026-10-07T11:42:59.1876106Z  * [new branch]        cursor/r9-eg-entry-config-9aac -> origin/cursor/r9-eg-entry-config-9aac
2026-10-07T11:42:59.1877111Z  * [new branch]        cursor/r9-sw-1-resume-826f -> origin/cursor/r9-sw-1-resume-826f
2026-10-07T11:42:59.1878115Z  * [new branch]        cursor/r9-sw-2-actuation-6d19 -> origin/cursor/r9-sw-2-actuation-6d19
2026-10-07T11:42:59.1879078Z  * [new branch]        fix/r9-dbg-1            -> origin/fix/r9-dbg-1
2026-10-07T11:42:59.1879890Z  * [new branch]        fix/r9-eg-b7-harness    -> origin/fix/r9-eg-b7-harness
2026-10-07T11:42:59.1880489Z  * [new branch]        fix/r9-rca-1985         -> origin/fix/r9-rca-1985
2026-10-07T11:42:59.1881003Z  * [new branch]        fix/r9-rca-1990         -> origin/fix/r9-rca-1990
2026-10-07T11:42:59.1881657Z  * [new branch]        fix/r9-rca-2004         -> origin/fix/r9-rca-2004
2026-10-07T11:42:59.1882279Z  * [new branch]        fix/r9-record-path      -> origin/fix/r9-record-path
2026-10-07T11:42:59.1883033Z  * [new branch]        fix/r9-ro-8             -> origin/fix/r9-ro-8
2026-10-07T11:42:59.1883522Z  * [new branch]        fix/r9-sw-5             -> origin/fix/r9-sw-5
2026-10-07T11:42:59.1884033Z  * [new branch]        fix/r9-sw-actuation     -> origin/fix/r9-sw-actuation
2026-10-07T11:42:59.1884609Z  * [new branch]        fix/r9-ux-actions       -> origin/fix/r9-ux-actions
2026-10-07T11:42:59.1885451Z  * [new branch]        handoff-body/r9-dbg-1   -> origin/handoff-body/r9-dbg-1
2026-10-07T11:42:59.1886049Z  * [new branch]        handoff-body/r9-eg-b7-harness -> origin/handoff-body/r9-eg-b7-harness
2026-10-07T11:42:59.1886765Z  * [new branch]        handoff-body/r9-eg-coordinator-seams -> origin/handoff-body/r9-eg-coordinator-seams
2026-10-07T11:42:59.1887469Z  * [new branch]        handoff-body/r9-eg-entry-config -> origin/handoff-body/r9-eg-entry-config
2026-10-07T11:42:59.1888346Z  * [new branch]        handoff-body/r9-eg-solve-inputs -> origin/handoff-body/r9-eg-solve-inputs
2026-10-07T11:42:59.1889216Z  * [new branch]        handoff-body/r9-prepr-selftest -> origin/handoff-body/r9-prepr-selftest
2026-10-07T11:42:59.1889836Z  * [new branch]        handoff-body/r9-rca-1985 -> origin/handoff-body/r9-rca-1985
2026-10-07T11:42:59.1890414Z  * [new branch]        handoff-body/r9-rca-1990 -> origin/handoff-body/r9-rca-1990
2026-10-07T11:42:59.1891003Z  * [new branch]        handoff-body/r9-rca-2004 -> origin/handoff-body/r9-rca-2004
2026-10-07T11:42:59.1891841Z  * [new branch]        handoff-body/r9-rca-stress-recording -> origin/handoff-body/r9-rca-stress-recording
2026-10-07T11:42:59.1892585Z  * [new branch]        handoff-body/r9-record-path -> origin/handoff-body/r9-record-path
2026-10-07T11:42:59.1893271Z  * [new branch]        handoff-body/r9-ro-8    -> origin/handoff-body/r9-ro-8
2026-10-07T11:42:59.1893859Z  * [new branch]        handoff-body/r9-sw-5    -> origin/handoff-body/r9-sw-5
2026-10-07T11:42:59.1894978Z  * [new branch]        handoff-body/r9-sw-actuation -> origin/handoff-body/r9-sw-actuation
2026-10-07T11:42:59.1896047Z  * [new branch]        handoff-body/r9-sw6     -> origin/handoff-body/r9-sw6
2026-10-07T11:42:59.1897160Z  * [new branch]        handoff-body/r9-ux-actions -> origin/handoff-body/r9-ux-actions
2026-10-07T11:42:59.1897882Z  * [new branch]        handoff/audit-r9-alt    -> origin/handoff/audit-r9-alt
2026-10-07T11:42:59.1899027Z  * [new branch]        handoff/audit-r9-evidence -> origin/handoff/audit-r9-evidence
2026-10-07T11:42:59.1899724Z  * [new branch]        handoff/audit-r9-find-B1 -> origin/handoff/audit-r9-find-B1
2026-10-07T11:42:59.1900300Z  * [new branch]        handoff/audit-r9-find-B10 -> origin/handoff/audit-r9-find-B10
2026-10-07T11:42:59.1901065Z  * [new branch]        handoff/audit-r9-find-B2 -> origin/handoff/audit-r9-find-B2
2026-10-07T11:42:59.1902018Z  * [new branch]        handoff/audit-r9-find-B3 -> origin/handoff/audit-r9-find-B3
2026-10-07T11:42:59.1902655Z  * [new branch]        handoff/audit-r9-find-B4 -> origin/handoff/audit-r9-find-B4
2026-10-07T11:42:59.1903227Z  * [new branch]        handoff/audit-r9-find-B5 -> origin/handoff/audit-r9-find-B5
2026-10-07T11:42:59.1903781Z  * [new branch]        handoff/audit-r9-find-B6 -> origin/handoff/audit-r9-find-B6
2026-10-07T11:42:59.1904340Z  * [new branch]        handoff/audit-r9-find-B7 -> origin/handoff/audit-r9-find-B7
2026-10-07T11:42:59.1904896Z  * [new branch]        handoff/audit-r9-find-B8 -> origin/handoff/audit-r9-find-B8
2026-10-07T11:42:59.1905452Z  * [new branch]        handoff/audit-r9-find-B9 -> origin/handoff/audit-r9-find-B9
2026-10-07T11:42:59.1906013Z  * [new branch]        handoff/audit-r9-fixplan -> origin/handoff/audit-r9-fixplan
2026-10-07T11:42:59.1906590Z  * [new branch]        handoff/audit-r9-issues -> origin/handoff/audit-r9-issues
2026-10-07T11:42:59.1907139Z  * [new branch]        handoff/audit-r9-judge  -> origin/handoff/audit-r9-judge
2026-10-07T11:42:59.1907703Z  * [new branch]        handoff/audit-r9-leads  -> origin/handoff/audit-r9-leads
2026-10-07T11:42:59.1908511Z  * [new branch]        handoff/audit-r9-leads-l2 -> origin/handoff/audit-r9-leads-l2
2026-10-07T11:42:59.1909090Z  * [new branch]        handoff/audit-r9-leads-l3 -> origin/handoff/audit-r9-leads-l3
2026-10-07T11:42:59.1909661Z  * [new branch]        handoff/audit-r9-leads-l4 -> origin/handoff/audit-r9-leads-l4
2026-10-07T11:42:59.1910241Z  * [new branch]        handoff/audit-r9-leads-lc -> origin/handoff/audit-r9-leads-lc
2026-10-07T11:42:59.1910802Z  * [new branch]        handoff/audit-r9-plan   -> origin/handoff/audit-r9-plan
2026-10-07T11:42:59.1911516Z  * [new branch]        handoff/audit-r9-register -> origin/handoff/audit-r9-register
2026-10-07T11:42:59.1912094Z  * [new branch]        handoff/audit-r9-runner-1 -> origin/handoff/audit-r9-runner-1
2026-10-07T11:42:59.1912665Z  * [new branch]        handoff/audit-r9-sweep-s1 -> origin/handoff/audit-r9-sweep-s1
2026-10-07T11:42:59.1913245Z  * [new branch]        handoff/audit-r9-sweep-s2 -> origin/handoff/audit-r9-sweep-s2
2026-10-07T11:42:59.1913823Z  * [new branch]        handoff/audit-r9-sweep-s3 -> origin/handoff/audit-r9-sweep-s3
2026-10-07T11:42:59.1914398Z  * [new branch]        handoff/audit-r9-sweep-s4 -> origin/handoff/audit-r9-sweep-s4
2026-10-07T11:42:59.1914970Z  * [new branch]        handoff/audit-r9-sweep-s5 -> origin/handoff/audit-r9-sweep-s5
2026-10-07T11:42:59.1915544Z  * [new branch]        handoff/audit-r9-sweep-s6 -> origin/handoff/audit-r9-sweep-s6
2026-10-07T11:42:59.1916116Z  * [new branch]        handoff/audit-r9-sweep-s7 -> origin/handoff/audit-r9-sweep-s7
2026-10-07T11:42:59.1916725Z  * [new branch]        handoff/audit-r9-verify-g1-v1 -> origin/handoff/audit-r9-verify-g1-v1
2026-10-07T11:42:59.1917358Z  * [new branch]        handoff/audit-r9-verify-g1-v2 -> origin/handoff/audit-r9-verify-g1-v2
2026-10-07T11:42:59.1917987Z  * [new branch]        handoff/audit-r9-verify-g1-v3 -> origin/handoff/audit-r9-verify-g1-v3
2026-10-07T11:42:59.1918809Z  * [new branch]        handoff/audit-r9-verify-g2-v1 -> origin/handoff/audit-r9-verify-g2-v1
2026-10-07T11:42:59.1919441Z  * [new branch]        handoff/audit-r9-verify-g2-v2 -> origin/handoff/audit-r9-verify-g2-v2
2026-10-07T11:42:59.1920070Z  * [new branch]        handoff/audit-r9-verify-g2-v3 -> origin/handoff/audit-r9-verify-g2-v3
2026-10-07T11:42:59.1920698Z  * [new branch]        handoff/audit-r9-verify-g3-v1 -> origin/handoff/audit-r9-verify-g3-v1
2026-10-07T11:42:59.1921452Z  * [new branch]        handoff/audit-r9-verify-g3-v2 -> origin/handoff/audit-r9-verify-g3-v2
2026-10-07T11:42:59.1922079Z  * [new branch]        handoff/audit-r9-verify-g3-v3 -> origin/handoff/audit-r9-verify-g3-v3
2026-10-07T11:42:59.1922709Z  * [new branch]        handoff/audit-r9-verify-g4-v1 -> origin/handoff/audit-r9-verify-g4-v1
2026-10-07T11:42:59.1923334Z  * [new branch]        handoff/audit-r9-verify-g4-v2 -> origin/handoff/audit-r9-verify-g4-v2
2026-10-07T11:42:59.1923964Z  * [new branch]        handoff/audit-r9-verify-g4-v3 -> origin/handoff/audit-r9-verify-g4-v3
2026-10-07T11:42:59.1924528Z  * [new branch]        handoff/r9-dbg-0        -> origin/handoff/r9-dbg-0
2026-10-07T11:42:59.1925021Z  * [new branch]        handoff/r9-dbg-1        -> origin/handoff/r9-dbg-1
2026-10-07T11:42:59.1925512Z  * [new branch]        handoff/r9-dbg-3        -> origin/handoff/r9-dbg-3
2026-10-07T11:42:59.1926005Z  * [new branch]        handoff/r9-diag-1       -> origin/handoff/r9-diag-1
2026-10-07T11:42:59.1926516Z  * [new branch]        handoff/r9-diag-2s      -> origin/handoff/r9-diag-2s
2026-10-07T11:42:59.1927040Z  * [new branch]        handoff/r9-eg-archscore -> origin/handoff/r9-eg-archscore
2026-10-07T11:42:59.1927555Z  * [new branch]        handoff/r9-eg-b0        -> origin/handoff/r9-eg-b0
2026-10-07T11:42:59.1928084Z  * [new branch]        handoff/r9-eg-b7-harness -> origin/handoff/r9-eg-b7-harness
2026-10-07T11:42:59.1928748Z  * [new branch]        handoff/r9-eg-collaborator-interfaces -> origin/handoff/r9-eg-collaborator-interfaces
2026-10-07T11:42:59.1929473Z  * [new branch]        handoff/r9-eg-coordinator-seams -> origin/handoff/r9-eg-coordinator-seams
2026-10-07T11:42:59.1930263Z  * [new branch]        handoff/r9-eg-dhw-closure-dedupe-v2 -> origin/handoff/r9-eg-dhw-closure-dedupe-v2
2026-10-07T11:42:59.1930911Z  * [new branch]        handoff/r9-eg-dhw-planner -> origin/handoff/r9-eg-dhw-planner
2026-10-07T11:42:59.1931703Z  * [new branch]        handoff/r9-eg-entry-config -> origin/handoff/r9-eg-entry-config
2026-10-07T11:42:59.1932270Z  * [new branch]        handoff/r9-eg-one-copy  -> origin/handoff/r9-eg-one-copy
2026-10-07T11:42:59.1932876Z  * [new branch]        handoff/r9-eg-param-objects -> origin/handoff/r9-eg-param-objects
2026-10-07T11:42:59.1933470Z  * [new branch]        handoff/r9-eg-register-fold -> origin/handoff/r9-eg-register-fold
2026-10-07T11:42:59.1934058Z  * [new branch]        handoff/r9-eg-solve-inputs -> origin/handoff/r9-eg-solve-inputs
2026-10-07T11:42:59.1934749Z  * [new branch]        handoff/r9-eg-store-version -> origin/handoff/r9-eg-store-version
2026-10-07T11:42:59.1935390Z  * [new branch]        handoff/r9-eg-surface-identity -> origin/handoff/r9-eg-surface-identity
2026-10-07T11:42:59.1936016Z  * [new branch]        handoff/r9-eg-typed-payload -> origin/handoff/r9-eg-typed-payload
2026-10-07T11:42:59.1936633Z  * [new branch]        handoff/r9-eg-typed-payload-b -> origin/handoff/r9-eg-typed-payload-b
2026-10-07T11:42:59.1937256Z  * [new branch]        handoff/r9-f1-coordinator-10 -> origin/handoff/r9-f1-coordinator-10
2026-10-07T11:42:59.1937858Z  * [new branch]        handoff/r9-f1-coordinator-2 -> origin/handoff/r9-f1-coordinator-2
2026-10-07T11:42:59.1938451Z  * [new branch]        handoff/r9-f1-coordinator-3 -> origin/handoff/r9-f1-coordinator-3
2026-10-07T11:42:59.1939068Z  * [new branch]        handoff/r9-f1-coordinator-4 -> origin/handoff/r9-f1-coordinator-4
2026-10-07T11:42:59.1939657Z  * [new branch]        handoff/r9-f1-coordinator-5 -> origin/handoff/r9-f1-coordinator-5
2026-10-07T11:42:59.1940340Z  * [new branch]        handoff/r9-f1-coordinator-7 -> origin/handoff/r9-f1-coordinator-7
2026-10-07T11:42:59.1940998Z  * [new branch]        handoff/r9-f1-coordinator-7-review -> origin/handoff/r9-f1-coordinator-7-review
2026-10-07T11:42:59.1941747Z  * [new branch]        handoff/r9-f10-12       -> origin/handoff/r9-f10-12
2026-10-07T11:42:59.1942242Z  * [new branch]        handoff/r9-f10-13       -> origin/handoff/r9-f10-13
2026-10-07T11:42:59.1942736Z  * [new branch]        handoff/r9-f10-14       -> origin/handoff/r9-f10-14
2026-10-07T11:42:59.1943301Z  * [new branch]        handoff/r9-f10-15       -> origin/handoff/r9-f10-15
2026-10-07T11:42:59.1943872Z  * [new branch]        handoff/r9-f10-16       -> origin/handoff/r9-f10-16
2026-10-07T11:42:59.1944420Z  * [new branch]        handoff/r9-f10-ci-efficiency -> origin/handoff/r9-f10-ci-efficiency
2026-10-07T11:42:59.1945084Z  * [new branch]        handoff/r9-f10-claims-baseline-rca -> origin/handoff/r9-f10-claims-baseline-rca
2026-10-07T11:42:59.1945785Z  * [new branch]        handoff/r9-f10-closure-runalways -> origin/handoff/r9-f10-closure-runalways
2026-10-07T11:42:59.1946418Z  * [new branch]        handoff/r9-f10-gate-infra-1 -> origin/handoff/r9-f10-gate-infra-1
2026-10-07T11:42:59.1947015Z  * [new branch]        handoff/r9-f10-gate-infra-1d -> origin/handoff/r9-f10-gate-infra-1d
2026-10-07T11:42:59.1947614Z  * [new branch]        handoff/r9-f10-gate-infra-4 -> origin/handoff/r9-f10-gate-infra-4
2026-10-07T11:42:59.1948238Z  * [new branch]        handoff/r9-f10-gate-infra-5 -> origin/handoff/r9-f10-gate-infra-5
2026-10-07T11:42:59.1949030Z  * [new branch]        handoff/r9-f10-gate-infra-6 -> origin/handoff/r9-f10-gate-infra-6
2026-10-07T11:42:59.1949656Z  * [new branch]        handoff/r9-f10-harness-timeout -> origin/handoff/r9-f10-harness-timeout
2026-10-07T11:42:59.1950293Z  * [new branch]        handoff/r9-f10-loop-heartbeat -> origin/handoff/r9-f10-loop-heartbeat
2026-10-07T11:42:59.1950901Z  * [new branch]        handoff/r9-f10-merge-queue -> origin/handoff/r9-f10-merge-queue
2026-10-07T11:42:59.1951845Z  * [new branch]        handoff/r9-f11-governance-1 -> origin/handoff/r9-f11-governance-1
2026-10-07T11:42:59.1952836Z  * [new branch]        handoff/r9-f11-governance-3 -> origin/handoff/r9-f11-governance-3
2026-10-07T11:42:59.1953812Z  * [new branch]        handoff/r9-f11-governance-4 -> origin/handoff/r9-f11-governance-4
2026-10-07T11:42:59.1954470Z  * [new branch]        handoff/r9-f11-governance-4-review -> origin/handoff/r9-f11-governance-4-review
2026-10-07T11:42:59.1955116Z  * [new branch]        handoff/r9-f11-governance-5 -> origin/handoff/r9-f11-governance-5
2026-10-07T11:42:59.1955710Z  * [new branch]        handoff/r9-f11-governance-6 -> origin/handoff/r9-f11-governance-6
2026-10-07T11:42:59.1956301Z  * [new branch]        handoff/r9-f11-governance-7 -> origin/handoff/r9-f11-governance-7
2026-10-07T11:42:59.1956871Z  * [new branch]        handoff/r9-f2-solver-1  -> origin/handoff/r9-f2-solver-1
2026-10-07T11:42:59.1957412Z  * [new branch]        handoff/r9-f2-solver-3  -> origin/handoff/r9-f2-solver-3
2026-10-07T11:42:59.1958065Z  * [new branch]        handoff/r9-f2-solver-4  -> origin/handoff/r9-f2-solver-4
2026-10-07T11:42:59.1958630Z  * [new branch]        handoff/r9-f2-solver-5  -> origin/handoff/r9-f2-solver-5
2026-10-07T11:42:59.1959157Z  * [new branch]        handoff/r9-f3-stores-1  -> origin/handoff/r9-f3-stores-1
2026-10-07T11:42:59.1959683Z  * [new branch]        handoff/r9-f3-stores-3  -> origin/handoff/r9-f3-stores-3
2026-10-07T11:42:59.1960254Z  * [new branch]        handoff/r9-f4-inputs-sysid-1 -> origin/handoff/r9-f4-inputs-sysid-1
2026-10-07T11:42:59.1960869Z  * [new branch]        handoff/r9-f4-inputs-sysid-2 -> origin/handoff/r9-f4-inputs-sysid-2
2026-10-07T11:42:59.1961627Z  * [new branch]        handoff/r9-f5-config-text-1 -> origin/handoff/r9-f5-config-text-1
2026-10-07T11:42:59.1962195Z  * [new branch]        handoff/r9-f6-card-1    -> origin/handoff/r9-f6-card-1
2026-10-07T11:42:59.1962832Z  * [new branch]        handoff/r9-f6-card-2    -> origin/handoff/r9-f6-card-2
2026-10-07T11:42:59.1963355Z  * [new branch]        handoff/r9-f6-card-4    -> origin/handoff/r9-f6-card-4
2026-10-07T11:42:59.1963894Z  * [new branch]        handoff/r9-f7-entities-1 -> origin/handoff/r9-f7-entities-1
2026-10-07T11:42:59.1964452Z  * [new branch]        handoff/r9-f7-entities-2 -> origin/handoff/r9-f7-entities-2
2026-10-07T11:42:59.1965023Z  * [new branch]        handoff/r9-f7-family-splits -> origin/handoff/r9-f7-family-splits
2026-10-07T11:42:59.1965581Z  * [new branch]        handoff/r9-f8-docs-1    -> origin/handoff/r9-f8-docs-1
2026-10-07T11:42:59.1966101Z  * [new branch]        handoff/r9-f8-docs-2    -> origin/handoff/r9-f8-docs-2
2026-10-07T11:42:59.1966796Z  * [new branch]        handoff/r9-f8-docs-3    -> origin/handoff/r9-f8-docs-3
2026-10-07T11:42:59.1967346Z  * [new branch]        handoff/r9-f9-test-pins-2 -> origin/handoff/r9-f9-test-pins-2
2026-10-07T11:42:59.1967924Z  * [new branch]        handoff/r9-f9-test-pins-3 -> origin/handoff/r9-f9-test-pins-3
2026-10-07T11:42:59.1968472Z  * [new branch]        handoff/r9-fr-10        -> origin/handoff/r9-fr-10
2026-10-07T11:42:59.1969006Z  * [new branch]        handoff/r9-friction-study -> origin/handoff/r9-friction-study
2026-10-07T11:42:59.1969644Z  * [new branch]        handoff/r9-nightly-status-k5uati -> origin/handoff/r9-nightly-status-k5uati
2026-10-07T11:42:59.1970279Z  * [new branch]        handoff/r9-prepr-selftest -> origin/handoff/r9-prepr-selftest
2026-10-07T11:42:59.1970823Z  * [new branch]        handoff/r9-proc-1       -> origin/handoff/r9-proc-1
2026-10-07T11:42:59.1971391Z  * [new branch]        handoff/r9-proc-3       -> origin/handoff/r9-proc-3
2026-10-07T11:42:59.1971950Z  * [new branch]        handoff/r9-proc-4       -> origin/handoff/r9-proc-4
2026-10-07T11:42:59.1972443Z  * [new branch]        handoff/r9-proc-5       -> origin/handoff/r9-proc-5
2026-10-07T11:42:59.1973000Z  * [new branch]        handoff/r9-rc-prcontract-fix -> origin/handoff/r9-rc-prcontract-fix
2026-10-07T11:42:59.1973569Z  * [new branch]        handoff/r9-rca-1985     -> origin/handoff/r9-rca-1985
2026-10-07T11:42:59.1974236Z  * [new branch]        handoff/r9-rca-1990     -> origin/handoff/r9-rca-1990
2026-10-07T11:42:59.1974742Z  * [new branch]        handoff/r9-rca-2004     -> origin/handoff/r9-rca-2004
2026-10-07T11:42:59.1975667Z  * [new branch]        handoff/r9-rca-avoidable-interpreter-bound-recomputation -> origin/handoff/r9-rca-avoidable-interpreter-bound-recomputation
2026-10-07T11:42:59.1976526Z  * [new branch]        handoff/r9-rca-cpu-gate-blind -> origin/handoff/r9-rca-cpu-gate-blind
2026-10-07T11:42:59.1977090Z  * [new branch]        handoff/r9-rca-i1       -> origin/handoff/r9-rca-i1
2026-10-07T11:42:59.1977587Z  * [new branch]        handoff/r9-rca-i3       -> origin/handoff/r9-rca-i3
2026-10-07T11:42:59.1978081Z  * [new branch]        handoff/r9-rca-i4       -> origin/handoff/r9-rca-i4
2026-10-07T11:42:59.1978651Z  * [new branch]        handoff/r9-rca-i5       -> origin/handoff/r9-rca-i5
2026-10-07T11:42:59.1979466Z  * [new branch]        handoff/r9-rca-p1       -> origin/handoff/r9-rca-p1
2026-10-07T11:42:59.1980144Z  * [new branch]        handoff/r9-rca-p11      -> origin/handoff/r9-rca-p11
2026-10-07T11:42:59.1980652Z  * [new branch]        handoff/r9-rca-p2       -> origin/handoff/r9-rca-p2
2026-10-07T11:42:59.1981181Z  * [new branch]        handoff/r9-rca-p3       -> origin/handoff/r9-rca-p3
2026-10-07T11:42:59.1982026Z  * [new branch]        handoff/r9-rca-p5       -> origin/handoff/r9-rca-p5
2026-10-07T11:42:59.1982524Z  * [new branch]        handoff/r9-rca-p6       -> origin/handoff/r9-rca-p6
2026-10-07T11:42:59.1983018Z  * [new branch]        handoff/r9-rca-p9       -> origin/handoff/r9-rca-p9
2026-10-07T11:42:59.1983855Z  * [new branch]        handoff/r9-rca-persisted-future-instant-trusted-without-bound -> origin/handoff/r9-rca-persisted-future-instant-trusted-without-bound
2026-10-07T11:42:59.1984774Z  * [new branch]        handoff/r9-rca-stress-recording -> origin/handoff/r9-rca-stress-recording
2026-10-07T11:42:59.1985491Z  * [new branch]        handoff/r9-record-path  -> origin/handoff/r9-record-path
2026-10-07T11:42:59.1986009Z  * [new branch]        handoff/r9-ro-1         -> origin/handoff/r9-ro-1
2026-10-07T11:42:59.1986500Z  * [new branch]        handoff/r9-ro-2         -> origin/handoff/r9-ro-2
2026-10-07T11:42:59.1986988Z  * [new branch]        handoff/r9-ro-3         -> origin/handoff/r9-ro-3
2026-10-07T11:42:59.1987574Z  * [new branch]        handoff/r9-ro-4         -> origin/handoff/r9-ro-4
2026-10-07T11:42:59.1988102Z  * [new branch]        handoff/r9-ro-5         -> origin/handoff/r9-ro-5
2026-10-07T11:42:59.1988588Z  * [new branch]        handoff/r9-ro-6         -> origin/handoff/r9-ro-6
2026-10-07T11:42:59.1989072Z  * [new branch]        handoff/r9-ro-7         -> origin/handoff/r9-ro-7
2026-10-07T11:42:59.1989560Z  * [new branch]        handoff/r9-ro-8         -> origin/handoff/r9-ro-8
2026-10-07T11:42:59.1990045Z  * [new branch]        handoff/r9-sw-5         -> origin/handoff/r9-sw-5
2026-10-07T11:42:59.1990595Z  * [new branch]        handoff/r9-sw-actuation -> origin/handoff/r9-sw-actuation
2026-10-07T11:42:59.1991122Z  * [new branch]        handoff/r9-sw-card      -> origin/handoff/r9-sw-card
2026-10-07T11:42:59.1991807Z  * [new branch]        handoff/r9-sw-gchv      -> origin/handoff/r9-sw-gchv
2026-10-07T11:42:59.1992320Z  * [new branch]        handoff/r9-sw-model     -> origin/handoff/r9-sw-model
2026-10-07T11:42:59.1992823Z  * [new branch]        handoff/r9-sw6          -> origin/handoff/r9-sw6
2026-10-07T11:42:59.1993332Z  * [new branch]        handoff/r9-ux-actions   -> origin/handoff/r9-ux-actions
2026-10-07T11:42:59.1993866Z  * [new branch]        handoff/r9-ux-events    -> origin/handoff/r9-ux-events
2026-10-07T11:42:59.1994390Z  * [new branch]        handoff/r9-ux-health    -> origin/handoff/r9-ux-health
2026-10-07T11:42:59.1994945Z  * [new branch]        handoff/r9-ux-insight-text -> origin/handoff/r9-ux-insight-text
2026-10-07T11:42:59.1995490Z  * [new branch]        handoff/r9-web-3        -> origin/handoff/r9-web-3
2026-10-07T11:42:59.1996075Z  * [new branch]        handoff/r9-web-4        -> origin/handoff/r9-web-4
2026-10-07T11:42:59.1996566Z  * [new branch]        handoff/r9-web-5        -> origin/handoff/r9-web-5
2026-10-07T11:42:59.1997074Z  * [new branch]        handoff/r9-web-page     -> origin/handoff/r9-web-page
2026-10-07T11:42:59.1997582Z  * [new branch]        handoff/rca-1747        -> origin/handoff/rca-1747
2026-10-07T11:42:59.1998131Z  * [new branch]        handoff/repo-reorg-plan -> origin/handoff/repo-reorg-plan
2026-10-07T11:42:59.1998723Z  * [new branch]        handoff/silent-windows-plan -> origin/handoff/silent-windows-plan
2026-10-07T11:42:59.1999250Z  * [new branch]        main                    -> origin/main
2026-10-07T11:42:59.1999718Z  * [new branch]        record/autofix          -> origin/record/autofix
2026-10-07T11:42:59.2000198Z  * [new branch]        review/1987             -> origin/review/1987
2026-10-07T11:42:59.2000666Z  * [new branch]        review/1997             -> origin/review/1997
2026-10-07T11:42:59.2001134Z  * [new branch]        review/2006             -> origin/review/2006
2026-10-07T11:42:59.2001671Z  * [new branch]        review/2007             -> origin/review/2007
2026-10-07T11:42:59.2002135Z  * [new branch]        review/2010             -> origin/review/2010
2026-10-07T11:42:59.2002596Z  * [new branch]        review/2011             -> origin/review/2011
2026-10-07T11:42:59.2003062Z  * [new branch]        review/2012             -> origin/review/2012
2026-10-07T11:42:59.2003525Z  * [new branch]        review/2013             -> origin/review/2013
2026-10-07T11:42:59.2003989Z  * [new branch]        review/2014             -> origin/review/2014
2026-10-07T11:42:59.2004459Z  * [new branch]        verdict/1987            -> origin/verdict/1987
2026-10-07T11:42:59.2004930Z  * [new branch]        verdict/1997            -> origin/verdict/1997
2026-10-07T11:42:59.2005494Z  * [new branch]        verdict/2006            -> origin/verdict/2006
2026-10-07T11:42:59.2005966Z  * [new branch]        verdict/2007            -> origin/verdict/2007
2026-10-07T11:42:59.2006454Z  * [new branch]        verdict/2010            -> origin/verdict/2010
2026-10-07T11:42:59.2006919Z  * [new branch]        verdict/2011            -> origin/verdict/2011
2026-10-07T11:42:59.2007387Z  * [new branch]        verdict/2012            -> origin/verdict/2012
2026-10-07T11:42:59.2007854Z  * [new branch]        verdict/2013            -> origin/verdict/2013
2026-10-07T11:42:59.2008321Z  * [new branch]        verdict/2014            -> origin/verdict/2014
2026-10-07T11:42:59.2008798Z  * [new tag]           audit-round2-evidence   -> audit-round2-evidence
2026-10-07T11:42:59.2009259Z  * [new tag]           v2.3.0-beta.1           -> v2.3.0-beta.1
2026-10-07T11:42:59.2009676Z  * [new tag]           v2.4.0                  -> v2.4.0
2026-10-07T11:42:59.2010068Z  * [new tag]           v2.4.1                  -> v2.4.1
2026-10-07T11:42:59.2010464Z  * [new tag]           v2.5.0                  -> v2.5.0
2026-10-07T11:42:59.2010853Z  * [new tag]           v2.6.0                  -> v2.6.0
2026-10-07T11:42:59.2011240Z  * [new tag]           v2.6.1                  -> v2.6.1
2026-10-07T11:42:59.2011767Z  * [new tag]           v2.7.0                  -> v2.7.0
2026-10-07T11:42:59.2012171Z  * [new tag]           v2.8.0                  -> v2.8.0
2026-10-07T11:42:59.2012895Z  * [new tag]           v3.0.0                  -> v3.0.0
2026-10-07T11:42:59.2013308Z  * [new tag]           v3.1.0                  -> v3.1.0
2026-10-07T11:42:59.2013694Z  * [new tag]           v3.1.1                  -> v3.1.1
2026-10-07T11:42:59.2014080Z  * [new tag]           v3.1.2                  -> v3.1.2
2026-10-07T11:42:59.2014471Z  * [new tag]           v3.14.0                 -> v3.14.0
2026-10-07T11:42:59.2014865Z  * [new tag]           v3.16.0                 -> v3.16.0
2026-10-07T11:42:59.2015255Z  * [new tag]           v3.2.0                  -> v3.2.0
2026-10-07T11:42:59.2015646Z  * [new tag]           v3.3.0                  -> v3.3.0
2026-10-07T11:42:59.2016130Z  * [new tag]           v3.3.1                  -> v3.3.1
2026-10-07T11:42:59.2016516Z  * [new tag]           v3.4.0                  -> v3.4.0
2026-10-07T11:42:59.2016901Z  * [new tag]           v3.4.1                  -> v3.4.1
2026-10-07T11:42:59.2017285Z  * [new tag]           v3.5.0                  -> v3.5.0
2026-10-07T11:42:59.2017671Z  * [new tag]           v3.6.0                  -> v3.6.0
2026-10-07T11:42:59.2018059Z  * [new tag]           v3.6.1                  -> v3.6.1
2026-10-07T11:42:59.2018447Z  * [new tag]           v3.7.0                  -> v3.7.0
2026-10-07T11:42:59.2018833Z  * [new tag]           v3.7.1                  -> v3.7.1
2026-10-07T11:42:59.2019219Z  * [new tag]           v3.8.0                  -> v3.8.0
2026-10-07T11:42:59.2019603Z  * [new tag]           v4.0.0                  -> v4.0.0
2026-10-07T11:42:59.2019988Z  * [new tag]           v4.0.1                  -> v4.0.1
2026-10-07T11:42:59.2020377Z  * [new tag]           v4.0.2                  -> v4.0.2
2026-10-07T11:42:59.2020765Z  * [new tag]           v4.0.3                  -> v4.0.3
2026-10-07T11:42:59.2021148Z  * [new tag]           v4.0.4                  -> v4.0.4
2026-10-07T11:42:59.2021697Z  * [new tag]           v4.0.5                  -> v4.0.5
2026-10-07T11:42:59.2022084Z  * [new tag]           v4.0.6                  -> v4.0.6
2026-10-07T11:42:59.2022468Z  * [new tag]           v4.0.7                  -> v4.0.7
2026-10-07T11:42:59.2022860Z  * [new tag]           v4.1.0                  -> v4.1.0
2026-10-07T11:42:59.2023246Z  * [new tag]           v4.2.0                  -> v4.2.0
2026-10-07T11:42:59.2023632Z  * [new tag]           v4.3.0                  -> v4.3.0
2026-10-07T11:42:59.2024016Z  * [new tag]           v5.0.0                  -> v5.0.0
2026-10-07T11:42:59.2024403Z  * [new tag]           v5.1.0                  -> v5.1.0
2026-10-07T11:42:59.2024788Z  * [new tag]           v5.1.1                  -> v5.1.1
2026-10-07T11:42:59.2025276Z  * [new tag]           v5.1.10                 -> v5.1.10
2026-10-07T11:42:59.2025673Z  * [new tag]           v5.1.2                  -> v5.1.2
2026-10-07T11:42:59.2026060Z  * [new tag]           v5.1.3                  -> v5.1.3
2026-10-07T11:42:59.2026445Z  * [new tag]           v5.1.4                  -> v5.1.4
2026-10-07T11:42:59.2026834Z  * [new tag]           v5.1.5                  -> v5.1.5
2026-10-07T11:42:59.2027220Z  * [new tag]           v5.1.6                  -> v5.1.6
2026-10-07T11:42:59.2027604Z  * [new tag]           v5.1.7                  -> v5.1.7
2026-10-07T11:42:59.2027988Z  * [new tag]           v5.1.9                  -> v5.1.9
2026-10-07T11:42:59.2028372Z  * [new tag]           v5.2.0                  -> v5.2.0
2026-10-07T11:42:59.2028764Z  * [new tag]           v5.3.0                  -> v5.3.0
2026-10-07T11:42:59.2029151Z  * [new tag]           v5.4.0                  -> v5.4.0
2026-10-07T11:42:59.2029536Z  * [new tag]           v5.4.1                  -> v5.4.1
2026-10-07T11:42:59.2029930Z  * [new tag]           v5.5.0                  -> v5.5.0
2026-10-07T11:42:59.2030313Z  * [new tag]           v5.6.0                  -> v5.6.0
2026-10-07T11:42:59.2030698Z  * [new tag]           v5.6.1                  -> v5.6.1
2026-10-07T11:42:59.2031082Z  * [new tag]           v5.6.2                  -> v5.6.2
2026-10-07T11:42:59.2031537Z  * [new tag]           v5.7.0                  -> v5.7.0
2026-10-07T11:42:59.2031925Z  * [new tag]           v5.7.1                  -> v5.7.1
2026-10-07T11:42:59.2032312Z  * [new tag]           v6.0.0                  -> v6.0.0
2026-10-07T11:42:59.2032697Z  * [new tag]           v6.0.1                  -> v6.0.1
2026-10-07T11:42:59.2033084Z  * [new tag]           v6.0.2                  -> v6.0.2
2026-10-07T11:42:59.2033468Z  * [new tag]           v6.0.3                  -> v6.0.3
2026-10-07T11:42:59.2033852Z  * [new tag]           v6.0.4                  -> v6.0.4
2026-10-07T11:42:59.2034237Z  * [new tag]           v6.0.5                  -> v6.0.5
2026-10-07T11:42:59.2034748Z  * [new tag]           v6.0.6                  -> v6.0.6
2026-10-07T11:42:59.2035136Z  * [new tag]           v6.0.7                  -> v6.0.7
2026-10-07T11:42:59.2035524Z  * [new tag]           v6.0.8                  -> v6.0.8
2026-10-07T11:42:59.2035911Z  * [new tag]           v6.0.9                  -> v6.0.9
2026-10-07T11:42:59.2036298Z  * [new tag]           v6.1.0                  -> v6.1.0
2026-10-07T11:42:59.2036685Z  * [new tag]           v6.1.1                  -> v6.1.1
2026-10-07T11:42:59.2037093Z  * [new tag]           v6.1.2                  -> v6.1.2
2026-10-07T11:42:59.2037481Z  * [new tag]           v6.2.0                  -> v6.2.0
2026-10-07T11:42:59.2037867Z  * [new tag]           v6.2.1                  -> v6.2.1
2026-10-07T11:42:59.2038266Z  * [new tag]           v6.2.10                 -> v6.2.10
2026-10-07T11:42:59.2038664Z  * [new tag]           v6.2.11                 -> v6.2.11
2026-10-07T11:42:59.2039059Z  * [new tag]           v6.2.12                 -> v6.2.12
2026-10-07T11:42:59.2039459Z  * [new tag]           v6.2.13                 -> v6.2.13
2026-10-07T11:42:59.2039848Z  * [new tag]           v6.2.14                 -> v6.2.14
2026-10-07T11:42:59.2040241Z  * [new tag]           v6.2.15                 -> v6.2.15
2026-10-07T11:42:59.2040632Z  * [new tag]           v6.2.16                 -> v6.2.16
2026-10-07T11:42:59.2041021Z  * [new tag]           v6.2.17                 -> v6.2.17
2026-10-07T11:42:59.2041481Z  * [new tag]           v6.2.2                  -> v6.2.2
2026-10-07T11:42:59.2041867Z  * [new tag]           v6.2.3                  -> v6.2.3
2026-10-07T11:42:59.2042254Z  * [new tag]           v6.2.4                  -> v6.2.4
2026-10-07T11:42:59.2042644Z  * [new tag]           v6.2.5                  -> v6.2.5
2026-10-07T11:42:59.2043030Z  * [new tag]           v6.2.6                  -> v6.2.6
2026-10-07T11:42:59.2043414Z  * [new tag]           v6.2.7                  -> v6.2.7
2026-10-07T11:42:59.2043896Z  * [new tag]           v6.2.8                  -> v6.2.8
2026-10-07T11:42:59.2044287Z  * [new tag]           v6.2.9                  -> v6.2.9
2026-10-07T11:42:59.2044673Z  * [new tag]           v6.3.0                  -> v6.3.0
2026-10-07T11:42:59.2045058Z  * [new tag]           v6.3.1                  -> v6.3.1
2026-10-07T11:42:59.2045449Z  * [new tag]           v6.3.10                 -> v6.3.10
2026-10-07T11:42:59.2045843Z  * [new tag]           v6.3.11                 -> v6.3.11
2026-10-07T11:42:59.2046236Z  * [new tag]           v6.3.12                 -> v6.3.12
2026-10-07T11:42:59.2046628Z  * [new tag]           v6.3.13                 -> v6.3.13
2026-10-07T11:42:59.2047016Z  * [new tag]           v6.3.14                 -> v6.3.14
2026-10-07T11:42:59.2047404Z  * [new tag]           v6.3.15                 -> v6.3.15
2026-10-07T11:42:59.2047793Z  * [new tag]           v6.3.16                 -> v6.3.16
2026-10-07T11:42:59.2048181Z  * [new tag]           v6.3.17                 -> v6.3.17
2026-10-07T11:42:59.2048577Z  * [new tag]           v6.3.18                 -> v6.3.18
2026-10-07T11:42:59.2048971Z  * [new tag]           v6.3.19                 -> v6.3.19
2026-10-07T11:42:59.2049361Z  * [new tag]           v6.3.2                  -> v6.3.2
2026-10-07T11:42:59.2049749Z  * [new tag]           v6.3.20                 -> v6.3.20
2026-10-07T11:42:59.2050137Z  * [new tag]           v6.3.3                  -> v6.3.3
2026-10-07T11:42:59.2050524Z  * [new tag]           v6.3.4                  -> v6.3.4
2026-10-07T11:42:59.2050911Z  * [new tag]           v6.3.5                  -> v6.3.5
2026-10-07T11:42:59.2051412Z  * [new tag]           v6.3.6                  -> v6.3.6
2026-10-07T11:42:59.2051834Z  * [new tag]           v6.3.7                  -> v6.3.7
2026-10-07T11:42:59.2052219Z  * [new tag]           v6.3.8                  -> v6.3.8
2026-10-07T11:42:59.2052607Z  * [new tag]           v6.3.9                  -> v6.3.9
2026-10-07T11:42:59.2052996Z  * [new tag]           v6.4.0                  -> v6.4.0
2026-10-07T11:42:59.2053385Z  * [new tag]           v6.4.1                  -> v6.4.1
2026-10-07T11:42:59.2053872Z  * [new tag]           v6.4.2                  -> v6.4.2
2026-10-07T11:42:59.2054256Z  * [new tag]           v6.4.3                  -> v6.4.3
2026-10-07T11:42:59.2054642Z  * [new tag]           v6.4.4                  -> v6.4.4
2026-10-07T11:42:59.2055027Z  * [new tag]           v6.5.0                  -> v6.5.0
2026-10-07T11:42:59.2055420Z  * [new tag]           v6.5.1                  -> v6.5.1
2026-10-07T11:42:59.2055805Z  * [new tag]           v6.6.0                  -> v6.6.0
2026-10-07T11:42:59.2056187Z  * [new tag]           v6.6.1                  -> v6.6.1
2026-10-07T11:42:59.2056581Z  * [new tag]           v6.6.10                 -> v6.6.10
2026-10-07T11:42:59.2056972Z  * [new tag]           v6.6.11                 -> v6.6.11
2026-10-07T11:42:59.2057363Z  * [new tag]           v6.6.12                 -> v6.6.12
2026-10-07T11:42:59.2057753Z  * [new tag]           v6.6.2                  -> v6.6.2
2026-10-07T11:42:59.2058152Z  * [new tag]           v6.6.3                  -> v6.6.3
2026-10-07T11:42:59.2058541Z  * [new tag]           v6.6.4                  -> v6.6.4
2026-10-07T11:42:59.2058926Z  * [new tag]           v6.6.5                  -> v6.6.5
2026-10-07T11:42:59.2059314Z  * [new tag]           v6.6.6                  -> v6.6.6
2026-10-07T11:42:59.2059700Z  * [new tag]           v6.6.7                  -> v6.6.7
2026-10-07T11:42:59.2060090Z  * [new tag]           v6.6.8                  -> v6.6.8
2026-10-07T11:42:59.2060475Z  * [new tag]           v6.6.9                  -> v6.6.9
2026-10-07T11:42:59.2060860Z  * [new tag]           v6.7.0                  -> v6.7.0
2026-10-07T11:42:59.2061244Z  * [new tag]           v6.7.1                  -> v6.7.1
2026-10-07T11:42:59.2061806Z  * [new tag]           v6.7.10                 -> v6.7.10
2026-10-07T11:42:59.2062196Z  * [new tag]           v6.7.11                 -> v6.7.11
2026-10-07T11:42:59.2062587Z  * [new tag]           v6.7.12                 -> v6.7.12
2026-10-07T11:42:59.2063077Z  * [new tag]           v6.7.13                 -> v6.7.13
2026-10-07T11:42:59.2063470Z  * [new tag]           v6.7.14                 -> v6.7.14
2026-10-07T11:42:59.2063865Z  * [new tag]           v6.7.15                 -> v6.7.15
2026-10-07T11:42:59.2064259Z  * [new tag]           v6.7.16                 -> v6.7.16
2026-10-07T11:42:59.2064647Z  * [new tag]           v6.7.2                  -> v6.7.2
2026-10-07T11:42:59.2065036Z  * [new tag]           v6.7.3                  -> v6.7.3
2026-10-07T11:42:59.2065424Z  * [new tag]           v6.7.4                  -> v6.7.4
2026-10-07T11:42:59.2065813Z  * [new tag]           v6.7.5                  -> v6.7.5
2026-10-07T11:42:59.2066200Z  * [new tag]           v6.7.6                  -> v6.7.6
2026-10-07T11:42:59.2066585Z  * [new tag]           v6.7.7                  -> v6.7.7
2026-10-07T11:42:59.2066975Z  * [new tag]           v6.7.8                  -> v6.7.8
2026-10-07T11:42:59.2067364Z  * [new tag]           v6.7.9                  -> v6.7.9
2026-10-07T11:42:59.2067840Z  * [new ref]           a90868ba0324df43f0ed3ffb615a3bd8a585ef1e -> pull/2015/merge
2026-10-07T11:42:59.2069177Z ##[endgroup]
2026-10-07T11:42:59.2069621Z ##[group]Determining the checkout info
2026-10-07T11:42:59.2070110Z ##[endgroup]
2026-10-07T11:42:59.2070495Z [command]/usr/bin/git sparse-checkout disable
2026-10-07T11:42:59.2071357Z [command]/usr/bin/git config --local --unset-all extensions.worktreeConfig
2026-10-07T11:42:59.2072317Z ##[group]Checking out the ref
2026-10-07T11:42:59.2072752Z [command]/usr/bin/git checkout --progress --force refs/remotes/pull/2015/merge
2026-10-07T11:42:59.5437602Z Note: switching to 'refs/remotes/pull/2015/merge'.
2026-10-07T11:42:59.5438788Z 
2026-10-07T11:42:59.5439313Z You are in 'detached HEAD' state. You can look around, make experimental
2026-10-07T11:42:59.5440517Z changes and commit them, and you can discard any commits you make in this
2026-10-07T11:42:59.5441854Z state without impacting any branches by switching back to a branch.
2026-10-07T11:42:59.5442857Z 
2026-10-07T11:42:59.5443256Z If you want to create a new branch to retain commits you create, you may
2026-10-07T11:42:59.5444214Z do so (now or later) by using -c with the switch command. Example:
2026-10-07T11:42:59.5444754Z 
2026-10-07T11:42:59.5444983Z   git switch -c <new-branch-name>
2026-10-07T11:42:59.5445350Z 
2026-10-07T11:42:59.5445594Z Or undo this operation with:
2026-10-07T11:42:59.5445931Z 
2026-10-07T11:42:59.5446141Z   git switch -
2026-10-07T11:42:59.5446415Z 
2026-10-07T11:42:59.5446927Z Turn off this advice by setting config variable advice.detachedHead to false
2026-10-07T11:42:59.5447573Z 
2026-10-07T11:42:59.5448316Z HEAD is now at a90868ba Merge 78509aca050bf6b53f055507232051741cab67c9 into 59b5ac6e4594b42cd5579cca182a743c25f4c48d
2026-10-07T11:42:59.5463633Z ##[endgroup]
2026-10-07T11:42:59.5503620Z [command]/usr/bin/git log -1 --format=%H
2026-10-07T11:42:59.5531182Z a90868ba0324df43f0ed3ffb615a3bd8a585ef1e
2026-10-07T11:42:59.5823216Z ##[group]Run actions/setup-node@a0853c24544627f65ddf259abe73b1d18a591444
2026-10-07T11:42:59.5824073Z with:
2026-10-07T11:42:59.5824539Z   node-version: 22
2026-10-07T11:42:59.5825038Z   always-auth: false
2026-10-07T11:42:59.5825556Z   check-latest: false
2026-10-07T11:42:59.5830123Z   token: ***
2026-10-07T11:42:59.5830680Z   package-manager-cache: true
2026-10-07T11:42:59.5831250Z env:
2026-10-07T11:42:59.5831906Z   HPO_JOB_GRADES: nothing
2026-10-07T11:42:59.5832448Z ##[endgroup]
2026-10-07T11:42:59.6806140Z Found in cache @ /opt/hostedtoolcache/node/22.23.3/x64
2026-10-07T11:42:59.6808993Z (node:2084) [DEP0040] DeprecationWarning: The `punycode` module is deprecated. Please use a userland alternative instead.
2026-10-07T11:42:59.6810607Z (Use `node --trace-deprecation ...` to show where the warning was created)
2026-10-07T11:42:59.6811969Z ##[group]Environment details
2026-10-07T11:42:59.9597737Z node: v22.23.3
2026-10-07T11:42:59.9597947Z npm: 10.9.9
2026-10-07T11:42:59.9598181Z yarn: 1.22.22
2026-10-07T11:42:59.9599310Z ##[endgroup]
2026-10-07T11:42:59.9719183Z ##[group]Run if test -f .claude/workflows/policy_lint_mutants.mjs; then node .claude/workflows/policy_lint_mutants.mjs; else node tools/policy/policy_lint_mutants.mjs; fi
2026-10-07T11:42:59.9719872Z [36;1mif test -f .claude/workflows/policy_lint_mutants.mjs; then node .claude/workflows/policy_lint_mutants.mjs; else node tools/policy/policy_lint_mutants.mjs; fi[0m
2026-10-07T11:42:59.9953455Z shell: /usr/bin/bash -e {0}
2026-10-07T11:42:59.9953655Z env:
2026-10-07T11:42:59.9953795Z   HPO_JOB_GRADES: nothing
2026-10-07T11:42:59.9953939Z ##[endgroup]
2026-10-07T11:43:20.0054674Z   DRIVEN   entry  exit-status          the exit status tracks the findings both ways: 1 on the red fixture, 0 on the corpus as it stands, each driven as a process with this one's environment
2026-10-07T11:43:20.0055953Z   PIN      corpus checkIndex           FIXTURE VACUOUS: check 'index' produced 0 error(s) on the rot fixtures, 2 required
2026-10-07T11:43:20.0056828Z   PIN      corpus checkDuplicates      FIXTURE VACUOUS: check 'duplicates' produced 0 error(s) on the rot fixtures, 1 required
2026-10-07T11:43:20.0057776Z   PIN      corpus checkBudgets         FIXTURE VACUOUS: the 'file' budget comparison produced nothing against a zero budget, so deleting it would change no output. Every cap is false on a healthy cor
2026-10-07T11:43:20.0058509Z   PIN      corpus coverageOverTree     FIXTURE VACUOUS: checkCoverage did not report .cursor/rules/Probe_9.mdc; a rule file with a digit in its name would leave the corpus unread, in silence
2026-10-07T11:43:20.0059244Z   PIN      corpus namedDocsOverTree    FIXTURE VACUOUS: checkNamedDocs reported nothing against an empty budget, where every document the corpus names is uncapped by definition. Prose moved into a na
2026-10-07T11:43:20.0060033Z   PIN      corpus citationPresenceOverTree FIXTURE VACUOUS: checkCitationPresence reported 0 of 2 earned exclusions with every citation of them elided from the corpus. That is arm B of #1058's citation t
2026-10-07T11:43:20.0060799Z   PIN      corpus orphanCapsOverTree   FIXTURE VACUOUS: checkOrphanCaps did not report docs/a-file-no-glob-matches.md exactly once (got []); a cap that measures nothing would read exactly like one th
2026-10-07T11:43:20.0062336Z   PIN      corpus requiredContextsOverTree FIXTURE VACUOUS: the required-contexts literal scan produced 0 finding(s) on the rot fixture, 3 required (one per literal shape). A deleted regex in REQUIRED_CO
2026-10-07T11:43:20.0063093Z   PIN      corpus checkProvenance      FIXTURE VACUOUS: checkProvenance did not refuse dbc8577, a parentless commit that cannot be an ancestor of anything. A ledger stamped from HEAD names a SHA the 
2026-10-07T11:43:20.0063827Z   PIN      corpus rowFreezeOverPlan    FIXTURE VACUOUS: recordRegion ["the wired freeze check does not read its source, or reads it against no freeze"]. The record's region is what makes a mention a 
2026-10-07T11:43:20.0064543Z   PIN      corpus ruleBindingOverTree  FIXTURE VACUOUS: the rule-binding 'unscoped' arm produced [] against a model built to trip it. A refusal with no witness is deletable in silence.
2026-10-07T11:43:20.0065256Z   PIN      record checkRecord          FIXTURE VACUOUS: recordRegion ["a mention OUTSIDE the section counted as a disposition","the region did not CLOSE at the next section heading","a mention inside
2026-10-07T11:43:20.0065831Z   PIN      record checkTableSplit      FIXTURE VACUOUS: check 'table' produced 0 error(s) on the rot fixtures, 1 required
2026-10-07T11:43:20.0066277Z   PIN      record checkRender          FIXTURE VACUOUS: check 'render' produced 0 error(s) on the rot fixtures, 4 required
2026-10-07T11:43:20.0066884Z   PIN      record enumSkipLine         FIXTURE VACUOUS: the merge-enumeration fetch-failure marker lost its skip/UNCHECKED shape; a dead fetch would then keep rc=0 with `0 merged pull request(s)` rea
2026-10-07T11:43:20.0067824Z   PIN      record badRefLine           FIXTURE VACUOUS: the since-ref marker lost its refuse/DERIVED shape; an unresolvable --since would then print `0 merged pull request(s)` at rc=0, which is what 
2026-10-07T11:43:20.0068427Z   PIN      record checkCounts          FIXTURE VACUOUS: check 'counts' produced 0 error(s) on the rot fixtures, 13 required
2026-10-07T11:43:20.0068865Z   PIN      record CAP_RES              FIXTURE VACUOUS: check 'counts' produced 2 error(s) on the rot fixtures, 13 required
2026-10-07T11:43:20.0069285Z   PIN      record checkPrBody          FIXTURE VACUOUS: the author check did not fire on a tvofi-authored body
2026-10-07T11:43:20.0069818Z   PIN      record frictionEntries      FIXTURE VACUOUS: check 'pr-body' produced no error saying "does not parse"; that sub-claim refuses nothing the fixtures can produce
2026-10-07T11:43:20.0070346Z   PIN      record frictionKey          FIXTURE VACUOUS: check 'stats' produced 12 error(s) on the rot fixtures, 19 required
2026-10-07T11:43:20.0070956Z   PIN      record recordClassPaths     FIXTURE VACUOUS: recordClassPaths ["a code file beside a delivery row did not break the record class","an empty diff classified as record-class; one that cannot
2026-10-07T11:43:20.0072190Z   PIN      record sunsetMarkerLine     FIXTURE VACUOUS: the sunset marker census does not name the corpus's marker population, so `proposed (0) held (0)` prints with nothing to say whether a rule has
2026-10-07T11:43:20.0072554Z 
2026-10-07T11:43:20.0073768Z MUTANTS ok: every check this clone could drive turns the acceptance red when it is emptied -- corpus [checkIndex, checkDuplicates, checkBudgets, coverageOverTree, namedDocsOverTree, citationPresenceOverTree, orphanCapsOverTree, requiredContextsOverTree, checkProvenance, rowFreezeOverPlan, ruleBindingOverTree]; record [checkRecord, checkTableSplit, checkRender, enumSkipLine, badRefLine, checkCounts, CAP_RES, checkPrBody, frictionEntries, frictionKey, recordClassPaths, sunsetMarkerLine]
2026-10-07T11:43:20.0476574Z ##[group]Run if test -f .claude/workflows/fragments_sync.mjs; then node .claude/workflows/fragments_sync.mjs --self-test; else node tools/policy/fragments_sync.mjs --self-test; fi
2026-10-07T11:43:20.0477377Z [36;1mif test -f .claude/workflows/fragments_sync.mjs; then node .claude/workflows/fragments_sync.mjs --self-test; else node tools/policy/fragments_sync.mjs --self-test; fi[0m
2026-10-07T11:43:20.0541035Z shell: /usr/bin/bash -e {0}
2026-10-07T11:43:20.0541176Z env:
2026-10-07T11:43:20.0541436Z   HPO_JOB_GRADES: nothing
2026-10-07T11:43:20.0541637Z ##[endgroup]
2026-10-07T11:43:20.0854698Z   ok   the tree as committed reports no drift (null control)
2026-10-07T11:43:20.0860743Z   ok   at least one canonical fragment is carried by a script, so there is something to compare
2026-10-07T11:43:20.0877662Z   ok   one character changed in `GH_READ` is reported for all 4 script(s) carrying it (got 4)
2026-10-07T11:43:20.0878246Z   ok   and for no other fragment
2026-10-07T11:43:20.0878682Z   ok   two declarations split into two
2026-10-07T11:43:20.0879196Z   ok   a comment banner ends a declaration rather than being absorbed into it
2026-10-07T11:43:20.0879688Z   ok   an empty file declares nothing rather than throwing
2026-10-07T11:43:20.0880160Z   ok   GH_READ and GH_MERGE are split (null control)
2026-10-07T11:43:20.0880589Z   ok   putting merge_pull_request in GH_READ is reported
2026-10-07T11:43:20.0881030Z   ok   putting issue_read in GH_MERGE is reported
2026-10-07T11:43:20.0882177Z   ok   putting merge_pull_request in GH_WRITE is reported
2026-10-07T11:43:20.4499626Z   ok   no tracked stamp --push lacks --push-key (null control)
2026-10-07T11:43:20.4502477Z   ok   tools/release/stamp.py would be reported unexempted, so its exemption is load-bearing
2026-10-07T11:43:20.4512627Z   ok   .claude/workflows/fragments_sync.mjs would be reported unexempted, so its exemption is load-bearing
2026-10-07T11:43:20.4513502Z   ok   a keyless stamp --push is reported
2026-10-07T11:43:20.4513922Z   ok   so is one wrapped across lines, as the fragments wrap it
2026-10-07T11:43:20.4514337Z   ok   the same text with --push-key is not
2026-10-07T11:43:20.4514727Z   ok   a --push with no stamp.py before it is not
2026-10-07T11:43:20.4515114Z   ok   nor one a sentence end separates from stamp.py
2026-10-07T11:43:20.4515437Z   ok   an exempt path is skipped
2026-10-07T11:43:20.4515596Z 
2026-10-07T11:43:20.4515714Z 20 passed, 0 failed
2026-10-07T11:43:20.4660951Z ##[group]Run if test -f .claude/workflows/field_coverage.mjs; then node .claude/workflows/field_coverage.mjs --self-test; else node tools/policy/field_coverage.mjs --self-test; fi
2026-10-07T11:43:20.4661808Z [36;1mif test -f .claude/workflows/field_coverage.mjs; then node .claude/workflows/field_coverage.mjs --self-test; else node tools/policy/field_coverage.mjs --self-test; fi[0m
2026-10-07T11:43:20.4716040Z shell: /usr/bin/bash -e {0}
2026-10-07T11:43:20.4716186Z env:
2026-10-07T11:43:20.4716302Z   HPO_JOB_GRADES: nothing
2026-10-07T11:43:20.4716436Z ##[endgroup]
2026-10-07T11:43:20.5115147Z   ok   a field the check never reads is BLIND
2026-10-07T11:43:20.5116892Z   ok   an IGNORE with a reason clears it
2026-10-07T11:43:20.5118139Z   ok   an IGNORE matching no field is DEAD
2026-10-07T11:43:20.5118479Z   ok   an input red before any perturbation is REFUSED
2026-10-07T11:43:20.5119054Z   ok   a skip on a perturbation is REFUSED, never a detection
2026-10-07T11:43:20.5119604Z   ok   a load failure is REFUSED
2026-10-07T11:43:20.5120252Z   skip     probe: cannot load probe (down); its field coverage is UNCHECKED this run, not confirmed
2026-10-07T11:43:20.5120757Z   ok   the ruleset arm's load failure is a printed skip, not a refusal
2026-10-07T11:43:20.5121676Z   ok   env-matrix's nothing-skipped row passes the token-hidden line alone
2026-10-07T11:43:20.5123235Z   ok   and fails on a second, non-token skip line beside it
2026-10-07T11:43:20.5123607Z   ok   and fails on a lone non-token skip line
2026-10-07T11:43:20.5123990Z   ok   the UNCHECKED pattern matches every field the token cannot see
2026-10-07T11:43:20.5124434Z   ok   and refuses the same line for any other field (pinned to bypass_actors)
2026-10-07T11:43:20.5135594Z   ok   a census whose count rises by one for one planted member is read
2026-10-07T11:43:20.5141069Z   ok   a count that never moves is BLIND (the silent zero)
2026-10-07T11:43:20.5147638Z   ok   a count that moves by the wrong amount is BLIND
2026-10-07T11:43:20.5150264Z   ok   a count line that cannot be read is REFUSED, never a pass
2026-10-07T11:43:22.6607394Z   ok   a derived check DECLARED lacks is REFUSED as unregistered
2026-10-07T11:43:22.6608058Z   ok   a DECLARED key the set does not yield is DEAD
2026-10-07T11:43:22.6608549Z   ok   a DECLARED arm that does not exist is REFUSED
2026-10-07T11:43:22.6608951Z FIELD COVERAGE SELF-TEST ok
2026-10-07T11:43:22.7055421Z ##[group]Run if test -f .claude/workflows/gh_comment.py; then python3 .claude/workflows/gh_comment.py self-test; else python3 tools/pr/gh_comment.py self-test; fi
2026-10-07T11:43:22.7056372Z [36;1mif test -f .claude/workflows/gh_comment.py; then python3 .claude/workflows/gh_comment.py self-test; else python3 tools/pr/gh_comment.py self-test; fi[0m
2026-10-07T11:43:22.7117809Z shell: /usr/bin/bash -e {0}
2026-10-07T11:43:22.7117966Z env:
2026-10-07T11:43:22.7118092Z   HPO_JOB_GRADES: nothing
2026-10-07T11:43:22.7118231Z ##[endgroup]
2026-10-07T11:43:22.8517288Z   live first line: 'the body that was sent'
2026-10-07T11:43:22.8517716Z   live first line: 'a completely different comment body'
2026-10-07T11:43:22.8518015Z   live first line: ''
2026-10-07T11:43:22.8529361Z ok   arm1_defect_body_refused
2026-10-07T11:43:22.8529642Z ok   arm1_defect_message_names_the_flag
2026-10-07T11:43:22.8529834Z ok   arm1_defect_predicate_true
2026-10-07T11:43:22.8530074Z ok   arm2_healthy_body_accepted
2026-10-07T11:43:22.8530246Z ok   arm3_positive[@/abs/path.md]
2026-10-07T11:43:22.8530417Z ok   arm3_positive[@rel/path.md]
2026-10-07T11:43:22.8530587Z ok   arm3_positive[@bare-name.md]
2026-10-07T11:43:22.8530741Z ok   arm3_positive[@./x]
2026-10-07T11:43:22.8530880Z ok   arm3_positive[@~/x]
2026-10-07T11:43:22.8531058Z ok   arm3_positive[/private/tmp/x/out/body.md]
2026-10-07T11:43:22.8531260Z ok   arm3_positive[@../up/one.md]
2026-10-07T11:43:22.8531537Z ok   arm3_negative[frozen at b86a4bd]
2026-10-07T11:43:22.8532057Z ok   arm3_negative[claimed-by: zcode · branch zcode/audit-r2-216]
2026-10-07T11:43:22.8532300Z ok   arm3_negative[docs/HANDOVER.md is stale.]
2026-10-07T11:43:22.8532492Z ok   arm3_negative[Fix review: merge]
2026-10-07T11:43:22.8532654Z ok   arm3_negative[v6.3.18]
2026-10-07T11:43:22.8532802Z ok   arm3_negative[#201]
2026-10-07T11:43:22.8533036Z ok   arm3_negative[https://github.com/tvofi/heatpump_optimizer/pull/738]
2026-10-07T11:43:22.8533280Z ok   arm3_negative[leaves #201 open.]
2026-10-07T11:43:22.8533538Z ok   arm3_negative[See tools/audit/briefs/fixer.md step 3 for the null control.]
2026-10-07T11:43:22.8533764Z ok   arm3_negative[LGTM]
2026-10-07T11:43:22.8534054Z READBACK id=1 live_len=23 want_len=23 live_sha=4f4546b123666c53 want_sha=4f4546b123666c53 identical=True
2026-10-07T11:43:22.8534350Z ok   arm4_identical_passes
2026-10-07T11:43:22.8534644Z READBACK id=1 live_len=22 want_len=23 live_sha=457b99a0ab6ab3bb want_sha=4f4546b123666c53 identical=False
2026-10-07T11:43:22.8534918Z ok   arm4_refuses_one_byte_difference
2026-10-07T11:43:22.8535214Z READBACK id=1 live_len=36 want_len=23 live_sha=32051c7c55a86106 want_sha=4f4546b123666c53 identical=False
2026-10-07T11:43:22.8535545Z ok   arm4_refuses_wrong_comment_id
2026-10-07T11:43:22.8535713Z ok   arm4_refuses_no_body_field
2026-10-07T11:43:22.8535875Z ok   arm4_refuses_null_body_field
2026-10-07T11:43:22.8536043Z ok   arm4_refuses_nonstring_body_field
2026-10-07T11:43:22.8536346Z READBACK id=1 live_len=0 want_len=23 live_sha=e3b0c44298fc1c14 want_sha=4f4546b123666c53 identical=False
2026-10-07T11:43:22.8536619Z ok   arm4_refuses_empty_body_field
2026-10-07T11:43:22.8536773Z ok   arm4_refuses_absent_file
2026-10-07T11:43:22.8536926Z ok   arm4_refuses_empty_file
2026-10-07T11:43:22.8537091Z ok   arm4_refuses_whitespace_only_file
2026-10-07T11:43:22.8537260Z ok   arm4_refuses_over_cap_body
2026-10-07T11:43:22.8537609Z ok   arm4_accepts_body_at_cap
2026-10-07T11:43:22.8537789Z ok   arm5_refuses_body_directly_in_scratchpad
2026-10-07T11:43:22.8537977Z ok   arm5_refuses_body_directly_in_tmp
2026-10-07T11:43:22.8538159Z ok   arm5_accepts_body_in_seat_subdirectory
2026-10-07T11:43:22.8538337Z ok   arm5_accepts_body_in_mkdtemp
2026-10-07T11:43:22.8538508Z ok   arm5_refuses_body_directly_in_TMPDIR
2026-10-07T11:43:22.8538688Z ok   arm5_refuses_body_directly_in_HOME
2026-10-07T11:43:22.8538875Z ok   arm5_refuses_body_directly_in_claude_uid
2026-10-07T11:43:22.8539059Z ok   arm5_refuses_plain_mkstemp_file
2026-10-07T11:43:22.8539360Z ok   arm5_refuses_link_to_root_file
2026-10-07T11:43:22.8539527Z ok   arm5_accepts_link_to_seat_file
2026-10-07T11:43:22.8539689Z ok   arm4_refuses_non_integer_id
2026-10-07T11:43:22.8539837Z ok   arm4_refuses_zero_id
2026-10-07T11:43:22.8539971Z TOTAL: 0 failed
2026-10-07T11:43:22.8540094Z SELF-TEST PASSED
2026-10-07T11:43:22.9461174Z ##[group]Run if test -f tools/audit/record-predicate/sweep.mjs; then node tools/audit/record-predicate/sweep.mjs --self-test; else node tools/policy/record-predicate/sweep.mjs --self-test; fi
2026-10-07T11:43:22.9462643Z [36;1mif test -f tools/audit/record-predicate/sweep.mjs; then node tools/audit/record-predicate/sweep.mjs --self-test; else node tools/policy/record-predicate/sweep.mjs --self-test; fi[0m
2026-10-07T11:43:22.9516241Z shell: /usr/bin/bash -e {0}
2026-10-07T11:43:22.9516400Z env:
2026-10-07T11:43:22.9516523Z   HPO_JOB_GRADES: nothing
2026-10-07T11:43:22.9516659Z ##[endgroup]
2026-10-07T11:43:23.0874566Z 
2026-10-07T11:43:23.0875175Z SWEEP SELF-TEST: 0 failure(s) over 21 assertion(s)
2026-10-07T11:43:23.1868448Z ##[group]Run if test -f tools/audit/prepr.sh; then bash tools/audit/prepr.sh --self-test; else bash tools/pr/prepr.sh --self-test; fi
2026-10-07T11:43:23.1869244Z [36;1mif test -f tools/audit/prepr.sh; then bash tools/audit/prepr.sh --self-test; else bash tools/pr/prepr.sh --self-test; fi[0m
2026-10-07T11:43:23.1929281Z shell: /usr/bin/bash -e {0}
2026-10-07T11:43:23.1929444Z env:
2026-10-07T11:43:23.1929562Z   HPO_JOB_GRADES: nothing
2026-10-07T11:43:23.1929695Z ##[endgroup]
2026-10-07T11:43:23.3828421Z   ok   a body with missing-section is refused
2026-10-07T11:43:23.4524275Z   ok   a body with no-figures is refused
2026-10-07T11:43:23.5264142Z   ok   a body with empty-section is refused
2026-10-07T11:43:23.6021785Z   ok   a body with wrong-head is refused
2026-10-07T11:43:23.6764650Z   ok   a body with dead-carry is refused
2026-10-07T11:43:23.7502000Z   ok   a body with bad-friction is refused
2026-10-07T11:43:23.8219244Z   ok   a body with backtick-bad-event is refused
2026-10-07T11:43:23.8947014Z   ok   a body with bare-na is refused
2026-10-07T11:43:23.9685374Z   ok   a body with folded-entry is refused
2026-10-07T11:43:24.0396559Z   ok   a body with bullet-after-entry is refused
2026-10-07T11:43:24.1086368Z   ok   a body that does not name its red check is refused
2026-10-07T11:43:24.1800037Z   ok   a healthy body with a well-formed friction line is silent (null control)
2026-10-07T11:43:24.2494457Z   ok   a healthy body answering every section with a word is silent (null control)
2026-10-07T11:43:24.3189431Z   ok   a settings file whose hook is missing is refused
2026-10-07T11:43:24.3968064Z   ok   a settings file whose hook is empty is refused
2026-10-07T11:43:24.4607747Z   ok   a settings file whose hook is unreadable is refused
2026-10-07T11:43:24.5279520Z   ok   a settings file whose hook is broken is refused
2026-10-07T11:43:24.5997439Z   ok   a settings file whose hook is self-test-fails is refused
2026-10-07T11:43:24.9302121Z   ok   a settings file whose hook is bad-matcher is refused
2026-10-07T11:43:25.0003362Z   ok   a settings file whose hook is bad-type is refused
2026-10-07T11:43:25.9744176Z   ok   this repository's own three wired hooks pass (null control)
2026-10-07T11:43:26.8816795Z   ok   a settings file whose PreToolUse matcher is star-matcher passes (null control)
2026-10-07T11:43:27.7682977Z   ok   a settings file whose PreToolUse matcher is no-matcher passes (null control)
2026-10-07T11:43:28.6585438Z   ok   a settings file whose PreToolUse matcher is empty-matcher passes (null control)
2026-10-07T11:43:28.6605371Z   ok   a detached HEAD has no branch and so nothing to compare -- compared against -
2026-10-07T11:43:28.6605882Z   ok   a detached HEAD has no branch and so nothing to compare
2026-10-07T11:43:28.6627077Z   ok   a branch with no remote branch yet reports that it cannot compare -- compared against origin/never-pushed
2026-10-07T11:43:28.6627755Z   ok   a branch with no remote branch yet reports that it cannot compare
2026-10-07T11:43:28.6648289Z   ok   a remote branch already at this head is silent (null control) -- compared against origin/own-branch
2026-10-07T11:43:28.6648835Z   ok   a remote branch already at this head is silent (null control)
2026-10-07T11:43:28.6667834Z   ok   an unpushed head warns rather than refusing -- compared against origin/own-branch
2026-10-07T11:43:28.6668146Z   ok   an unpushed head warns rather than refusing
2026-10-07T11:43:28.6687200Z   ok   a remote branch ahead of this head is refused -- compared against origin/own-branch
2026-10-07T11:43:28.6687505Z   ok   a remote branch ahead of this head is refused
2026-10-07T11:43:28.6706905Z   ok   a diverged branch is refused -- compared against origin/own-branch
2026-10-07T11:43:28.6707157Z   ok   a diverged branch is refused
2026-10-07T11:43:28.6726311Z   ok   a branch tracking main is compared against its own remote branch, not @{u} -- compared against origin/w5-g3-tail
2026-10-07T11:43:28.6727015Z   ok   a branch tracking main is compared against its own remote branch, not @{u}
2026-10-07T11:43:28.7875529Z   ok   a body whose figure command cannot resolve is refused
2026-10-07T11:43:28.7889995Z   ok   and the step's own output names the flag, so the step runs the figure check
2026-10-07T11:43:28.8140283Z   ok   a body whose figure command resolves is silent (null control)
2026-10-07T11:43:28.8153623Z   ok   and it reached a verdict rather than examining nothing (null control)
2026-10-07T11:43:28.8847443Z   ok   a body with no `## Approval` is refused when the diff touches a policy path
2026-10-07T11:43:28.8861735Z   ok   and the refusal is the approval gate's own, so the paths reached the check
2026-10-07T11:43:28.9566712Z   ok   the same body is silent when the diff touches no policy path (null control)
2026-10-07T11:43:29.0247453Z   ok   a path list that derived nothing is refused, not read as "touches no policy file"
2026-10-07T11:43:29.1548445Z   ok   a red an earlier pushed commit carried and the body does not name is refused
2026-10-07T11:43:29.1549017Z   ok   and the refusal is the red gate's own, naming the check
2026-10-07T11:43:29.2228518Z   ok   the same ancestry with a body that names the red passes (null control)
2026-10-07T11:43:29.2228990Z   ok   and the ok line names what was answered
2026-10-07T11:43:29.2420908Z   ok   an ancestry whose only failure is pr-contract's own run passes (the exclusion key)
2026-10-07T11:43:29.2421790Z   ok   and the ok line says no red stands, so green was measured, not assumed
2026-10-07T11:43:29.2627416Z   ok   an ancestry no commit of which carries any check run skips, never refuses
2026-10-07T11:43:29.2627967Z   ok   and the skip line names the boundary
2026-10-07T11:43:29.2697143Z   ok   a branch nothing of which is pushed past the merge base skips
2026-10-07T11:43:29.2766861Z   ok   a remote head ref that does not resolve skips
2026-10-07T11:43:29.2794310Z   ok   no credential gh can use skips the arm (never refuses)
2026-10-07T11:43:29.2794553Z   ok   and the skip line says why
2026-10-07T11:43:29.2804579Z   ok   an absent gh skips the arm (never refuses)
2026-10-07T11:43:29.2804792Z   ok   and the skip line says why
2026-10-07T11:43:29.4447177Z   ok   a diff raising a budget leaf with a body silent on budget-raise-gate is refused before the push
2026-10-07T11:43:29.4447572Z   ok   and the refusal is the red gate's own, naming budget-raise-gate
2026-10-07T11:43:29.5884306Z   ok   the same raise with a body naming budget-raise-gate passes (null control)
2026-10-07T11:43:29.5885159Z   ok   and the ok line names the raise it fed
2026-10-07T11:43:29.7179145Z   ok   a budget re-recorded down owes no answer
2026-10-07T11:43:29.7179508Z   ok   and the ok line says no raise was found, so the gate ran
2026-10-07T11:43:29.9559498Z   ok   a diff touching no budget file passes
2026-10-07T11:43:30.0175751Z   ok   a merge base with no gate skips the arm and says so
2026-10-07T11:43:30.0176443Z   ok   and the body check still runs, fed nothing (skip, never refuse)
2026-10-07T11:43:30.0893302Z   ok   a test file defining a production top-level name is refused
2026-10-07T11:43:30.0893770Z   ok   and the refusal is no-copies' own line
2026-10-07T11:43:30.1585166Z   ok   the same test with the name renamed passes (null control)
2026-10-07T11:43:30.1585620Z   ok   and the ok line is no-copies' own, so it ran
2026-10-07T11:43:30.1607324Z   ok   a diff touching no .py under tests/ or custom_components/ skips, even over a copy
2026-10-07T11:43:30.1607859Z   ok   and the skip line names the boundary
2026-10-07T11:43:30.1635322Z   ok   a tree with no tests/closure.py skips, never refuses
2026-10-07T11:43:30.1688848Z   ok   the pr-body step calls body_line, so a predicted raise reaches the body check before the push
2026-10-07T11:43:30.1703640Z   ok   the no-copies step calls copies_line, so a python diff runs closure.py no-copies before the push
2026-10-07T11:43:30.1738518Z   ok   a base that does not resolve makes the path derivation fail
2026-10-07T11:43:30.1739037Z   ok   and leaves no list behind, not even an empty one, so the file key fails closed too
2026-10-07T11:43:30.1785522Z   ok   a base that resolves makes the path derivation succeed (null control)
2026-10-07T11:43:30.1786365Z   ok   and leaves no `.part` behind either, so the temp file is the function's own
2026-10-07T11:43:30.1852037Z   ok   a derivation whose rename fails is refused
2026-10-07T11:43:30.1852660Z   ok   and cleans up after itself, so a failing `mv` leaks no `.part`
2026-10-07T11:43:30.1893374Z   ok   a manifest edit that is not the version field passes (over-fire control)
2026-10-07T11:43:30.1922698Z   ok   a manifest version bump is refused, and named by field
2026-10-07T11:43:30.1952213Z   ok   a VERSION edit is refused
2026-10-07T11:43:30.1981646Z   ok   a stamp-shaped diff is refused on both, and the added key does not mask it
2026-10-07T11:43:30.2011029Z   ok   a release-notes heading is refused, and named
2026-10-07T11:43:30.2039822Z   ok   a notes subsection or bullet passes (over-fire control)
2026-10-07T11:43:30.4389291Z   ok   a pull request editing VERSION is refused
2026-10-07T11:43:30.4508434Z   ok   a pull request editing the manifest version is refused
2026-10-07T11:43:30.4624846Z   ok   a pull request adding a notes heading is refused
2026-10-07T11:43:30.4780565Z   ok   a manifest version edit hidden by a .gitattributes -diff line is still refused
2026-10-07T11:43:30.4921531Z   ok   a notes heading hidden by a .gitattributes -diff line is still refused
2026-10-07T11:43:30.5061242Z   ok   a .gitattributes-only pull request passes (over-fire control for the two arms above)
2026-10-07T11:43:30.5204444Z   ok   a manifest version edit hidden by a diff=<driver> textconv is still refused
2026-10-07T11:43:30.5345764Z   ok   a notes heading hidden by a diff=<driver> textconv is still refused
2026-10-07T11:43:30.5486624Z   ok   a diff=<driver> line with no version edit under it passes (over-fire control for the two arms above)
2026-10-07T11:43:30.5630834Z   ok   a docs-only pull request passes (null control)
2026-10-07T11:43:30.5747580Z   ok   a pull request whose main has stamped since it forked passes (the arm two dots fail)
2026-10-07T11:43:30.5865718Z   ok   a pull request that merged a stamped main passes (null control)
2026-10-07T11:43:30.5886521Z   ok   a main ref that does not resolve is refused, not read as no edit
2026-10-07T11:43:30.6049882Z   ok   --version-edit exits non-zero on a VERSION edit
2026-10-07T11:43:30.6050311Z   ok   and names what it refused
2026-10-07T11:43:30.6212167Z   ok   --version-edit exits zero on a merged, stamped main (null control)
2026-10-07T11:43:30.6366575Z   ok   a body directly in a scratchpad is refused
2026-10-07T11:43:30.6393809Z   ok   a body directly in /tmp is refused
2026-10-07T11:43:30.6429508Z   ok   a body directly in $TMPDIR is refused
2026-10-07T11:43:30.6467802Z   ok   a plain mktemp file is refused (the stated choice)
2026-10-07T11:43:30.6508739Z   ok   a body directly in $HOME is refused
2026-10-07T11:43:30.6551910Z   ok   a body directly in a claude-<uid> root is refused
2026-10-07T11:43:30.6603418Z   ok   a link in a seat directory to a root file is refused
2026-10-07T11:43:30.6654344Z   ok   a link to a seat-directory file passes (null control)
2026-10-07T11:43:30.6695945Z   ok   a body in the seat's own subdirectory passes (null control)
2026-10-07T11:43:30.6737765Z   ok   a body in a mktemp -d directory passes (null control)
2026-10-07T11:43:30.6856975Z   ok   prepr.sh refuses a root body at its call site
2026-10-07T11:43:30.6857324Z   ok   and names the step
2026-10-07T11:43:30.6972700Z   ok   and passes a seat body there (null control)
2026-10-07T11:43:30.6972971Z   ok   printing an ok line, so a skipped step is visible
2026-10-07T11:43:30.7383472Z   ok   a node script is not recorded without strace
2026-10-07T11:43:30.7776094Z   ok   and is recorded with it (null control)
2026-10-07T11:43:30.8167837Z   ok   a Python script is recorded without strace
2026-10-07T11:43:30.8556315Z   ok   stress.py is left to CI: a push takes no gate lease
2026-10-07T11:43:30.8672559Z   ok   an override that cannot parse the tree is refused, never skipped past
2026-10-07T11:43:30.8683867Z   ok   and that refusal names the override, so it is not read as a missing venv
2026-10-07T11:43:30.8697823Z   ok   an override that parses the tree wins over every candidate behind it
2026-10-07T11:43:30.8711475Z   ok   a parsing seat venv outranks a parsing ambient
2026-10-07T11:43:30.8733289Z   ok   a venv that cannot parse is skipped for a parsing ambient: the guard is the parse, not the path
2026-10-07T11:43:30.8747023Z   ok   a parsing ambient is used as-is, so a recording under it is byte-unchanged (null control)
2026-10-07T11:43:30.8760511Z   ok   no candidate parsing the tree is refused before anything is recorded
2026-10-07T11:43:30.8772447Z   ok   and that refusal names the venv build command, not the recording
2026-10-07T11:43:32.3041265Z   ok   6a refuses a branch that edited the claim file and kept main's list, naming --drop-inherited
2026-10-07T11:43:32.3988551Z   ok   6a passes a branch that never edited the claim file it inherited (R9-F10.8)
2026-10-07T11:43:32.4966551Z   ok   6a passes a row-only branch forked before main claimed (the fork point, not the tip)
2026-10-07T11:43:32.5917203Z   ok   6a passes a branch that writes its own claim (null control)
2026-10-07T11:43:34.2551768Z   ok   6b passes a scoped script its committed closure covers (null control)
2026-10-07T11:43:35.8479538Z   ok   6b refuses a scoped script that reads an unlisted file as UNDER-SCOPED
2026-10-07T11:43:37.4190979Z   ok   6b refuses a recording that exited non-zero as failed, not UNDER-SCOPED
2026-10-07T11:43:37.4868381Z   ok   6b skips a diff that reaches no selectable script, recording nothing
2026-10-07T11:43:37.7141470Z   ok   6b records under the interpreter the resolution chose (the R9-FR-3/R9-WEB-5 arm)
2026-10-07T11:43:37.7153525Z   ok   and the recorder received that interpreter as $PYTHON
2026-10-07T11:43:37.8236614Z   ok   6b refuses an override that cannot parse the tree instead of recording under it
2026-10-07T11:43:37.8249398Z   ok   and the step's refusal names the venv build command
2026-10-07T11:43:37.8250009Z   ok   and nothing recorded under the refused interpreter
2026-10-07T11:43:37.9264049Z   ok   the pin reader finds codeowners_gap.py in a pinned job that grades main
2026-10-07T11:43:38.0410524Z   ok   this script and these workflows pass the verdict (null control)
2026-10-07T11:43:38.0537723Z   ok   a pin that never grades main is not counted, and is not a problem (null control)
2026-10-07T11:43:38.0606761Z   ok   a reader that finds no pinned grader at all is refused
2026-10-07T11:43:38.1675665Z   ok   a pinned grader with its local run deleted is named
2026-10-07T11:43:38.2610357Z   ok   a pinned grader whose local run is commented out is named
2026-10-07T11:43:38.3559138Z   ok   a pinned grader called only above rc=0 is named
2026-10-07T11:43:38.4871046Z   ok   governance.yml perturbed (unquoted), with step 3e's run deleted, is refused
2026-10-07T11:43:38.6170820Z   ok   governance.yml perturbed (braced), with step 3e's run deleted, is refused
2026-10-07T11:43:38.6887936Z Traceback (most recent call last):
2026-10-07T11:43:38.6888311Z   File "<stdin>", line 19, in <module>
2026-10-07T11:43:38.6888612Z AssertionError: no-pinned-line
2026-10-07T11:43:38.8144817Z   ok   governance.yml perturbed (no-pinned-line), with step 3e's run deleted, is refused
2026-10-07T11:43:38.8774537Z Traceback (most recent call last):
2026-10-07T11:43:38.8774965Z   File "<stdin>", line 19, in <module>
2026-10-07T11:43:38.8775250Z AssertionError: env-indirect
2026-10-07T11:43:39.0017162Z   ok   governance.yml perturbed (env-indirect), with step 3e's run deleted, is refused
2026-10-07T11:43:39.1290190Z   ok   governance.yml perturbed (x-flag), with step 3e's run deleted, is refused
2026-10-07T11:43:39.2402811Z   ok   governance.yml perturbed (x-flag), with step 3e's run present, passes (null control)
2026-10-07T11:43:39.3672624Z   ok   governance.yml perturbed (bare-python), with step 3e's run deleted, is refused
2026-10-07T11:43:39.4793045Z   ok   governance.yml perturbed (bare-python), with step 3e's run present, passes (null control)
2026-10-07T11:43:39.6103072Z   ok   governance.yml perturbed (uv-run), with step 3e's run deleted, is refused
2026-10-07T11:43:39.7234593Z   ok   governance.yml perturbed (uv-run), with step 3e's run present, passes (null control)
2026-10-07T11:43:39.8564468Z   ok   governance.yml perturbed (continuation), with step 3e's run deleted, is refused
2026-10-07T11:43:39.9702660Z   ok   governance.yml perturbed (continuation), with step 3e's run present, passes (null control)
2026-10-07T11:43:40.1040020Z   ok   governance.yml perturbed (indent4), with step 3e's run deleted, is refused
2026-10-07T11:43:40.2161893Z   ok   governance.yml perturbed (indent4), with step 3e's run present, passes (null control)
2026-10-07T11:43:40.2472226Z   ok   governance.yml perturbed (renamed), with step 3e's run deleted, is refused
2026-10-07T11:43:40.3109419Z Traceback (most recent call last):
2026-10-07T11:43:40.3109684Z   File "<stdin>", line 19, in <module>
2026-10-07T11:43:40.3109899Z AssertionError: queue-base
2026-10-07T11:43:40.4359670Z   ok   governance.yml perturbed (queue-base), with step 3e's run deleted, is refused
2026-10-07T11:43:40.5458934Z   ok   governance.yml perturbed (queue-base), with step 3e's run present, passes (null control)
2026-10-07T11:43:40.5503249Z   ok   a problem names the file its job is in, not the file read next
2026-10-07T11:43:40.5546288Z   ok   a pin named outside every job is refused
2026-10-07T11:43:40.5650226Z   ok   a change to a pinned .mjs touches a pin
2026-10-07T11:43:40.5757463Z   ok   a change under a pinned directory touches a pin
2026-10-07T11:43:40.5880333Z   ok   a change to no pinned path touches none (null control)
2026-10-07T11:43:40.6286032Z   ok   preflight refuses an unintended closing keyword
2026-10-07T11:43:40.6663440Z   ok   preflight accepts an intended one (null control)
2026-10-07T11:43:40.7828487Z   ok   transport: a code head over a base that carries a transport file passes (null control)
2026-10-07T11:43:40.7877955Z   ok   transport: a code commit above a body transport commit is refused
2026-10-07T11:43:40.7928338Z   ok   transport: a body added and deleted again is still refused
2026-10-07T11:43:40.7977029Z   ok   transport: a resume note hidden behind a tree-identical merge is refused
2026-10-07T11:43:40.8023760Z   ok   transport: deleting a transport file main carries passes (null control)
2026-10-07T11:43:40.8073023Z   ok   transport: merging a main that carries a transport file passes (null control)
2026-10-07T11:43:40.8122432Z   ok   transport: a body written in a merge's own resolution is refused
2026-10-07T11:43:40.8145061Z   ok   transport: an unreadable range is refused, never passed
2026-10-07T11:43:40.9138249Z   ok   a change to prepr.sh owes the self-test
2026-10-07T11:43:41.0057475Z   ok   a change to a program a step runs owes the self-test
2026-10-07T11:43:41.1050654Z   ok   a change to a fixture owes the self-test
2026-10-07T11:43:41.2024960Z   ok   a change to none of them owes nothing (null control)
2026-10-07T11:43:41.2970624Z   ok   the derived inputs name tools/pr/preflight.sh
2026-10-07T11:43:41.2981446Z   ok   the derived inputs name tools/policy/figure_lint.mjs
2026-10-07T11:43:41.2994327Z   ok   the derived inputs name tests/env_drift.py
2026-10-07T11:43:41.3005403Z   ok   the derived inputs name tools/policy/counts.mjs
2026-10-07T11:43:41.3017043Z   ok   the derived inputs name tools/policy/render_md.mjs
2026-10-07T11:43:41.3038029Z 
2026-10-07T11:43:41.3038318Z 193 passed, 0 failed
2026-10-07T11:43:41.3071726Z ##[group]Run if test -f tools/audit/push.sh; then bash tools/audit/push.sh --self-test; else bash tools/pr/push.sh --self-test; fi
2026-10-07T11:43:41.3072240Z [36;1mif test -f tools/audit/push.sh; then bash tools/audit/push.sh --self-test; else bash tools/pr/push.sh --self-test; fi[0m
2026-10-07T11:43:41.3126227Z shell: /usr/bin/bash -e {0}
2026-10-07T11:43:41.3126379Z env:
2026-10-07T11:43:41.3126506Z   HPO_JOB_GRADES: nothing
2026-10-07T11:43:41.3126640Z ##[endgroup]
2026-10-07T11:43:41.3292077Z   ok   the head section's SHA is read out of a healthy body
2026-10-07T11:43:41.3316510Z   ok   and out of the stale-head fixture, which is the defect's shape
2026-10-07T11:43:41.3340602Z   ok   a body missing a LATER section still has its head read
2026-10-07T11:43:41.3364437Z   ok   a body with no head section yields no SHA
2026-10-07T11:43:41.3382183Z   ok   an empty listing is a POSITIVE statement that no pull request is open
2026-10-07T11:43:41.3417908Z   ok   a listing naming one pull request yields its number
2026-10-07T11:43:41.3453247Z   ok   two open pull requests on one head: the first is taken, as the old --jq did
2026-10-07T11:43:41.3457253Z   ok   A QUERY THAT FAILED IS unknown, NOT none -- the shape the fix review blocked on
2026-10-07T11:43:41.3460886Z   ok   and a failing status outranks even a well-formed listing (rc is read first)
2026-10-07T11:43:41.3477506Z   ok   exit 0 and nothing printed did not answer either -- gh's --jq does exactly this
2026-10-07T11:43:41.3494785Z   ok   prose on stdout is not a listing (null control on the two array cases)
2026-10-07T11:43:41.3529446Z   ok   an array with no number field is unknown, not a number
2026-10-07T11:43:41.3567962Z   ok   and that answer refuses rather than pushing
2026-10-07T11:43:41.3571723Z   ok   no pull request: the opened run is the first pr-contract run there is
2026-10-07T11:43:41.3575235Z   ok   a pull request exists: the body is set before the push, per S10
2026-10-07T11:43:41.3578786Z   ok   an unanswered query picks no arm; the arm that guesses is the one that pushes
2026-10-07T11:43:41.3582334Z   ok   AN EMPTY ANSWER REFUSES -- it used to read as no pull request, which is the defect
2026-10-07T11:43:41.3585757Z   ok   and so does any other non-number: only the literal none selects the push arm
2026-10-07T11:43:41.3593576Z   ok   a query that failed while a pull request exists does NOT select push-then-create
2026-10-07T11:43:41.3613482Z   ok   and a query that answered none still does (null control on the refusal above)
2026-10-07T11:43:41.3652229Z   ok   and a query that named one still sets the body first
2026-10-07T11:43:41.3652594Z   ok   a policy title over a policy subject agrees
2026-10-07T11:43:41.3652808Z   ok   a non-policy pair agrees (null control)
2026-10-07T11:43:41.3653044Z   ok   a policy title over a non-policy subject disagrees (the WARN arm)
2026-10-07T11:43:41.3654028Z   ok   and the same disagreement the other way round
2026-10-07T11:43:41.4445993Z   ok   before the repair, the contract check refuses the stale head
2026-10-07T11:43:41.4601730Z   ok   write_head reports success on a body that has the heading
2026-10-07T11:43:41.4625536Z   ok   and the section now names the head it was given
2026-10-07T11:43:41.5406215Z   ok   after the repair, the same body passes the contract check
2026-10-07T11:43:41.5438231Z   ok   the rewrite kept every other heading (null control on the repair)
2026-10-07T11:43:41.5473556Z   ok   write_head refuses a `## Head` section containing a code fence
2026-10-07T11:43:41.5486588Z   ok   and leaves the fenced body untouched (null control on the refusal)
2026-10-07T11:43:41.5500238Z   ok   write_head refuses a body with no `## Head` heading
2026-10-07T11:43:41.5511475Z   ok   and leaves that body untouched
2026-10-07T11:43:41.5679687Z   ok   write_head succeeds on a `## Head` section carrying prose beside the SHA
2026-10-07T11:43:41.5703270Z   ok   and the section names the head it was given
2026-10-07T11:43:41.5716720Z   ok   AND THE PROSE SURVIVED -- the section is the record, not a slot for one token
2026-10-07T11:43:41.5749323Z   ok   the repair substitutes one line rather than truncating the section (line count unchanged)
2026-10-07T11:43:41.5761505Z   ok   an unrelated SHA the record cites is left where it stands
2026-10-07T11:43:41.6518094Z   ok   the repaired body passes the contract check at the new head
2026-10-07T11:43:41.7326792Z   ok   AND IS REFUSED AT THE SUPERSEDED ONE -- naming both would empty the `does not name` refusal
2026-10-07T11:43:41.7327488Z   ok   nothing warned: the superseded SHA is gone from the section (null control on the warn below)
2026-10-07T11:43:41.7430384Z   ok   write_head succeeds on a body that already names the head
2026-10-07T11:43:41.7440657Z   ok   and leaves it BYTE-IDENTICAL rather than rewriting it
2026-10-07T11:43:41.7555225Z   ok   write_head succeeds on a section declaring an ABBREVIATED head
2026-10-07T11:43:41.7563984Z   ok   and leaves THAT byte-identical too: an abbreviation names the same commit
2026-10-07T11:43:41.8301811Z   ok   which the contract check accepts, because its test is a substring of the 7-prefix
2026-10-07T11:43:41.8426958Z   ok   write_head succeeds on a section that names no SHA
2026-10-07T11:43:41.8452361Z   ok   and inserts the head under the heading
2026-10-07T11:43:41.8464812Z   ok   leaving that section's prose in place
2026-10-07T11:43:41.9236258Z   ok   and the inserted body passes the contract check
2026-10-07T11:43:41.9407210Z   ok   a section whose PROSE also cites the superseded SHA is still repaired
2026-10-07T11:43:41.9430414Z   ok   and still names the new head first
2026-10-07T11:43:41.9430764Z   ok   and it WARNS, naming the superseded SHA still standing in the prose
2026-10-07T11:43:41.9443901Z   ok   rather than editing the record to suit the check
2026-10-07T11:43:41.9573834Z   ok   the body arm sets the body with the seat token's scopes and succeeds
2026-10-07T11:43:41.9586814Z   ok   and it wrote the body with one REST PATCH, not gh pr edit
2026-10-07T11:43:41.9599903Z   ok   gh pr edit was not called at all
2026-10-07T11:43:41.9614042Z   ok   in order: the write, then the read-back, then the push, and nothing else
2026-10-07T11:43:41.9623741Z   ok   and the live body is byte-identical to the checked body file
2026-10-07T11:43:41.9712252Z   ok   an unchanged body passes the arm again (null control)
2026-10-07T11:43:41.9722330Z   ok   and still reaches the push
2026-10-07T11:43:41.9753867Z   ok   a refused PATCH refuses the arm
2026-10-07T11:43:41.9766683Z   ok   and NOTHING was pushed
2026-10-07T11:43:41.9779605Z   ok   and the refusal keeps its message and names the stage that failed
2026-10-07T11:43:41.9863133Z   ok   a body that reads back different refuses, though the PATCH returned 0
2026-10-07T11:43:41.9875657Z   ok   and NOTHING was pushed
2026-10-07T11:43:41.9887976Z   ok   and names the difference as the reason
2026-10-07T11:43:41.9946619Z   ok   a body that cannot be read back refuses
2026-10-07T11:43:41.9959662Z   ok   and NOTHING was pushed
2026-10-07T11:43:41.9972325Z   ok   and names the failed read, not a difference (the read's status is read)
2026-10-07T11:43:41.9989001Z   ok   no line of this script invokes gh pr edit
2026-10-07T11:43:42.0003228Z   ok   and the body-then-push arm calls body_then_push
2026-10-07T11:43:42.0003622Z   ok   one trailing newline is allowed on the live side
2026-10-07T11:43:42.0003817Z   ok   and on the wanted side
2026-10-07T11:43:42.0006068Z   ok   a trailing space is a difference (null control on the allowance)
2026-10-07T11:43:42.0006334Z   ok   and so are two trailing newlines
2026-10-07T11:43:42.0025243Z 
2026-10-07T11:43:42.0025392Z 77 passed, 0 failed
2026-10-07T11:43:42.0054832Z ##[group]Run if test -f tools/audit/app_approve.sh; then bash tools/audit/app_approve.sh --self-test; else bash tools/pr/app_approve.sh --self-test; fi
2026-10-07T11:43:42.0055391Z [36;1mif test -f tools/audit/app_approve.sh; then bash tools/audit/app_approve.sh --self-test; else bash tools/pr/app_approve.sh --self-test; fi[0m
2026-10-07T11:43:42.0108216Z shell: /usr/bin/bash -e {0}
2026-10-07T11:43:42.0108363Z env:
2026-10-07T11:43:42.0108483Z   HPO_JOB_GRADES: nothing
2026-10-07T11:43:42.0108623Z ##[endgroup]
2026-10-07T11:43:42.2904252Z ok   the allowlist is exactly the approver App's login and id
2026-10-07T11:43:42.5965066Z ok   a merge verdict at the live head of an open, unowned pull request is approved
2026-10-07T11:43:42.5982014Z ok   with exactly one review POST
2026-10-07T11:43:42.6163175Z ok   whose event is APPROVE and whose commit_id is the asked-for SHA
2026-10-07T11:43:42.6180425Z ok   and whose body cites the verdict comment
2026-10-07T11:43:42.6195820Z ok   the POST carried the installation token, from a header file
2026-10-07T11:43:42.6207477Z ok   and that header file was mode 600 while it existed
2026-10-07T11:43:42.6222695Z ok   the head was read twice: before the mint and again before the POST
2026-10-07T11:43:42.6236508Z ok   the installation token is revoked on exit
2026-10-07T11:43:42.6256167Z ok   the private directory is gone after a success
2026-10-07T11:43:42.6273827Z ok   no token, JWT, key or signature text in stdout or stderr after a success
2026-10-07T11:43:42.6286994Z ok   (null control: the leak grep does find the token where it really is)
2026-10-07T11:43:42.6301558Z ok   (null control: and the JWT header, where it really is)
2026-10-07T11:43:42.6316807Z ok   and the read-back line is printed
2026-10-07T11:43:42.6331054Z ok   (fixture: the evidence dir names the head, so the approval above passed the gate honestly)
2026-10-07T11:43:42.9406281Z ok   under bash -x the approval still runs
2026-10-07T11:43:42.9424862Z ok   and no token, JWT, key or signature text reaches the trace
2026-10-07T11:43:42.9437815Z ok   (null control: a JWT was signed on that run)
2026-10-07T11:43:43.0128899Z ok   REFUSE: the live head moved off the asked-for SHA
2026-10-07T11:43:43.0145545Z ok   naming the moved head
2026-10-07T11:43:43.0160493Z ok   and nothing was minted or posted
2026-10-07T11:43:43.2683937Z ok   REFUSE: the head moved between the mint and the POST
2026-10-07T11:43:43.2700371Z ok   and no review was posted
2026-10-07T11:43:43.2715478Z ok   the minted token is revoked after that refusal
2026-10-07T11:43:43.2735659Z ok   and the private directory is gone, token and all
2026-10-07T11:43:43.3455389Z ok   REFUSE: a merged pull request, even at its own head with a merge verdict
2026-10-07T11:43:43.3472404Z ok   and nothing was minted or posted
2026-10-07T11:43:43.4517459Z ok   REFUSE: no Fix review verdict at all
2026-10-07T11:43:43.4534884Z ok   saying so, not falling through to the SHA comparison
2026-10-07T11:43:43.4550861Z ok   and nothing was minted or posted
2026-10-07T11:43:43.5605311Z ok   REFUSE: the merge verdict is for another SHA
2026-10-07T11:43:43.5621668Z ok   naming the SHA the verdict is for
2026-10-07T11:43:43.6658750Z ok   REFUSE: a newer blocked verdict, on a later page, overrides an older merge
2026-10-07T11:43:43.7700636Z ok   REFUSE: a merge verdict from an outsider (association NONE)
2026-10-07T11:43:43.7717203Z ok   and nothing was minted or posted
2026-10-07T11:43:43.8771878Z ok   REFUSE: a merge verdict from a CONTRIBUTOR outside the allowlist
2026-10-07T11:43:43.9803229Z ok   REFUSE: a tvofi verdict, the identity decision 0013 retired from verdicts
2026-10-07T11:43:43.9820018Z ok   read as no App verdict, its OWNER association and evidence notwithstanding
2026-10-07T11:43:43.9834473Z ok   and nothing was minted or posted
2026-10-07T11:43:44.0867746Z ok   REFUSE: a verdict as the author App (#1233's defect)
2026-10-07T11:43:44.1889283Z ok   REFUSE: the App's login on a non-Bot user record
2026-10-07T11:43:44.2922544Z ok   REFUSE: the App's login and type under another numeric id
2026-10-07T11:43:44.2938211Z ok   and nothing was minted or posted
2026-10-07T11:43:44.3964128Z ok   REFUSE: a verdict from the retired seat account is outside the allowlist
2026-10-07T11:43:44.3980982Z ok   read as no allowlisted verdict, its evidence dir notwithstanding
2026-10-07T11:43:44.3995217Z ok   and nothing was minted or posted
2026-10-07T11:43:44.5524829Z ok   REFUSE: the verdict cites an evidence directory that does not exist
2026-10-07T11:43:44.5541120Z ok   naming the missing directory
2026-10-07T11:43:44.5554760Z ok   and nothing was minted or posted
2026-10-07T11:43:44.7082074Z ok   REFUSE: the evidence directory holds no file naming the head
2026-10-07T11:43:44.7098498Z ok   naming the exact-sha rule it failed
2026-10-07T11:43:44.7113608Z ok   and nothing was minted or posted
2026-10-07T11:43:44.8122618Z ok   REFUSE: '(review-1591/).' and 'a/b/' start no token -- no mid-word slash
2026-10-07T11:43:44.8137546Z ok   read as citing no path at all, not as citing '/'
2026-10-07T11:43:44.8151131Z ok   and nothing was minted or posted
2026-10-07T11:43:44.9156436Z ok   REFUSE: a bare root surrounded by spaces starts no token either
2026-10-07T11:43:44.9171857Z ok   and nothing was minted or posted
2026-10-07T11:43:45.0687378Z ok   REFUSE: a single path component, even one that exists, is refused outright
2026-10-07T11:43:45.0703742Z ok   naming the component-count rule it failed
2026-10-07T11:43:45.0717067Z ok   and nothing was minted or posted
2026-10-07T11:43:45.3744209Z ok   a trailing slash on an otherwise-good evidence path is stripped, not refused
2026-10-07T11:43:45.5260329Z ok   REFUSE: a missing directory cited with a trailing slash
2026-10-07T11:43:45.5277867Z ok   (kills the trailing-slash-strip mutant) the cited path in the message has no trailing slash
2026-10-07T11:43:45.5293343Z ok   (null control) that same message never carries a trailing slash either
2026-10-07T11:43:45.5311149Z ok   pin M3: the boundary class still includes '(' -- the common '(evidence: ...)' citation shape needs it
2026-10-07T11:43:45.8373703Z ok   (kills the paren-boundary mutant, M3) '(' starts a token, ')' is stripped off it
2026-10-07T11:43:46.1409116Z ok   (kills the bracket-boundary mutant) '[' starts a token, ']' is stripped off it
2026-10-07T11:43:46.4450256Z ok   (kills the backtick-boundary mutant) a backtick starts a token, and ends it
2026-10-07T11:43:46.7496237Z ok   (kills the token-character-class mutant) the token stops at the backtick, not after it
2026-10-07T11:43:47.0542370Z ok   (kills the quote-boundary mutant) a single quote starts a token too
2026-10-07T11:43:47.2088202Z ok   REFUSE: /tmp/../ resolves to the root, however many slashes it typed
2026-10-07T11:43:47.2104934Z ok   and nothing was minted or posted
2026-10-07T11:43:47.3653262Z ok   REFUSE: <a real component>/../../ collapses to the root too
2026-10-07T11:43:47.3670039Z ok   and nothing was minted or posted
2026-10-07T11:43:47.5218868Z ok   REFUSE: a doubled slash alongside a dot-segment still resolves to the root
2026-10-07T11:43:47.5235679Z ok   and nothing was minted or posted
2026-10-07T11:43:47.5253924Z ok   pin M18: resolution reads the PHYSICAL directory; `pwd` alone can report a symlink's logical name instead
2026-10-07T11:43:47.5270928Z ok   pin: a resolved path that is its own mount point is refused
2026-10-07T11:43:47.6824532Z ok   REFUSE: //tmp/../ resolves to // (not /), and still must be refused
2026-10-07T11:43:47.6841476Z ok   and nothing was minted or posted
2026-10-07T11:43:47.8378882Z ok   REFUSE: //dev/fd must not slip past the /dev refusal and reopen the forgery hole
2026-10-07T11:43:47.8395487Z ok   naming the devfs refusal specifically, not just a missing directory
2026-10-07T11:43:47.9936263Z ok   REFUSE: //proc/self must not slip past the /proc refusal either
2026-10-07T11:43:47.9953608Z ok   naming the procfs refusal specifically, where /proc exists
2026-10-07T11:43:48.1502905Z ok   REFUSE: /proc/self is never qualifying evidence
2026-10-07T11:43:48.1520577Z ok   naming the procfs refusal specifically, where /proc exists
2026-10-07T11:43:48.3056129Z ok   REFUSE: /dev/fd is the same hole under devfs
2026-10-07T11:43:48.3073359Z ok   naming the devfs refusal specifically
2026-10-07T11:43:48.4623830Z ok   REFUSE: /sys/kernel is the same hole under sysfs
2026-10-07T11:43:48.4640525Z ok   naming the sysfs refusal specifically
2026-10-07T11:43:48.5687406Z ok   REFUSE: an outsider's later merge does not displace an allowlisted blocked
2026-10-07T11:43:48.5704768Z ok   the allowlisted blocked verdict is the one read
2026-10-07T11:43:48.8754460Z ok   an outsider's later blocked does not displace an allowlisted merge either
2026-10-07T11:43:49.0472126Z ok   REFUSE: a pull request touching a CODEOWNERS path
2026-10-07T11:43:49.0490958Z ok   naming the owned path
2026-10-07T11:43:49.0506488Z ok   and nothing was minted or posted
2026-10-07T11:43:49.2202659Z ok   REFUSE: an exact owned file at the root
2026-10-07T11:43:49.3728069Z ok   REFUSE: a rename whose OLD path is owned
2026-10-07T11:43:49.6943375Z ok   a later owner-less line un-owns: COMMON.md is approvable (last match wins)
2026-10-07T11:43:49.8475270Z ok   REFUSE: CODEOWNERS unreadable at ref=main, failing closed
2026-10-07T11:43:49.8490776Z ok   and it was asked for at ref=main
2026-10-07T11:43:50.0019430Z ok   REFUSE: a CODEOWNERS holding no rules, failing closed
2026-10-07T11:43:50.0406988Z ok   REFUSE: the App private key is missing
2026-10-07T11:43:50.0421407Z ok   failing closed with a clear message
2026-10-07T11:43:50.0436876Z ok   before any gh, openssl or curl call
2026-10-07T11:43:50.0827350Z ok   REFUSE: an App id with a non-digit in it
2026-10-07T11:43:50.0841114Z ok   refused as malformed, not stripped to digits
2026-10-07T11:43:50.0855516Z ok   before any gh, openssl or curl call
2026-10-07T11:43:50.1237240Z ok   REFUSE: an abbreviated SHA is not an exact head
2026-10-07T11:43:50.1250958Z ok   refused as a malformed argument, before any call
2026-10-07T11:43:50.3754634Z ok   a refused POST exits non-zero
2026-10-07T11:43:50.3770518Z ok   the token is revoked after the failed POST
2026-10-07T11:43:50.3789852Z ok   the private directory is gone after the failed POST
2026-10-07T11:43:50.3802824Z ok   (the token header file did exist during that POST)
2026-10-07T11:43:50.3819798Z ok   and no token, JWT, key or signature text reached stdout or stderr
2026-10-07T11:43:50.5343117Z ok   --dry-run passes every refusal
2026-10-07T11:43:50.5359729Z ok   and makes no curl call: nothing minted, nothing posted
2026-10-07T11:43:50.5374367Z ok   and signs nothing
2026-10-07T11:43:50.5388748Z ok   reporting what it would do
2026-10-07T11:43:50.7061206Z ok   --dry-run still refuses what a real run would
2026-10-07T11:43:50.7263130Z ok   CARRY: a merge from main that leaves the branch's own diff byte-identical
2026-10-07T11:43:50.7425072Z ok   CARRY: a ci: commit that changes nothing
2026-10-07T11:43:50.7558918Z ok   NO CARRY: the same merge with one byte of a.txt changed in its resolution (null control)
2026-10-07T11:43:50.7572112Z ok   refused as a hand-resolved merge
2026-10-07T11:43:50.7654320Z ok   NO CARRY: a commit of the branch's own
2026-10-07T11:43:50.7745286Z ok   NO CARRY: an empty commit of the branch's own, which the byte comparison alone would pass
2026-10-07T11:43:50.7842222Z ok   NO CARRY: a ci: commit that changes the branch's diff
2026-10-07T11:43:50.7855379Z ok   refused as a ci: commit outside the driver files
2026-10-07T11:43:50.8014212Z ok   CARRY: a ci: commit that rewrites only a merge-driver file
2026-10-07T11:43:50.8600296Z ok   NO CARRY: a hand resolution that moves the branch's change to another function with the same context
2026-10-07T11:43:50.8612969Z ok   refused as a hand-resolved merge, whatever the diffs compare
2026-10-07T11:43:50.8840095Z ok   NO CARRY: a ci: commit that moves the branch's change to another function with the same context
2026-10-07T11:43:50.8852465Z ok   refused by the ci: guard
2026-10-07T11:43:50.8947346Z ok   NO CARRY: a merge of a branch that is not main
2026-10-07T11:43:50.9450244Z ok   NO CARRY: one merge of main and another branch at once
2026-10-07T11:43:50.9527870Z ok   NO CARRY: a rewritten head, not a descendant of the verdict's
2026-10-07T11:43:50.9573030Z ok   NO CARRY: a head behind the verdict's, the same tree (only the ancestor check refuses it)
2026-10-07T11:43:50.9776860Z ok   CARRY: a merge from main that shifted the branch's hunk and rewrote a merge-driver file
2026-10-07T11:43:50.9975387Z ok   NO CARRY: a merge from main that changed a context line of the branch's hunk
2026-10-07T11:43:51.0173506Z ok   NO CARRY: a driver the branch gave its own file, since drivers are read at main
2026-10-07T11:43:51.3339171Z ok   a merge verdict at V is approved at a head it carries to
2026-10-07T11:43:51.3512863Z ok   at the live head, and the review says it was carried
2026-10-07T11:43:51.3530229Z ok   printing the carry it relied on
2026-10-07T11:43:51.5178863Z ok   REFUSE: the verdict at V does not carry to a head one byte away (null control)
2026-10-07T11:43:51.5195439Z ok   saying why
2026-10-07T11:43:51.5209320Z ok   and nothing was minted or posted
2026-10-07T11:43:51.6836762Z ok   REFUSE: a carried verdict whose evidence names neither head
2026-10-07T11:43:51.7024030Z app_approve self-test: 147 checks, 0 failed
2026-10-07T11:43:51.7050488Z ##[group]Run if test -f tools/audit/app_comment.sh; then bash tools/audit/app_comment.sh --self-test; else bash tools/pr/app_comment.sh --self-test; fi
2026-10-07T11:43:51.7051077Z [36;1mif test -f tools/audit/app_comment.sh; then bash tools/audit/app_comment.sh --self-test; else bash tools/pr/app_comment.sh --self-test; fi[0m
2026-10-07T11:43:51.7108763Z shell: /usr/bin/bash -e {0}
2026-10-07T11:43:51.7108911Z env:
2026-10-07T11:43:51.7109038Z   HPO_JOB_GRADES: nothing
2026-10-07T11:43:51.7109177Z ##[endgroup]
2026-10-07T11:43:51.9601691Z ok   a merge verdict at the live head of an open pull request is posted
2026-10-07T11:43:51.9614693Z ok   with exactly one comment POST
2026-10-07T11:43:51.9629039Z ok   whose body is the file, byte for byte
2026-10-07T11:43:51.9642697Z ok   the POST carried the installation token, from a header file
2026-10-07T11:43:51.9652709Z ok   and that header file was mode 600 while it existed
2026-10-07T11:43:51.9665559Z ok   the head was read twice: before the mint and again before the POST
2026-10-07T11:43:51.9677950Z ok   the comment was read back off the API
2026-10-07T11:43:51.9690862Z ok   and gh_comment.py printed an identical read-back
2026-10-07T11:43:51.9704192Z ok   naming the App it posted as
2026-10-07T11:43:51.9716323Z ok   the installation token is revoked on exit
2026-10-07T11:43:51.9733474Z ok   the private directory is gone after a success
2026-10-07T11:43:51.9749008Z ok   no token, JWT, key or signature text in stdout or stderr
2026-10-07T11:43:51.9761164Z ok   (null control: the leak grep does find the token where it really is)
2026-10-07T11:43:52.2068801Z ok   under bash -x the post still runs
2026-10-07T11:43:52.2085714Z ok   and no token, JWT, key or signature text reaches the trace
2026-10-07T11:43:52.2098686Z ok   (null control: a JWT was signed on that run)
2026-10-07T11:43:52.4427051Z ok   a blocked head-moved verdict posts although its SHA is not the live head
2026-10-07T11:43:52.5006647Z ok   REFUSE: a merge verdict for a head that is not the live one
2026-10-07T11:43:52.5021615Z ok   naming the moved head
2026-10-07T11:43:52.5035270Z ok   and nothing was minted or posted
2026-10-07T11:43:52.6380333Z ok   REFUSE: the head moved between the mint and the POST
2026-10-07T11:43:52.6393497Z ok   and no comment was posted
2026-10-07T11:43:52.6406436Z ok   the minted token is revoked after that refusal
2026-10-07T11:43:52.6424054Z ok   and the private directory is gone, token and all
2026-10-07T11:43:52.6999311Z ok   REFUSE: a closed pull request
2026-10-07T11:43:52.7369481Z ok   REFUSE: a first line outside the verdict grammar: 'LGTM'
2026-10-07T11:43:52.7383513Z ok     and nothing was minted or posted
2026-10-07T11:43:52.7754130Z ok   REFUSE: a first line outside the verdict grammar: 'Fix review: merge 1111111'
2026-10-07T11:43:52.7768386Z ok     and nothing was minted or posted
2026-10-07T11:43:52.8134423Z ok   REFUSE: a first line outside the verdict grammar: 'Fix review: merge 1111111111111111111111111111111111111111 extra'
2026-10-07T11:43:52.8148272Z ok     and nothing was minted or posted
2026-10-07T11:43:52.8516210Z ok   REFUSE: a first line outside the verdict grammar: 'fix review: merge 1111111111111111111111111111111111111111'
2026-10-07T11:43:52.8530508Z ok     and nothing was minted or posted
2026-10-07T11:43:52.8903688Z ok   REFUSE: a first line outside the verdict grammar: 'Fix review: blocked 1111111111111111111111111111111111111111'
2026-10-07T11:43:52.8917321Z ok     and nothing was minted or posted
2026-10-07T11:43:52.9301265Z ok   REFUSE: a first line outside the verdict grammar: 'Fix review: approve 1111111111111111111111111111111111111111'
2026-10-07T11:43:52.9316501Z ok     and nothing was minted or posted
2026-10-07T11:43:52.9691756Z ok   REFUSE: a body file directly in a shared root (gh_comment.py's refusal)
2026-10-07T11:43:52.9707253Z ok     refused before the mint: nothing minted or posted
2026-10-07T11:43:53.0054285Z ok   REFUSE: an absent body file
2026-10-07T11:43:53.0070552Z ok     before any gh, openssl or curl call
2026-10-07T11:43:53.1897023Z ok   REFUSE: a post that reads back as the author App (#1233's defect)
2026-10-07T11:43:53.1909789Z ok   naming the identity it landed as
2026-10-07T11:43:53.1922994Z ok     and it is not reported as verified
2026-10-07T11:43:53.1935757Z ok     and the token is still revoked
2026-10-07T11:43:53.1984009Z ok   REFUSE: only the author App's key present; it is never used
2026-10-07T11:43:53.1998339Z ok     before any gh, openssl or curl call
2026-10-07T11:43:53.4268080Z ok   REFUSE: a comment that does not read back byte-identical
2026-10-07T11:43:53.4280782Z ok   naming the id it left on the record
2026-10-07T11:43:53.5935267Z ok   a refused POST exits non-zero
2026-10-07T11:43:53.5947393Z ok   the token is revoked after the failed POST
2026-10-07T11:43:53.5964950Z ok   the private directory is gone after the failed POST
2026-10-07T11:43:53.5980978Z ok   and no secret text reached stdout or stderr
2026-10-07T11:43:53.6533696Z ok   --dry-run passes every refusal
2026-10-07T11:43:53.6547253Z ok   and makes no curl call: nothing minted, nothing posted
2026-10-07T11:43:53.6559926Z ok   and signs nothing
2026-10-07T11:43:53.7120425Z ok   --dry-run still refuses what a real run would
2026-10-07T11:43:53.7121117Z app_comment self-test: 57 checks, 0 failed
2026-10-07T11:43:53.7192689Z ##[group]Run bash tools/audit/seat/bus.sh --self-test
2026-10-07T11:43:53.7192937Z [36;1mbash tools/audit/seat/bus.sh --self-test[0m
2026-10-07T11:43:53.7247132Z shell: /usr/bin/bash -e {0}
2026-10-07T11:43:53.7247278Z env:
2026-10-07T11:43:53.7247398Z   HPO_JOB_GRADES: nothing
2026-10-07T11:43:53.7247533Z ##[endgroup]
2026-10-07T11:43:54.0539172Z   ok   a verdict posts as a comment through app_comment.sh, never as an approving review
2026-10-07T11:43:54.0618616Z   ok   push-verdict refuses a first line outside the grammar
2026-10-07T11:43:54.0712437Z   ok   push-verdict refuses a verdict with no nonce line
2026-10-07T11:43:54.0815124Z   ok   push-verdict refuses evidence that names no head
2026-10-07T11:43:54.0911496Z   ok   push-verdict refuses a verdict with no evidence directory
2026-10-07T11:43:54.0972366Z   ok   push-verdict refuses a non-numeric pull request
2026-10-07T11:43:54.1008966Z   ok   no refused push left a review ref
2026-10-07T11:43:54.1160359Z   ok   a first pass records a baseline and posts nothing
2026-10-07T11:43:54.2398335Z   ok   watch --post posts neither a forged proposal nor a forged verdict ref
2026-10-07T11:43:54.2698189Z   ok   confirm promotes no proposal that was never dispatched
2026-10-07T11:43:54.3480536Z   ok   a verdict signed with a key that is not the approver's does not post
2026-10-07T11:43:54.3576433Z   ok   dispatch records pr, head and reviewer and prints a fresh nonce
2026-10-07T11:43:54.3651889Z   ok   two dispatches mint two nonces
2026-10-07T11:43:54.4425690Z   ok   another dispatch's nonce does not count
2026-10-07T11:43:54.5035569Z   ok   push-verdict proposes on review/<pr>, fast-forwarding it
2026-10-07T11:43:54.5414694Z   ok   watch reports a new handoff ref
2026-10-07T11:43:54.5428600Z   ok   watch reports a new review ref
2026-10-07T11:43:54.5458052Z   ok   a dispatched proposal waits for the orchestrator's confirmation, naming the reviewer
2026-10-07T11:43:54.5628824Z   ok   a confirmation for a commit that is not the tip posts nothing
2026-10-07T11:43:54.5704661Z   ok   confirm refuses on a machine without the approver key
2026-10-07T11:43:54.6640526Z   ok   confirm signs the proposal onto verdict/<pr> and posts it once
2026-10-07T11:43:54.6671076Z   ok   the signed verdict carries the reviewer's tree unchanged
2026-10-07T11:43:54.6683163Z   ok   the posted body names the reviewer and the proposal
2026-10-07T11:43:54.6694656Z   ok   the posted body keeps the reviewer's first line
2026-10-07T11:43:54.6720162Z   ok   the posted body cites an absolute evidence directory that names the head
2026-10-07T11:43:54.6732898Z   ok   the poster is called with the repository and pull request
2026-10-07T11:43:54.6951818Z   ok   watch passes over a verdict it already posted
2026-10-07T11:43:54.7083587Z   ok   an unchanged pass reports and posts nothing
2026-10-07T11:43:54.7328929Z   ok   post refuses a commit already posted
2026-10-07T11:43:54.8619039Z   ok   a signed verdict moved to another pull request does not post
2026-10-07T11:43:54.8631783Z   ok   a signature over another tree does not post
2026-10-07T11:43:54.9496345Z   ok   round 1's nonce does not count at another head
2026-10-07T11:43:55.1084545Z   ok   a later round fast-forwards the verdict ref and is posted
2026-10-07T11:43:55.2044711Z   ok   a confirmed verdict replayed after a later round does not post again
2026-10-07T11:43:55.2727159Z   ok   a replay with its signature line re-encoded does not post again
2026-10-07T11:43:55.3407889Z   ok   a replay with its signature line re-encoded does not post again
2026-10-07T11:43:55.3532777Z   ok   a signature line that is not canonical base64 does not verify
2026-10-07T11:43:55.4086127Z   ok   watch refuses a raw ref outside the grammar and posts nothing
2026-10-07T11:43:55.4215379Z   ok   a refused verdict is not retried on the next pass
2026-10-07T11:43:55.4733086Z   ok   watch refuses a raw proposal whose only naming file is VERDICT.md
2026-10-07T11:43:55.6183274Z   ok   a poster refusal is reported and not recorded as posted
2026-10-07T11:43:55.6652714Z   ok   post retries a refused verdict by hand
2026-10-07T11:43:55.6894971Z   ok   watch reports a deleted ref
2026-10-07T11:43:55.7193470Z   ok   watch without --once exits on its first event
2026-10-07T11:43:58.7217658Z   ok   watch without --once keeps waiting while nothing changes
2026-10-07T11:43:58.7317425Z bus self-test: 45 checks, 0 failed
2026-10-07T11:43:58.7348969Z ##[group]Run set -o pipefail
2026-10-07T11:43:58.7349163Z [36;1mset -o pipefail[0m
2026-10-07T11:43:58.7349628Z [36;1mif test -f .claude/workflows/budget_raise_gate.py; then python3 .claude/workflows/budget_raise_gate.py --self-test; else python3 tools/policy/budget_raise_gate.py --self-test; fi| tee "$RUNNER_TEMP/brg-self-test.txt"[0m
2026-10-07T11:43:58.7350228Z [36;1mgrep -Eq '^budget_raise_gate self-test: [1-9][0-9]* checks, 0 failed$' "$RUNNER_TEMP/brg-self-test.txt"[0m
2026-10-07T11:43:58.7402330Z shell: /usr/bin/bash -e {0}
2026-10-07T11:43:58.7402475Z env:
2026-10-07T11:43:58.7402589Z   HPO_JOB_GRADES: nothing
2026-10-07T11:43:58.7402718Z ##[endgroup]
2026-10-07T11:43:58.7913299Z   ok   structure: null control
2026-10-07T11:43:58.7913713Z   ok   structure: a metric re-recorded down is routine
2026-10-07T11:43:58.7914036Z   ok   structure: a metric up is a raise
2026-10-07T11:43:58.7914265Z   ok   structure: a metric deleted is a raise
2026-10-07T11:43:58.7914552Z   ok   structure: a new metric is not a raise
2026-10-07T11:43:58.7914723Z   ok   mutation: null control
2026-10-07T11:43:58.7914935Z   ok   mutation: ledger rows re-keyed after a line shift are routine
2026-10-07T11:43:58.7915174Z   ok   mutation: the unpinned count up is a raise
2026-10-07T11:43:58.7915380Z   ok   mutation: a survivor fraction up is a raise
2026-10-07T11:43:58.7915591Z   ok   mutation: the committed count removed is a raise
2026-10-07T11:43:58.7915782Z   ok   coverage: null control
2026-10-07T11:43:58.7915969Z   ok   coverage: a floor up, a pragma paid off, is routine
2026-10-07T11:43:58.7916166Z   ok   coverage: a floor down is a raise
2026-10-07T11:43:58.7916341Z   ok   coverage: the ceiling down is a raise
2026-10-07T11:43:58.7916521Z   ok   coverage: a pragma added is a raise
2026-10-07T11:43:58.7916678Z   ok   stress: null control
2026-10-07T11:43:58.7916857Z   ok   stress: a scenario re-recorded cheaper is routine
2026-10-07T11:43:58.7917047Z   ok   stress: a ratio up is a raise
2026-10-07T11:43:58.7917221Z   ok   stress: a scenario dropped is a raise
2026-10-07T11:43:58.7917400Z   ok   stress: the override lowered is a raise
2026-10-07T11:43:58.7917659Z   ok   stress: the override withdrawn is routine (the literal is stricter)
2026-10-07T11:43:58.7917888Z   ok   stress: an override granted is a raise
2026-10-07T11:43:58.7918049Z   ok   typing: null control
2026-10-07T11:43:58.7918266Z   ok   typing: a re-measured environment and a new record sha are routine
2026-10-07T11:43:58.7918500Z   ok   typing: a type-ignore added is a raise
2026-10-07T11:43:58.7918691Z   ok   typing: an error code appearing is a raise
2026-10-07T11:43:58.7918894Z   ok   typing: the ruler's toolchain moved is a raise
2026-10-07T11:43:58.7919069Z   ok   policy: null control
2026-10-07T11:43:58.7919294Z   ok   policy: a cap down, a deleted file's cap dropped, a sample widened are routine
2026-10-07T11:43:58.7919543Z   ok   policy: a per-file cap up is a raise
2026-10-07T11:43:58.7919723Z   ok   policy: the band widened is a raise
2026-10-07T11:43:58.7919907Z   ok   policy: a role's sample narrowed is a raise
2026-10-07T11:43:58.7920120Z   ok   policy: a cap dropped while its file stays is a raise
2026-10-07T11:43:58.7920327Z   ok   structure: a metric set to NaN is a raise
2026-10-07T11:43:58.7920518Z   ok   coverage: a floor set to NaN is a raise
2026-10-07T11:43:58.7920709Z   ok   structure: a metric set to +inf is a raise
2026-10-07T11:43:58.7920900Z   ok   coverage: a floor set to +inf is a raise
2026-10-07T11:43:58.7921092Z   ok   structure: a metric set to -inf is a raise
2026-10-07T11:43:58.7921528Z   ok   coverage: a floor set to -inf is a raise
2026-10-07T11:43:58.7921779Z   ok   structure: a metric set to a string is a raise
2026-10-07T11:43:58.7921980Z   ok   coverage: a floor set to a string is a raise
2026-10-07T11:43:58.7922172Z   ok   structure: a metric set to null is a raise
2026-10-07T11:43:58.7922357Z   ok   coverage: a floor set to null is a raise
2026-10-07T11:43:58.7922782Z   ok   structure: a metric set to a bool is a raise
2026-10-07T11:43:58.7922975Z   ok   coverage: a floor set to a bool is a raise
2026-10-07T11:43:58.7923165Z   ok   structure: a new metric at NaN is a raise
2026-10-07T11:43:58.7923362Z   ok   structure: a new metric as a string is a raise
2026-10-07T11:43:58.7923574Z   ok   mutation: the survivor fraction at +inf is a raise
2026-10-07T11:43:58.7923767Z   ok   stress: a ratio at NaN is a raise
2026-10-07T11:43:58.7924103Z   ok   stress: the override floor at -inf is a raise
2026-10-07T11:43:58.7924302Z   ok   typing: a new error code at +inf is a raise
2026-10-07T11:43:58.7924492Z   ok   policy: a per-file cap at NaN is a raise
2026-10-07T11:43:58.7924713Z   ok   a NaN base lowered to a number is not a raise (null control)
2026-10-07T11:43:58.7924945Z   ok   unknown file: a change with no schema is a raise
2026-10-07T11:43:58.7925134Z   ok   unknown file: added is a raise
2026-10-07T11:43:58.7925306Z   ok   a budget file deleted is a raise
2026-10-07T11:43:58.7925483Z   ok   a head that does not parse is a raise
2026-10-07T11:43:58.7925689Z   ok   no raise: passes with no review at all (null control)
2026-10-07T11:43:58.7925883Z   ok   no raise: never reads the API
2026-10-07T11:43:58.7926047Z   ok   an approved raise passes
2026-10-07T11:43:58.7926204Z   ok   an unapproved raise fails
2026-10-07T11:43:58.7926388Z   ok   a raise approved only by the approver App fails
2026-10-07T11:43:58.7926587Z   ok   a stale approval on an older SHA fails
2026-10-07T11:43:58.7926775Z   ok   an approval then changes requested fails
2026-10-07T11:43:58.7926953Z   ok   an approval then dismissed fails
2026-10-07T11:43:58.7927129Z   ok   an approval then a comment still passes
2026-10-07T11:43:58.7927319Z   ok   a stale approval then a fresh one passes
2026-10-07T11:43:58.7927510Z   ok   an account named tvofi with another id fails
2026-10-07T11:43:58.7927768Z   ok   the owner's id under another login fails (a rename is re-pinned, not followed)
2026-10-07T11:43:58.7928043Z   ok   the owner's id and login on a non-User account fails
2026-10-07T11:43:58.7928250Z   ok   a reviews read that fails, fails closed
2026-10-07T11:43:58.7928557Z   ok   a raise approved at the head by an agent-declared review fails (the orchestrator's mandate wording)
2026-10-07T11:43:58.7928969Z   ok   a raise approved at the head by an agent-declared review fails (the 'given by the orchestrator' wording)
2026-10-07T11:43:58.7929331Z   ok   a raise approved at the head by an agent-declared review fails (a seat's wording)
2026-10-07T11:43:58.7929672Z   ok   a raise approved at the head by an agent-declared review fails (a delegation's wording)
2026-10-07T11:43:58.7930017Z   ok   a raise approved at the head by an agent-declared review fails (a mandate named alone)
2026-10-07T11:43:58.7930346Z   ok   a raise approved at the head by an agent-declared review fails (the agent footer)
2026-10-07T11:43:58.7930660Z   ok   the owner's own approval at the head still passes beside an agent-declared one
2026-10-07T11:43:58.7930955Z   ok   an agent-declared approval does not revive the owner's stale one
2026-10-07T11:43:58.7931216Z   ok   an owner approval with an empty body passes (null control)
2026-10-07T11:43:58.7931633Z   ok   an owner approval whose body names no agent passes (null control)
2026-10-07T11:43:58.7931842Z   ok   the refusal names why
2026-10-07T11:43:58.7932078Z   ok   mandate: an agent's approval at the head under a budget-raise mandate passes
2026-10-07T11:43:58.7932356Z   ok   mandate: ... and the verdict names the mandate it used
2026-10-07T11:43:58.7932660Z   ok   mandate: ... and the review stays declared an agent's (nothing hides authorship)
2026-10-07T11:43:58.7932910Z   ok   mandate: scope all covers a raise
2026-10-07T11:43:58.7933099Z   ok   mandate: until programme-end is open-ended
2026-10-07T11:43:58.7933324Z   ok   mandate: the review's comment URL is a citation too
2026-10-07T11:43:58.7933570Z   ok   mandate: no raise reads no mandate (null control)
2026-10-07T11:43:58.7933908Z   ok   mandate: a review submitted after `until` fails
2026-10-07T11:43:58.7934136Z   ok   mandate: a review submitted exactly at `until` fails
2026-10-07T11:43:58.7934354Z   ok   mandate: a review submitted before `from` fails
2026-10-07T11:43:58.7934635Z   ok   mandate: a `from` back-dated before the comment existed starts at the comment
2026-10-07T11:43:58.7934912Z   ok   mandate: a mandate edited after the review fails
2026-10-07T11:43:58.7935212Z   ok   mandate: a review with no submitted_at fails
2026-10-07T11:43:58.7935411Z   ok   mandate: a mandate tvofi revoked fails
2026-10-07T11:43:58.7935626Z   ok   mandate: ... and the refusal names the revocation
2026-10-07T11:43:58.7935903Z   ok   mandate: a revocation by another account revokes nothing (null control)
2026-10-07T11:43:58.7936237Z   ok   mandate: a revocation of another mandate revokes nothing (null control)
2026-10-07T11:43:58.7936675Z   ok   mandate: a mandate comment by another account fails
2026-10-07T11:43:58.7937154Z   ok   mandate: a mandate comment by an account named tvofi with another id fails
2026-10-07T11:43:58.7937490Z   ok   mandate: a mandate comment by the approver App fails
2026-10-07T11:43:58.7937739Z   ok   mandate: a mandate comment on another issue fails
2026-10-07T11:43:58.7937993Z   ok   mandate: a cited comment that does not exist fails
2026-10-07T11:43:58.7938262Z   ok   mandate: a mandate comment on #201 of another repository fails
2026-10-07T11:43:58.7938548Z   ok   mandate: a mandate read that fails, fails closed
2026-10-07T11:43:58.7938797Z   ok   mandate: a body that is not the grammar fails
2026-10-07T11:43:58.7939020Z   ok   mandate: a time with no zone fails
2026-10-07T11:43:58.7939252Z   ok   mandate: scope code-owned does not cover a raise
2026-10-07T11:43:58.7939520Z   ok   mandate: a mandated approval on a non-head commit fails
2026-10-07T11:43:58.7939830Z   ok   mandate: an agent's approval citing no mandate still fails (null control)
2026-10-07T11:43:58.7940118Z   ok   mandate: a review citing two mandates fails
2026-10-07T11:43:58.7940404Z   ok   mandate: an agent's CHANGES_REQUESTED under a mandate decides nothing
2026-10-07T11:43:58.7940686Z   ok   mandate: the owner's own later CHANGES_REQUESTED still decides
2026-10-07T11:43:58.7940973Z   ok   mandate: a mandated approval from another account is not the owner's
2026-10-07T11:43:58.7941274Z   ok   mandate: the revocation 'MANDATE REVOKED 4100000001.' revokes
2026-10-07T11:43:58.7941682Z   ok   mandate: the revocation 'MANDATE REVOKED #4100000001' revokes
2026-10-07T11:43:58.7941942Z   ok   mandate: the revocation 'MANDATE REVOKED: 4100000001' revokes
2026-10-07T11:43:58.7942192Z   ok   mandate: the revocation 'Mandate revoked 4100000001' revokes
2026-10-07T11:43:58.7942475Z   ok   mandate: the revocation 'Ending it now.\nMANDATE REVOKED 4100000001' revokes
2026-10-07T11:43:58.7942928Z   ok   mandate: the revocation 'I revoke mandate https://github.com/tvofi/heatpump_optimizer/issues/201#issuecomment-4100000001' revokes
2026-10-07T11:43:58.7943378Z   ok   mandate: a revocation naming a longer id that contains this one revokes nothing (null control)
2026-10-07T11:43:58.7943749Z   ok   mandate: tvofi's comment naming the id with no revocation word revokes nothing (null control)
2026-10-07T11:43:58.7944037Z   ok   mandate: a mandate edited before the review fails
2026-10-07T11:43:58.7944254Z   ok   mandate: ... and the refusal says it was edited
2026-10-07T11:43:58.7944524Z   ok   mandate: a body that is not the grammar is refused as such, not as an unread mandate
2026-10-07T11:43:58.7944858Z   ok   mandate: a mandated approval does not override tvofi's own earlier CHANGES_REQUESTED
2026-10-07T11:43:58.7945114Z   ok   mandate: ... and the refusal says so
2026-10-07T11:43:58.7945384Z   ok   mandate: tvofi's own later approval clears his CHANGES_REQUESTED, as before (null control)
2026-10-07T11:43:58.7945677Z   ok   mandate: tvofi's own earlier DISMISSED blocks nothing
2026-10-07T11:43:58.7945876Z   ok   the tree has budget files to read
2026-10-07T11:43:58.7946191Z   ok   dev/governance/config/policy_budgets.json: has a schema
2026-10-07T11:43:58.7946483Z   ok   dev/governance/config/policy_budgets.json: carries at least one cap the gate reads
2026-10-07T11:43:58.7946816Z   ok   dev/governance/config/policy_budgets.json: null control, the file against itself
2026-10-07T11:43:58.7947182Z   ok   dev/governance/config/policy_budgets.json: every cap moved the strict way is routine (47 cap(s))
2026-10-07T11:43:58.7947625Z   ok   dev/governance/config/policy_budgets.json: every cap moved the loose way is a raise
2026-10-07T11:44:00.4315424Z   ok   tests/coverage_budgets.json: has a schema
2026-10-07T11:44:00.4315917Z   ok   tests/coverage_budgets.json: carries at least one cap the gate reads
2026-10-07T11:44:00.4316395Z   ok   tests/coverage_budgets.json: null control, the file against itself
2026-10-07T11:44:00.4316909Z   ok   tests/coverage_budgets.json: every cap moved the strict way is routine (5 cap(s))
2026-10-07T11:44:00.4317426Z   ok   tests/coverage_budgets.json: every cap moved the loose way is a raise
2026-10-07T11:44:00.4317852Z   ok   tests/mutation_budgets.json: has a schema
2026-10-07T11:44:00.4318243Z   ok   tests/mutation_budgets.json: carries at least one cap the gate reads
2026-10-07T11:44:00.4318694Z   ok   tests/mutation_budgets.json: null control, the file against itself
2026-10-07T11:44:00.4319190Z   ok   tests/mutation_budgets.json: every cap moved the strict way is routine (2 cap(s))
2026-10-07T11:44:00.4319660Z   ok   tests/mutation_budgets.json: every cap moved the loose way is a raise
2026-10-07T11:44:00.4319913Z   ok   tests/stress_budgets.json: has a schema
2026-10-07T11:44:00.4320164Z   ok   tests/stress_budgets.json: carries at least one cap the gate reads
2026-10-07T11:44:00.4320440Z   ok   tests/stress_budgets.json: null control, the file against itself
2026-10-07T11:44:00.4320741Z   ok   tests/stress_budgets.json: every cap moved the strict way is routine (216 cap(s))
2026-10-07T11:44:00.4321045Z   ok   tests/stress_budgets.json: every cap moved the loose way is a raise
2026-10-07T11:44:00.4321525Z   ok   tests/structure_budgets.json: has a schema
2026-10-07T11:44:00.4321806Z   ok   tests/structure_budgets.json: carries at least one cap the gate reads
2026-10-07T11:44:00.4322095Z   ok   tests/structure_budgets.json: null control, the file against itself
2026-10-07T11:44:00.4322413Z   ok   tests/structure_budgets.json: every cap moved the strict way is routine (16 cap(s))
2026-10-07T11:44:00.4322736Z   ok   tests/structure_budgets.json: every cap moved the loose way is a raise
2026-10-07T11:44:00.4322978Z   ok   tests/typing_budgets.json: has a schema
2026-10-07T11:44:00.4323212Z   ok   tests/typing_budgets.json: carries at least one cap the gate reads
2026-10-07T11:44:00.4323491Z   ok   tests/typing_budgets.json: null control, the file against itself
2026-10-07T11:44:00.4323787Z   ok   tests/typing_budgets.json: every cap moved the strict way is routine (2 cap(s))
2026-10-07T11:44:00.4324092Z   ok   tests/typing_budgets.json: every cap moved the loose way is a raise
2026-10-07T11:44:00.4324329Z   ok   e2e: a routine edit exits 0 (null control)
2026-10-07T11:44:00.4324513Z   ok   e2e: ... reads no reviews
2026-10-07T11:44:00.4324715Z   ok   e2e: ... compares at the fork point, not the moved base
2026-10-07T11:44:00.4324936Z   ok   e2e: ... and reports every budget file it read
2026-10-07T11:44:00.4325189Z   ok   e2e: a budget file moved to its new path, unchanged, is no raise (R9-RO-2)
2026-10-07T11:44:00.4325474Z   ok   e2e: ... and one raised as it moved is a raise, named at its old path
2026-10-07T11:44:00.4325698Z   ok   e2e: an unapproved raise exits 1
2026-10-07T11:44:00.4325868Z   ok   e2e: ... names the raise
2026-10-07T11:44:00.4326060Z   ok   e2e: ... after asking for this PR's reviews, every page
2026-10-07T11:44:00.4326307Z   ok   e2e: a raise approved on the head, on the second page, exits 0
2026-10-07T11:44:00.4326546Z   ok   e2e: a raise whose latest approval is stale exits 1
2026-10-07T11:44:00.4326791Z   ok   e2e: a raise approved at the head under a mandate in force exits 0
2026-10-07T11:44:00.4327214Z   ok   e2e: ... after reading the comment, then #201 since it was written
2026-10-07T11:44:00.4327436Z   ok   e2e: ... and exits 1 once tvofi revokes it
2026-10-07T11:44:00.4327640Z   ok   e2e: a cited mandate that does not exist exits 1
2026-10-07T11:44:00.4327857Z   ok   e2e: a mandate read that fails otherwise exits 1
2026-10-07T11:44:00.4328110Z   ok   e2e: a reviews read that exits non-zero exits 1, whatever it printed
2026-10-07T11:44:00.4328456Z   ok   e2e: a cap edited to NaN exits 1
2026-10-07T11:44:00.4328641Z   ok   e2e: an added budget file with no schema exits 1
2026-10-07T11:44:00.4328831Z   ok   e2e: a deleted budget file exits 1
2026-10-07T11:44:00.4329037Z   ok   e2e: a per-file cap dropped while the file stays exits 1
2026-10-07T11:44:00.4329282Z   ok   e2e: --repo is the repository asked
2026-10-07T11:44:00.4329474Z   ok   e2e: without --repo, GITHUB_REPOSITORY is
2026-10-07T11:44:00.4329664Z   ok   e2e: no --pr exits 2 and asks nothing
2026-10-07T11:44:00.4329856Z   ok   e2e: an unknown flag exits 2 and asks nothing
2026-10-07T11:44:00.4330079Z   ok   e2e: a trailing flag with no value exits 2 and asks nothing
2026-10-07T11:44:00.4330291Z   ok   e2e: an unresolvable base fails closed
2026-10-07T11:44:00.4330539Z   ok   rerun: a passing review run re-runs the red pull_request run at its head
2026-10-07T11:44:00.4330794Z   ok   rerun: only the newest pull_request run counts
2026-10-07T11:44:00.4331010Z   ok   rerun: ... and it is the one re-run when it is red
2026-10-07T11:44:00.4331241Z   ok   rerun: a failing review run re-runs nothing (the red stands)
2026-10-07T11:44:00.4331686Z   ok   rerun: a pull_request trigger re-runs nothing (no loop on the re-run's own completion)
2026-10-07T11:44:00.4331964Z   ok   rerun: another workflow's run is not the gate
2026-10-07T11:44:00.4332167Z   ok   rerun: a red run at another head is left alone
2026-10-07T11:44:00.4332376Z   ok   rerun: a red run of another workflow is left alone
2026-10-07T11:44:00.4332573Z   ok   rerun: a cancelled run is left alone
2026-10-07T11:44:00.4332755Z   ok   rerun: a run still going is waited for
2026-10-07T11:44:00.4332970Z WAIT: run 3 at hhhhhhhhhhhh is in_progress
2026-10-07T11:44:00.4333179Z RERUN: run 3 at hhhhhhhhhhhh concluded failure
2026-10-07T11:44:00.4333359Z RESULT rerun_requested=3
2026-10-07T11:44:00.4333553Z   ok   rerun: end to end, waits for the run and then re-runs it
2026-10-07T11:44:00.4333777Z WAIT: run 3 at hhhhhhhhhhhh is in_progress
2026-10-07T11:44:00.4333965Z WAIT: run 3 at hhhhhhhhhhhh is in_progress
2026-10-07T11:44:00.4334156Z WAIT: run 3 at hhhhhhhhhhhh is in_progress
2026-10-07T11:44:00.4334341Z WAIT: run 3 at hhhhhhhhhhhh is in_progress
2026-10-07T11:44:00.4334588Z REFUSED: the pull_request run did not finish in time; re-run it by hand
2026-10-07T11:44:00.4334858Z   ok   rerun: a run that never finishes is a red job, not a silent pass
2026-10-07T11:44:00.4335096Z RERUN: run 3 at hhhhhhhhhhhh concluded failure
2026-10-07T11:44:00.4335267Z REFUSED: HTTP 403
2026-10-07T11:44:00.4335430Z   ok   rerun: a refused re-run request is a red job
2026-10-07T11:44:00.4335676Z NONE: run 3 at hhhhhhhhhhhh concluded success; nothing is stale
2026-10-07T11:44:00.4335908Z   ok   rerun: nothing stale posts nothing (null control)
2026-10-07T11:44:00.4336129Z budget_raise_gate self-test: 202 checks, 0 failed
2026-10-07T11:44:00.4428901Z ##[group]Run set -o pipefail
2026-10-07T11:44:00.4429091Z [36;1mset -o pipefail[0m
2026-10-07T11:44:00.4429548Z [36;1mif test -f .claude/workflows/contract_rerun.py; then python3 .claude/workflows/contract_rerun.py --self-test; else python3 tools/pr/contract_rerun.py --self-test; fi| tee "$RUNNER_TEMP/crr-self-test.txt"[0m
2026-10-07T11:44:00.4430133Z [36;1mgrep -Eq '^contract_rerun self-test: [1-9][0-9]* checks, 0 failed$' "$RUNNER_TEMP/crr-self-test.txt"[0m
2026-10-07T11:44:00.4484344Z shell: /usr/bin/bash -e {0}
2026-10-07T11:44:00.4484487Z env:
2026-10-07T11:44:00.4484608Z   HPO_JOB_GRADES: nothing
2026-10-07T11:44:00.4484743Z ##[endgroup]
2026-10-07T11:44:00.4737838Z   ok   a red that finished after the contract started re-runs the contract
2026-10-07T11:44:00.4738446Z   ok   a contract that started after the red finished is left alone (null control)
2026-10-07T11:44:00.4738869Z   ok   only the newest contract run counts
2026-10-07T11:44:00.4739268Z   ok   ... and it is the one re-run when it is stale
2026-10-07T11:44:00.4739584Z   ok   a green run is no new red
2026-10-07T11:44:00.4740218Z   ok   a timed-out run re-runs the contract (the mutation lane's limit)
2026-10-07T11:44:00.4740644Z   ok   a cancelled run at a superseded head is no new red
2026-10-07T11:44:00.4741053Z   ok   a cancelled run with no pull request named is no new red
2026-10-07T11:44:00.4741679Z   ok   a cancelled run still at the pull request's head re-runs the contract
2026-10-07T11:44:00.4742052Z   ok   a skipped run is no new red
2026-10-07T11:44:00.4742383Z   ok   the contract's own completion re-runs nothing (no loop)
2026-10-07T11:44:00.4742749Z   ok   a contract run at another head is left alone
2026-10-07T11:44:00.4743061Z   ok   another workflow's run is not the contract
2026-10-07T11:44:00.4743457Z   ok   a push run at the head is not the contract the pull request shows
2026-10-07T11:44:00.4743839Z   ok   a contract still running is waited for
2026-10-07T11:44:00.4744156Z   ok   a missing start time is read as stale
2026-10-07T11:44:00.4744465Z   ok   a missing finish time is read as stale
2026-10-07T11:44:00.4744795Z   ok   a red from any other watched workflow counts
2026-10-07T11:44:00.4745191Z WAIT: contract run 3 at hhhhhhhhhhhh is in_progress
2026-10-07T11:44:00.4745791Z RERUN: contract run 3 started 2026-09-26T10:01:00Z, before the red run 9 finished 2026-09-26T10:20:00Z
2026-10-07T11:44:00.4746244Z RESULT rerun_requested=3
2026-10-07T11:44:00.4746554Z   ok   end to end: waits for the contract, then re-runs it
2026-10-07T11:44:00.4746957Z   ok   end to end: lists the contract's runs at the red run's head
2026-10-07T11:44:00.4747377Z WAIT: contract run 3 at hhhhhhhhhhhh is in_progress
2026-10-07T11:44:00.4747754Z WAIT: contract run 3 at hhhhhhhhhhhh is in_progress
2026-10-07T11:44:00.4748118Z WAIT: contract run 3 at hhhhhhhhhhhh is in_progress
2026-10-07T11:44:00.4748467Z WAIT: contract run 3 at hhhhhhhhhhhh is in_progress
2026-10-07T11:44:00.4748918Z REFUSED: the contract run did not finish in time; re-run it by hand
2026-10-07T11:44:00.4749409Z   ok   end to end: a contract that never finishes is a red job, not a silent pass
2026-10-07T11:44:00.4750050Z RERUN: contract run 3 started 2026-09-26T10:01:00Z, before the red run 9 finished 2026-09-26T10:20:00Z
2026-10-07T11:44:00.4750482Z REFUSED: HTTP 403
2026-10-07T11:44:00.4750757Z   ok   end to end: a refused re-run request is a red job
2026-10-07T11:44:00.4751468Z NONE: contract run 3 started 2026-09-26T10:21:00Z, after the red finished 2026-09-26T10:20:00Z; it listed it
2026-10-07T11:44:00.4752003Z   ok   end to end: nothing stale posts nothing (null control)
2026-10-07T11:44:00.4752326Z REFUSED: HTTP 502
2026-10-07T11:44:00.4752584Z   ok   end to end: an unreadable run fails closed
2026-10-07T11:44:00.4752941Z contract_rerun self-test: 24 checks, 0 failed
2026-10-07T11:44:00.4816316Z ##[group]Run set -o pipefail
2026-10-07T11:44:00.4816508Z [36;1mset -o pipefail[0m
2026-10-07T11:44:00.4816753Z [36;1mpython3 tools/audit/merge_fastpath.py --self-test | tee "$RUNNER_TEMP/mfp-self-test.txt"[0m
2026-10-07T11:44:00.4817125Z [36;1mgrep -Eq '^merge_fastpath self-test: [1-9][0-9]* checks, 0 failed$' "$RUNNER_TEMP/mfp-self-test.txt"[0m
2026-10-07T11:44:00.4870577Z shell: /usr/bin/bash -e {0}
2026-10-07T11:44:00.4870723Z env:
2026-10-07T11:44:00.4870844Z   HPO_JOB_GRADES: nothing
2026-10-07T11:44:00.4870980Z ##[endgroup]
2026-10-07T11:44:00.5475275Z /home/runner/work/heatpump_optimizer/heatpump_optimizer/dev/audit/rounds/round6/D11/fix/codeowners_gap.py:857: SyntaxWarning: invalid escape sequence '\;'
2026-10-07T11:44:00.5476134Z   ("find -exec", _run("find tools -name '*.sh' -exec {} \;")),
2026-10-07T11:44:00.5527050Z   ok   disjoint closures are eligible (null control)
2026-10-07T11:44:00.5527416Z   ok   main changed a file the selected script reads
2026-10-07T11:44:00.5527767Z   ok   ... and the mirror: the pull request's file is in the closure main changed
2026-10-07T11:44:00.5528041Z   ok   an overlap only the head's table records still refuses
2026-10-07T11:44:00.5528252Z   ok   a merge-tree conflict refuses
2026-10-07T11:44:00.5528598Z   ok   a workflow change on main refuses
2026-10-07T11:44:00.5528795Z   ok   a claim-file change on the pull request refuses
2026-10-07T11:44:00.5528998Z   ok   a pinned grader changed on main refuses
2026-10-07T11:44:00.5529201Z   ok   an unmeasured budget file on either side refuses
2026-10-07T11:44:00.5529469Z   ok   a measured one is the overlap's to judge, not a refusal of its own (null control)
2026-10-07T11:44:00.5529736Z   ok   a gate file in the pull request is FULL and refuses
2026-10-07T11:44:00.5529973Z   ok   an unmeasured file in the pull request is FULL and refuses
2026-10-07T11:44:00.5530338Z   ok   an INERT-only pull request selects nothing and is eligible against code when no script runs always (null control)
2026-10-07T11:44:00.5530817Z   ok   #1823's probe: the pull request links a file from SECURITY.md and main deletes it, and a run_always script reads both unrecorded
2026-10-07T11:44:00.5531197Z   ok   ... the same pair with no run_always script is eligible (null control)
2026-10-07T11:44:00.5531710Z   ok   an unrecorded file on main's side alone refuses too
2026-10-07T11:44:00.5532075Z   ok   R9-F10.9d: a docs/delivery row main adds, which no run_always script opened, is eligible once the table records the INERT reads
2026-10-07T11:44:00.5532460Z   ok   ... and the pull request's own delivery row beside a code change main made
2026-10-07T11:44:00.5532765Z   ok   a doc a run_always script opened still refuses (null control for the pair above)
2026-10-07T11:44:00.5533013Z   ok   ... on the pull request's side too
2026-10-07T11:44:00.5533248Z   ok   a new page beside the docs a script opened refuses: it may glob the folder
2026-10-07T11:44:00.5533512Z   ok   an unmeasured file that is not INERT refuses even then
2026-10-07T11:44:00.5533770Z   ok   a table in which one side never measured the reads keeps the old answer
2026-10-07T11:44:00.5534071Z   ok   this tree's table records harness_headers.py's INERT reads, LICENSE among them
2026-10-07T11:44:00.5534412Z   ok   main changed what a run_always script reads, which the pull request never selected: overlap
2026-10-07T11:44:00.5534755Z   ok   ... and with that script not run_always, the same pair is eligible (null control)
2026-10-07T11:44:00.5535018Z   ok   the run_always scripts are read from tests/run.sh
2026-10-07T11:44:00.5535230Z   ok   this tree's run.sh runs harness_headers.py always
2026-10-07T11:44:00.5535434Z   ok   no determinable pull-request file refuses
2026-10-07T11:44:00.5535691Z   ok   main unmoved since the CI base: even a gate change is eligible (null control)
2026-10-07T11:44:00.5535927Z   ok   ... but never past a conflict
2026-10-07T11:44:00.5536140Z   ok   the grader specs are the restore pathspecs the workflows name
2026-10-07T11:44:00.5536513Z   ok   this tree's workflows pin the governance programs
2026-10-07T11:44:00.5536741Z merge_fastpath self-test: 33 checks, 0 failed
2026-10-07T11:44:00.5639051Z ##[group]Run set -euo pipefail
2026-10-07T11:44:00.5639246Z [36;1mset -euo pipefail[0m
2026-10-07T11:44:00.5639441Z [36;1mpython3 -I tools/audit/seat/tmp_paths.py --self-test[0m
2026-10-07T11:44:00.5639675Z [36;1mpython3 -I tools/audit/seat/tmp_paths.py --check[0m
2026-10-07T11:44:00.5693715Z shell: /usr/bin/bash -e {0}
2026-10-07T11:44:00.5693858Z env:
2026-10-07T11:44:00.5693978Z   HPO_JOB_GRADES: nothing
2026-10-07T11:44:00.5694112Z ##[endgroup]
2026-10-07T11:44:00.5970378Z   ok   a state dir under /private/tmp is refused
2026-10-07T11:44:00.5970785Z   ok   a fixed /tmp state name is refused
2026-10-07T11:44:00.5971061Z   ok   a home path is refused
2026-10-07T11:44:00.5971474Z   ok   an instrument run from ~ is refused
2026-10-07T11:44:00.5971780Z   ok   an instrument run from $HOME is refused
2026-10-07T11:44:00.5972123Z   ok   a decision record citing /private/tmp is refused
2026-10-07T11:44:00.5972480Z   ok   a workflow invoking a ~/ instrument is refused
2026-10-07T11:44:00.5972951Z   ok   a repo-relative path passes (null control)
2026-10-07T11:44:00.5973266Z   ok   a $TMPDIR default passes
2026-10-07T11:44:00.5973927Z   ok   a per-process temp name passes
2026-10-07T11:44:00.5974220Z   ok   a runner's /tmp in a workflow passes
2026-10-07T11:44:00.5974489Z   ok   the gate lease passes
2026-10-07T11:44:00.5974810Z   ok   the lease does not excuse another /tmp name on its line
2026-10-07T11:44:00.5975125Z   ok   the state root passes
2026-10-07T11:44:00.5975378Z   ok   the cloud checkout root passes
2026-10-07T11:44:00.5975644Z   ok   round evidence is out of scope
2026-10-07T11:44:00.5976029Z   ok   a harness under dev/audit/harnesses is scanned and a wave record is not
2026-10-07T11:44:00.5976433Z   ok   an allow entry excuses only its own file
2026-10-07T11:44:00.5976758Z   ok   an allow entry that matches nothing is reported stale
2026-10-07T11:44:00.5977144Z   ok   refused: an env default to /tmp with a fixed name
2026-10-07T11:44:00.5977481Z   ok   refused: $TMPDIR with a fixed name
2026-10-07T11:44:00.5977790Z   ok   refused: a variable holding /private/tmp
2026-10-07T11:44:00.5978105Z   ok   refused: os.path.join over /tmp
2026-10-07T11:44:00.5978436Z   ok   refused: tempfile.gettempdir() plus a fixed name
2026-10-07T11:44:00.5978775Z   ok   refused: os.path.join over gettempdir()
2026-10-07T11:44:00.5979074Z   ok   refused: a concatenation
2026-10-07T11:44:00.5979342Z   ok   refused: $$ elsewhere on the line
2026-10-07T11:44:00.5979615Z   ok   refused: $$ in a comment
2026-10-07T11:44:00.5979922Z   ok   refused: the lease name with a suffix concatenated
2026-10-07T11:44:00.5980285Z   ok   refused: /home/user outside the cloud checkout
2026-10-07T11:44:00.5980645Z   ok   refused: pathlib's / over Path("/tmp")
2026-10-07T11:44:00.5980943Z   ok   refused: an f-string under /tmp
2026-10-07T11:44:00.5981270Z   ok   refused: os.environ["TMPDIR"] plus a fixed name
2026-10-07T11:44:00.5981725Z   ok   refused: pathlib's / over gettempdir()
2026-10-07T11:44:00.5982048Z   ok   refused: a hook command in settings.json
2026-10-07T11:44:00.5982383Z   ok   an env default with a per-process name passes
2026-10-07T11:44:00.5982715Z   ok   a bare $TMPDIR handed to mktemp passes
2026-10-07T11:44:00.5983003Z   ok   a list of temp roots passes
2026-10-07T11:44:00.5983276Z   ok   prose naming /tmp passes
2026-10-07T11:44:00.5983568Z   ok   a TMPDIR fallback to the bare root passes
2026-10-07T11:44:00.5983913Z   ok   refused: a fixed name after a `?? '/tmp'` fallback
2026-10-07T11:44:00.5984239Z   ok   the cloud worktree root passes
2026-10-07T11:44:00.5984570Z tmp_paths self-test: 42 checks, 0 failed
2026-10-07T11:44:00.6540858Z tmp_paths: 0 refused, 0 stale allow entries at HEAD
2026-10-07T11:44:00.6615349Z ##[group]Run set -o pipefail
2026-10-07T11:44:00.6615546Z [36;1mset -o pipefail[0m
2026-10-07T11:44:00.6615795Z [36;1mpython3 tools/audit/seat/merge_train.py --self-test | tee "$RUNNER_TEMP/mt-self-test.txt"[0m
2026-10-07T11:44:00.6616164Z [36;1mgrep -Eq '^merge_train self-test: [1-9][0-9]* checks, 0 failed$' "$RUNNER_TEMP/mt-self-test.txt"[0m
2026-10-07T11:44:00.6669894Z shell: /usr/bin/bash -e {0}
2026-10-07T11:44:00.6670052Z env:
2026-10-07T11:44:00.6670170Z   HPO_JOB_GRADES: nothing
2026-10-07T11:44:00.6670307Z ##[endgroup]
2026-10-07T11:44:00.7519467Z   ok   a green, carried, non-policy pull request merges (null control)
2026-10-07T11:44:00.7519799Z   ok   a pull request with no docs/delivery/<N>.md row is refused
2026-10-07T11:44:00.7520036Z   ok   nightly-status red is ignored by default
2026-10-07T11:44:00.7520272Z   ok   a red required check stops the train before any approval
2026-10-07T11:44:00.7520512Z   ok   a re-run that went green supersedes the earlier red
2026-10-07T11:44:00.7520786Z   ok   CI that never completes stops it as TIMEOUT
2026-10-07T11:44:00.7520986Z   ok   a verdict that does not carry stops it
2026-10-07T11:44:00.7521168Z   ok   main moving during CI stops it
2026-10-07T11:44:00.7521568Z   ok   a policy pull request is never approved, even under a mandate
2026-10-07T11:44:00.7521869Z   ok   a head that moves before the approval stops it
2026-10-07T11:44:00.7522096Z   ok   a policy filter that fails its sentinel probe stops it
2026-10-07T11:44:00.7522479Z   ok   code-owned without --mandate stops it
2026-10-07T11:44:00.7522681Z   ok   code-owned with --mandate approves and merges
2026-10-07T11:44:00.7522935Z   ok   the mandate body names the label, role, paths, verdict comment and head
2026-10-07T11:44:00.7523201Z   ok   code-owned with a budget file is not mandate-approved
2026-10-07T11:44:00.7523447Z   ok   a missing-evidence refusal is not overridden by a mandate
2026-10-07T11:44:00.7523665Z   ok   a recarry conflict stops it, named as one
2026-10-07T11:44:00.7523858Z   ok   a recarry that pushed nothing stops it
2026-10-07T11:44:00.7524078Z   ok   a head behind main is recarried, then merged at the new head
2026-10-07T11:44:00.7524457Z   ok   an absorbed-branch recarry lands in a real fixture repo: the worktree is the branch, the tip gate passes, the merge runs
2026-10-07T11:44:00.7524809Z   ok   a title preflight refusal stops it before the merge
2026-10-07T11:44:00.7525027Z   ok   a REFUSE line stops it even beside a clean line
2026-10-07T11:44:00.7525240Z   ok   the merge is retried until GitHub reports MERGED
2026-10-07T11:44:00.7525433Z   ok   a merge GitHub never takes stops it
2026-10-07T11:44:00.7525603Z   ok   the queue runs in order
2026-10-07T11:44:00.7525765Z   ok   the first refusal stops the queue
2026-10-07T11:44:00.7526007Z   ok   a blocked verdict echoing the code-owned words is not mandate-approved (B1)
2026-10-07T11:44:00.7526374Z   ok   a blocked verdict QUOTING app_approve's own code-owned line mid-line is not mandate-approved (anchor)
2026-10-07T11:44:00.7526695Z   ok   a merge base that exits 0 but is not a sha stops the train
2026-10-07T11:44:00.7526981Z   ok   the anchored code-owned refusal line still takes the mandate path (null control)
2026-10-07T11:44:00.7527320Z   ok   another pull request's code-owned line does not take the mandate path for this one
2026-10-07T11:44:00.7527640Z   ok   a head that moves between the App's refusal and the mandate review stops it
2026-10-07T11:44:00.7527949Z   ok   a rename that moves a policy file out of the corpus is refused as policy (B2)
2026-10-07T11:44:00.7528195Z   ok   a failing git diff stops the train (B3)
2026-10-07T11:44:00.7528396Z   ok   a failing git merge-base stops the train (B3)
2026-10-07T11:44:00.7528625Z   ok   fewer check runs than --min-runs is not complete CI
2026-10-07T11:44:00.7528821Z   ok   action_required is not green
2026-10-07T11:44:00.7528972Z   ok   stale is not green
2026-10-07T11:44:00.7529138Z   ok   skipped and neutral are green (null control)
2026-10-07T11:44:00.7529469Z   ok   the CI read pages past the first 100 runs
2026-10-07T11:44:00.7529693Z   ok   main moving after approval and before the merge stops it
2026-10-07T11:44:00.7529910Z   ok   a preflight that never says clean stops it
2026-10-07T11:44:00.7530124Z   ok   a queue entry with a malformed verdict sha is refused
2026-10-07T11:44:00.7530354Z merge_train self-test: 43 checks, 0 failed
2026-10-07T11:44:00.7617624Z ##[group]Run if test -f .claude/workflows/figure_lint.mjs; then node .claude/workflows/figure_lint.mjs --self-test; else node tools/policy/figure_lint.mjs --self-test; fi
2026-10-07T11:44:00.7618261Z [36;1mif test -f .claude/workflows/figure_lint.mjs; then node .claude/workflows/figure_lint.mjs --self-test; else node tools/policy/figure_lint.mjs --self-test; fi[0m
2026-10-07T11:44:00.7671844Z shell: /usr/bin/bash -e {0}
2026-10-07T11:44:00.7671988Z env:
2026-10-07T11:44:00.7672104Z   HPO_JOB_GRADES: nothing
2026-10-07T11:44:00.7672239Z ##[endgroup]
2026-10-07T11:44:00.8772135Z   ok   the #715 enumerator's `--arg` is refused (got 1 error(s))
2026-10-07T11:44:00.8772598Z   ok   and the refusal names the flag, not merely the line
2026-10-07T11:44:00.9635326Z   ok   a `gh` subcommand that does not exist is refused (got 1)
2026-10-07T11:44:00.9635636Z   ok   and by the subcommand arm, not the flag arm
2026-10-07T11:44:00.9645644Z   ok   a script path that is not in the tree is refused
2026-10-07T11:44:01.0444053Z   ok   a body whose figure commands all resolve is silent (null control; got 0)
2026-10-07T11:44:01.0452132Z   ok   and it did not go silent by examining nothing
2026-10-07T11:44:01.0452599Z   ok   backticked prose is not read as a command (got 0)
2026-10-07T11:44:01.0536703Z   ok   a placeholder or an unknown program is reported unverified, not refused
2026-10-07T11:44:01.0537531Z   ok   a body with no `## Figures` section is not this check's refusal
2026-10-07T11:44:01.0537942Z   ok   a pipeline splits into its simple commands
2026-10-07T11:44:01.0538369Z   ok   a pipe inside quotes does not split
2026-10-07T11:44:01.0538671Z   ok   a quoted word is marked quoted
2026-10-07T11:44:01.0538972Z   ok   a command substitution stays one word
2026-10-07T11:44:01.0547544Z   ok   a heading inside a fence does not end the section early
2026-10-07T11:44:01.0547856Z   ok   `gh` is runnable, so the flag inventory is real (gh version 2.101.0 (2026-09-15))
2026-10-07T11:44:01.0548196Z   ok   the derived `gh api` inventory has --jq and --paginate and no --arg
2026-10-07T11:44:01.0952775Z   ok   a `gh` shell alias really does run under `--help` (null control; without this the containment assertion is vacuous)
2026-10-07T11:44:01.1356735Z   ok   and this check does not expand it: the word resolves to nothing and the alias does not run
2026-10-07T11:44:01.1362976Z   ok   an existing file reached by `..` from outside the repository is not reported in the tree
2026-10-07T11:44:01.1365396Z   ok   and a path that stays inside it still resolves (null control; the verdict above is the containment arm, not the path shape)
2026-10-07T11:44:01.1365939Z   ok   past the `gh --help` spawn budget a command is unverified, not refused and not silently accepted
2026-10-07T11:44:01.1366153Z 
2026-10-07T11:44:01.1366229Z 22 passed, 0 failed
2026-10-07T11:44:01.1430884Z ##[group]Run if test -f .claude/workflows/figure_census.mjs; then node .claude/workflows/figure_census.mjs --self-test; else node tools/policy/figure_census.mjs --self-test; fi
2026-10-07T11:44:01.1431816Z [36;1mif test -f .claude/workflows/figure_census.mjs; then node .claude/workflows/figure_census.mjs --self-test; else node tools/policy/figure_census.mjs --self-test; fi[0m
2026-10-07T11:44:01.1485131Z shell: /usr/bin/bash -e {0}
2026-10-07T11:44:01.1485278Z env:
2026-10-07T11:44:01.1485393Z   HPO_JOB_GRADES: nothing
2026-10-07T11:44:01.1485528Z ##[endgroup]
2026-10-07T11:44:01.1806801Z   ok   the #715 enumerator counts as one `gh` command (got 1)
2026-10-07T11:44:01.1807163Z   ok   and as templated, since `$n` is bound by the loop around it
2026-10-07T11:44:01.1811211Z   ok   a mixed body splits into its classes (got 5 instrument, 3 gh)
2026-10-07T11:44:01.1811952Z   ok   and one command in each class is templated -- `$D` in the scope selection, `<sha>` in the check-run listing
2026-10-07T11:44:01.1812403Z   ok   and the rest are not (null control: a rule that called everything templated would satisfy the assertion above)
2026-10-07T11:44:01.1812734Z   ok   and every recognised command landed in a named class
2026-10-07T11:44:01.1819577Z   ok   backticked prose is not counted as a command (got 0)
2026-10-07T11:44:01.1820020Z   ok   a body with no `## Figures` section is reported, not silently counted as empty
2026-10-07T11:44:01.1820764Z   ok   `gh` and `git` are counted apart (got gh, git)
2026-10-07T11:44:01.1822500Z   ok   a `<placeholder>` is templated
2026-10-07T11:44:01.1822804Z   ok   a `$NAME` bound elsewhere is templated
2026-10-07T11:44:01.1823119Z   ok   a `$(...)` alone is counted separately: a shell runs it as written, an argv spawn does not
2026-10-07T11:44:01.1823492Z   ok   and a command with neither is not templated (null control)
2026-10-07T11:44:01.1823723Z 
2026-10-07T11:44:01.1823847Z 13 passed, 0 failed
2026-10-07T11:44:01.1887035Z ##[group]Run if test -f tools/audit/round6/D11/fix/codeowners_gap.py; then python3 -I tools/audit/round6/D11/fix/codeowners_gap.py --self-test; else python3 -I dev/audit/rounds/round6/D11/fix/codeowners_gap.py --self-test; fi
2026-10-07T11:44:01.1887874Z [36;1mif test -f tools/audit/round6/D11/fix/codeowners_gap.py; then python3 -I tools/audit/round6/D11/fix/codeowners_gap.py --self-test; else python3 -I dev/audit/rounds/round6/D11/fix/codeowners_gap.py --self-test; fi[0m
2026-10-07T11:44:01.1941738Z shell: /usr/bin/bash -e {0}
2026-10-07T11:44:01.1941886Z env:
2026-10-07T11:44:01.1942010Z   HPO_JOB_GRADES: nothing
2026-10-07T11:44:01.1942147Z ##[endgroup]
2026-10-07T11:44:01.2183548Z /home/runner/work/heatpump_optimizer/heatpump_optimizer/dev/audit/rounds/round6/D11/fix/codeowners_gap.py:857: SyntaxWarning: invalid escape sequence '\;'
2026-10-07T11:44:01.2184054Z   ("find -exec", _run("find tools -name '*.sh' -exec {} \;")),
2026-10-07T11:44:01.2837792Z   ok   PROBE a listed restore never checked out: grader not pinned
2026-10-07T11:44:01.2838164Z   ok   PROBE a listed restore checked out from another list: grader not pinned
2026-10-07T11:44:01.2838488Z   ok   PROBE a listed restore whose list is emptied first: grader not pinned
2026-10-07T11:44:01.2838775Z   ok   PROBE a listed restore whose list names another file: grader not pinned
2026-10-07T11:44:01.2839080Z   ok   PROBE a listed restore whose list is truncated by cat: grader not pinned
2026-10-07T11:44:01.2839322Z   ok   PROBE pip install: grader not pinned
2026-10-07T11:44:01.2839504Z   ok   PROBE npm ci: grader not pinned
2026-10-07T11:44:01.2839691Z   ok   PROBE bare tracked path: grader not pinned
2026-10-07T11:44:01.2839898Z   ok   PROBE ./ tracked path: grader not pinned
2026-10-07T11:44:01.2840111Z   ok   PROBE echo && script: grader not pinned
2026-10-07T11:44:01.2840296Z   ok   PROBE ; script: grader not pinned
2026-10-07T11:44:01.2840471Z   ok   PROBE timeout 60: grader not pinned
2026-10-07T11:44:01.2840646Z   ok   PROBE env A=1: grader not pinned
2026-10-07T11:44:01.2840811Z   ok   PROBE sudo: grader not pinned
2026-10-07T11:44:01.2840979Z   ok   PROBE cd x && ./y: grader not pinned
2026-10-07T11:44:01.2841155Z   ok   PROBE bash -c: grader not pinned
2026-10-07T11:44:01.2841399Z   ok   PROBE source: grader not pinned
2026-10-07T11:44:01.2841574Z   ok   PROBE . file: grader not pinned
2026-10-07T11:44:01.2841797Z   ok   PROBE python3 -m tests.x: grader not pinned
2026-10-07T11:44:01.2842012Z   ok   PROBE python3 -c import: grader not pinned
2026-10-07T11:44:01.2842198Z   ok   PROBE exec: grader not pinned
2026-10-07T11:44:01.2842365Z   ok   PROBE pytest: grader not pinned
2026-10-07T11:44:01.2842531Z   ok   PROBE npm test: grader not pinned
2026-10-07T11:44:01.2842705Z   ok   PROBE node --test: grader not pinned
2026-10-07T11:44:01.2842876Z   ok   PROBE npx: grader not pinned
2026-10-07T11:44:01.2843046Z   ok   PROBE find -exec: grader not pinned
2026-10-07T11:44:01.2843229Z   ok   PROBE cat x | bash: grader not pinned
2026-10-07T11:44:01.2843434Z   ok   PROBE python3 - heredoc: grader not pinned
2026-10-07T11:44:01.2843670Z   ok   PROBE $GITHUB_PATH shim: grader not pinned
2026-10-07T11:44:01.2843880Z   ok   PROBE $GITHUB_ENV BASH_ENV: grader not pinned
2026-10-07T11:44:01.2844079Z   ok   PROBE PATH= assignment: grader not pinned
2026-10-07T11:44:01.2844275Z   ok   PROBE echo $(script): grader not pinned
2026-10-07T11:44:01.2844458Z   ok   PROBE backtick: grader not pinned
2026-10-07T11:44:01.2844648Z   ok   PROBE github-script require: grader not pinned
2026-10-07T11:44:01.2844843Z   ok   PROBE local action: grader not pinned
2026-10-07T11:44:01.2845038Z   ok   PROBE unpinned setup-python: grader not pinned
2026-10-07T11:44:01.2845315Z   ok   PROBE step shell:: grader not pinned
2026-10-07T11:44:01.2845534Z   ok   PROBE step env names a tracked file: grader not pinned
2026-10-07T11:44:01.2845775Z   ok   PROBE git checkout HEAD -- grader: grader not pinned
2026-10-07T11:44:01.2846446Z   ok   PROBE redirect into the tree: grader not pinned
2026-10-07T11:44:01.2846674Z   ok   PROBE sort -o into the grader: grader not pinned
2026-10-07T11:44:01.2846887Z   ok   PROBE git show --output=: grader not pinned
2026-10-07T11:44:01.2847106Z   ok   PROBE git diff --output=: grader not pinned
2026-10-07T11:44:01.2847299Z   ok   PROBE printf -v PATH: grader not pinned
2026-10-07T11:44:01.2847632Z   ok   PROBE read -r PATH: grader not pinned
2026-10-07T11:44:01.2847850Z   ok   PROBE bare PINNED=HEAD before the restore: grader not pinned
2026-10-07T11:44:01.2848097Z   ok   PROBE step env PINNED: github.sha: grader not pinned
2026-10-07T11:44:01.2848369Z   ok   PROBE step env PINNED: github.sha before the queue's base: grader not pinned
2026-10-07T11:44:01.2848687Z   ok   PROBE step env PINNED: the queue's head: grader not pinned
2026-10-07T11:44:01.2848948Z   ok   PROBE grader run by an interpreter path: grader not pinned
2026-10-07T11:44:01.2849165Z   ok   NULL  no inserted step: grader PINNED
2026-10-07T11:44:01.2849357Z   ok   NULL  the listed restore: grader PINNED
2026-10-07T11:44:01.2849540Z   ok   NULL  echo and printf: grader PINNED
2026-10-07T11:44:01.2849753Z   ok   NULL  git fetch, rev-parse, hash-object: grader PINNED
2026-10-07T11:44:01.2849965Z   ok   NULL  set, test, mkdir, cmp: grader PINNED
2026-10-07T11:44:01.2850183Z   ok   NULL  download-artifact at its pin: grader PINNED
2026-10-07T11:44:01.2850419Z   ok   NULL  a scratch write: grader PINNED
2026-10-07T11:44:01.2850626Z   ok   NULL  PINNED from the queue's base: grader PINNED
2026-10-07T11:44:01.2850867Z   ok   NULL  PINNED from the queue's base, else the push's: grader PINNED
2026-10-07T11:44:01.2851228Z   ok   EXEC  if/then prefers the old path: ['.claude/workflows/policy_lint.mjs', 'tools/policy/policy_lint.mjs']
2026-10-07T11:44:01.2851685Z   ok   EXEC  python3 -I dev/audit/rounds/x/fix.py --check: dev/audit/rounds/x/fix.py
2026-10-07T11:44:01.2851994Z   ok   EXEC  python3 -I tools/audit/x.py: tools/audit/x.py
2026-10-07T11:44:01.2852259Z   ok   EXEC  python3 -I docs/x.py: not an execution
2026-10-07T11:44:01.2852484Z SELF-TEST: 50 probe(s), 9 null(s), 0 wrong
2026-10-07T11:44:01.2987830Z Post job cleanup.
2026-10-07T11:44:01.3867106Z (node:16220) [DEP0040] DeprecationWarning: The `punycode` module is deprecated. Please use a userland alternative instead.
2026-10-07T11:44:01.3867649Z (Use `node --trace-deprecation ...` to show where the warning was created)
2026-10-07T11:44:01.4031956Z Post job cleanup.
2026-10-07T11:44:01.4636443Z [command]/usr/bin/git version
2026-10-07T11:44:01.4672184Z git version 2.55.0
2026-10-07T11:44:01.4700501Z Temporarily overriding HOME='/home/runner/work/_temp/9d63d2cd-6c94-4faa-82b3-274096015913' before making global git config changes
2026-10-07T11:44:01.4701857Z Adding repository directory to the temporary git global config as a safe directory
2026-10-07T11:44:01.4704970Z [command]/usr/bin/git config --global --add safe.directory /home/runner/work/heatpump_optimizer/heatpump_optimizer
2026-10-07T11:44:01.4744213Z [command]/usr/bin/git config --local --name-only --get-regexp core\.sshCommand
2026-10-07T11:44:01.4779124Z [command]/usr/bin/git submodule foreach --recursive sh -c "git config --local --name-only --get-regexp 'core\.sshCommand' && git config --local --unset-all 'core.sshCommand' || :"
2026-10-07T11:44:01.5002899Z [command]/usr/bin/git config --local --name-only --get-regexp http\.https\:\/\/github\.com\/\.extraheader
2026-10-07T11:44:01.5035543Z http.https://github.com/.extraheader
2026-10-07T11:44:01.5053409Z [command]/usr/bin/git config --local --unset-all http.https://github.com/.extraheader
2026-10-07T11:44:01.5099368Z [command]/usr/bin/git submodule foreach --recursive sh -c "git config --local --name-only --get-regexp 'http\.https\:\/\/github\.com\/\.extraheader' && git config --local --unset-all 'http.https://github.com/.extraheader' || :"
2026-10-07T11:44:01.5308267Z [command]/usr/bin/git config --local --name-only --get-regexp ^includeIf\.gitdir:
2026-10-07T11:44:01.5342326Z [command]/usr/bin/git submodule foreach --recursive git config --local --show-origin --name-only --get-regexp remote.origin.url
2026-10-07T11:44:01.5655932Z Cleaning up orphan processes
