mutation-autofix	UNKNOWN STEP	﻿2026-10-09T06:51:49.8628255Z Current runner version: '2.337.0'
mutation-autofix	UNKNOWN STEP	2026-10-09T06:51:49.8646754Z ##[group]Runner Image Provisioner
mutation-autofix	UNKNOWN STEP	2026-10-09T06:51:49.8647623Z Hosted Compute Agent
mutation-autofix	UNKNOWN STEP	2026-10-09T06:51:49.8648160Z Version: 20261002.596
mutation-autofix	UNKNOWN STEP	2026-10-09T06:51:49.8648770Z Commit: c3d12f3313a95f25162a1503be624f3b0617f8c0
mutation-autofix	UNKNOWN STEP	2026-10-09T06:51:49.8649567Z Build Date: 2026-10-02T22:28:27Z
mutation-autofix	UNKNOWN STEP	2026-10-09T06:51:49.8650202Z Worker ID: {f8f67b64-4d9b-48a4-a063-368fe6b66ca5}
mutation-autofix	UNKNOWN STEP	2026-10-09T06:51:49.8650874Z Region: southcentralus
mutation-autofix	UNKNOWN STEP	2026-10-09T06:51:49.8651438Z Cloud: Azure
mutation-autofix	UNKNOWN STEP	2026-10-09T06:51:49.8651938Z ##[endgroup]
mutation-autofix	UNKNOWN STEP	2026-10-09T06:51:49.8652921Z ##[group]Operating System
mutation-autofix	UNKNOWN STEP	2026-10-09T06:51:49.8653508Z Ubuntu
mutation-autofix	UNKNOWN STEP	2026-10-09T06:51:49.8653995Z 24.04.5
mutation-autofix	UNKNOWN STEP	2026-10-09T06:51:49.8654525Z LTS
mutation-autofix	UNKNOWN STEP	2026-10-09T06:51:49.8655058Z ##[endgroup]
mutation-autofix	UNKNOWN STEP	2026-10-09T06:51:49.8655587Z ##[group]Runner Image
mutation-autofix	UNKNOWN STEP	2026-10-09T06:51:49.8656152Z Image: ubuntu-24.04
mutation-autofix	UNKNOWN STEP	2026-10-09T06:51:49.8656770Z Version: 20261004.327.1
mutation-autofix	UNKNOWN STEP	2026-10-09T06:51:49.8658075Z Included Software: https://github.com/actions/runner-images/blob/ubuntu24/20261004.327/images/ubuntu/Ubuntu2404-Readme.md
mutation-autofix	UNKNOWN STEP	2026-10-09T06:51:49.8659300Z Image Release: https://github.com/actions/runner-images/releases/tag/ubuntu24%2F20261004.327
mutation-autofix	UNKNOWN STEP	2026-10-09T06:51:49.8660086Z ##[endgroup]
mutation-autofix	UNKNOWN STEP	2026-10-09T06:51:49.8661121Z ##[group]GITHUB_TOKEN Permissions
mutation-autofix	UNKNOWN STEP	2026-10-09T06:51:49.8662558Z Actions: write
mutation-autofix	UNKNOWN STEP	2026-10-09T06:51:49.8663120Z Contents: write
mutation-autofix	UNKNOWN STEP	2026-10-09T06:51:49.8663658Z Metadata: read
mutation-autofix	UNKNOWN STEP	2026-10-09T06:51:49.8664184Z ##[endgroup]
mutation-autofix	UNKNOWN STEP	2026-10-09T06:51:49.8665691Z Secret source: Actions
mutation-autofix	UNKNOWN STEP	2026-10-09T06:51:49.8666546Z Cache mode: write
mutation-autofix	UNKNOWN STEP	2026-10-09T06:51:49.8667118Z Prepare workflow directory
mutation-autofix	UNKNOWN STEP	2026-10-09T06:51:49.8883206Z Prepare all required actions
mutation-autofix	UNKNOWN STEP	2026-10-09T06:51:49.8916442Z Getting action download info
mutation-autofix	UNKNOWN STEP	2026-10-09T06:51:50.1266010Z Download action repository 'actions/checkout@fbc6f3992d24b796d5a048ff273f7fcc4a7b6c09' (SHA:fbc6f3992d24b796d5a048ff273f7fcc4a7b6c09)
mutation-autofix	UNKNOWN STEP	2026-10-09T06:51:50.2342299Z Download action repository 'actions/setup-python@ece7cb06caefa5fff74198d8649806c4678c61a1' (SHA:ece7cb06caefa5fff74198d8649806c4678c61a1)
mutation-autofix	UNKNOWN STEP	2026-10-09T06:51:50.3635675Z Download action repository 'actions/download-artifact@37930b1c2abaa49bbe596cd826c3c89aef350131' (SHA:37930b1c2abaa49bbe596cd826c3c89aef350131)
mutation-autofix	UNKNOWN STEP	2026-10-09T06:51:51.1585604Z Complete job name: mutation-autofix
mutation-autofix	UNKNOWN STEP	2026-10-09T06:51:51.2791709Z ##[group]Run actions/checkout@fbc6f3992d24b796d5a048ff273f7fcc4a7b6c09
mutation-autofix	UNKNOWN STEP	2026-10-09T06:51:51.2793020Z with:
mutation-autofix	UNKNOWN STEP	2026-10-09T06:51:51.2793796Z   ref: fix/early-cutoff-pr
mutation-autofix	UNKNOWN STEP	2026-10-09T06:51:51.2794652Z   fetch-depth: 0
mutation-autofix	UNKNOWN STEP	2026-10-09T06:51:51.2800084Z   token: ***
mutation-autofix	UNKNOWN STEP	2026-10-09T06:51:51.2800881Z   persist-credentials: false
mutation-autofix	UNKNOWN STEP	2026-10-09T06:51:51.2801805Z   repository: tvofi/heatpump_optimizer
mutation-autofix	UNKNOWN STEP	2026-10-09T06:51:51.2802757Z   ssh-strict: true
mutation-autofix	UNKNOWN STEP	2026-10-09T06:51:51.2803554Z   ssh-user: git
mutation-autofix	UNKNOWN STEP	2026-10-09T06:51:51.2804328Z   clean: true
mutation-autofix	UNKNOWN STEP	2026-10-09T06:51:51.2805139Z   sparse-checkout-cone-mode: true
mutation-autofix	UNKNOWN STEP	2026-10-09T06:51:51.2806061Z   fetch-tags: false
mutation-autofix	UNKNOWN STEP	2026-10-09T06:51:51.2806859Z   show-progress: true
mutation-autofix	UNKNOWN STEP	2026-10-09T06:51:51.2807674Z   lfs: false
mutation-autofix	UNKNOWN STEP	2026-10-09T06:51:51.2808515Z   submodules: false
mutation-autofix	UNKNOWN STEP	2026-10-09T06:51:51.2809464Z   set-safe-directory: true
mutation-autofix	UNKNOWN STEP	2026-10-09T06:51:51.2810377Z   allow-unsafe-pr-checkout: false
mutation-autofix	UNKNOWN STEP	2026-10-09T06:51:51.2811386Z ##[endgroup]
mutation-autofix	UNKNOWN STEP	2026-10-09T06:51:51.3515483Z Syncing repository: tvofi/heatpump_optimizer
mutation-autofix	UNKNOWN STEP	2026-10-09T06:51:51.3518578Z ##[group]Getting Git version info
mutation-autofix	UNKNOWN STEP	2026-10-09T06:51:51.3520684Z Working directory is '/home/runner/work/heatpump_optimizer/heatpump_optimizer'
mutation-autofix	UNKNOWN STEP	2026-10-09T06:51:51.3523523Z [command]/usr/bin/git version
mutation-autofix	UNKNOWN STEP	2026-10-09T06:51:51.3542545Z git version 2.55.0
mutation-autofix	UNKNOWN STEP	2026-10-09T06:51:51.3557192Z ##[endgroup]
mutation-autofix	UNKNOWN STEP	2026-10-09T06:51:51.3567636Z Temporarily overriding HOME='/home/runner/work/_temp/b2310f63-2cdf-40cc-b874-c6809d60b45f' before making global git config changes
mutation-autofix	UNKNOWN STEP	2026-10-09T06:51:51.3570931Z Adding repository directory to the temporary git global config as a safe directory
mutation-autofix	UNKNOWN STEP	2026-10-09T06:51:51.3574296Z [command]/usr/bin/git config --global --add safe.directory /home/runner/work/heatpump_optimizer/heatpump_optimizer
mutation-autofix	UNKNOWN STEP	2026-10-09T06:51:51.3690187Z Deleting the contents of '/home/runner/work/heatpump_optimizer/heatpump_optimizer'
mutation-autofix	UNKNOWN STEP	2026-10-09T06:51:51.3693540Z ##[group]Initializing the repository
mutation-autofix	UNKNOWN STEP	2026-10-09T06:51:51.3700272Z [command]/usr/bin/git init /home/runner/work/heatpump_optimizer/heatpump_optimizer
mutation-autofix	UNKNOWN STEP	2026-10-09T06:51:51.4178987Z hint: Using 'master' as the name for the initial branch. This default branch name
mutation-autofix	UNKNOWN STEP	2026-10-09T06:51:51.4190294Z hint: will change to "main" in Git 3.0. To configure the initial branch name
mutation-autofix	UNKNOWN STEP	2026-10-09T06:51:51.4191967Z hint: to use in all of your new repositories, which will suppress this warning,
mutation-autofix	UNKNOWN STEP	2026-10-09T06:51:51.4193196Z hint: call:
mutation-autofix	UNKNOWN STEP	2026-10-09T06:51:51.4193956Z hint:
mutation-autofix	UNKNOWN STEP	2026-10-09T06:51:51.4194901Z hint: 	git config --global init.defaultBranch <name>
mutation-autofix	UNKNOWN STEP	2026-10-09T06:51:51.4195971Z hint:
mutation-autofix	UNKNOWN STEP	2026-10-09T06:51:51.4196976Z hint: Names commonly chosen instead of 'master' are 'main', 'trunk' and
mutation-autofix	UNKNOWN STEP	2026-10-09T06:51:51.4198614Z hint: 'development'. The just-created branch can be renamed via this command:
mutation-autofix	UNKNOWN STEP	2026-10-09T06:51:51.4200009Z hint:
mutation-autofix	UNKNOWN STEP	2026-10-09T06:51:51.4200854Z hint: 	git branch -m <name>
mutation-autofix	UNKNOWN STEP	2026-10-09T06:51:51.4201696Z hint:
mutation-autofix	UNKNOWN STEP	2026-10-09T06:51:51.4202769Z hint: Disable this message with "git config set advice.defaultBranchName false"
mutation-autofix	UNKNOWN STEP	2026-10-09T06:51:51.4204480Z Initialized empty Git repository in /home/runner/work/heatpump_optimizer/heatpump_optimizer/.git/
mutation-autofix	UNKNOWN STEP	2026-10-09T06:51:51.4207518Z [command]/usr/bin/git remote add origin https://github.com/tvofi/heatpump_optimizer
mutation-autofix	UNKNOWN STEP	2026-10-09T06:51:51.4281291Z ##[endgroup]
mutation-autofix	UNKNOWN STEP	2026-10-09T06:51:51.4283525Z ##[group]Disabling automatic garbage collection
mutation-autofix	UNKNOWN STEP	2026-10-09T06:51:51.4285514Z [command]/usr/bin/git config --local gc.auto 0
mutation-autofix	UNKNOWN STEP	2026-10-09T06:51:51.4370687Z ##[endgroup]
mutation-autofix	UNKNOWN STEP	2026-10-09T06:51:51.4373116Z ##[group]Setting up auth
mutation-autofix	UNKNOWN STEP	2026-10-09T06:51:51.4375409Z [command]/usr/bin/git config --local --name-only --get-regexp core\.sshCommand
mutation-autofix	UNKNOWN STEP	2026-10-09T06:51:51.4406712Z [command]/usr/bin/git submodule foreach --recursive sh -c "git config --local --name-only --get-regexp 'core\.sshCommand' && git config --local --unset-all 'core.sshCommand' || :"
mutation-autofix	UNKNOWN STEP	2026-10-09T06:51:51.4684537Z [command]/usr/bin/git config --local --name-only --get-regexp http\.https\:\/\/github\.com\/\.extraheader
mutation-autofix	UNKNOWN STEP	2026-10-09T06:51:51.4716228Z [command]/usr/bin/git submodule foreach --recursive sh -c "git config --local --name-only --get-regexp 'http\.https\:\/\/github\.com\/\.extraheader' && git config --local --unset-all 'http.https://github.com/.extraheader' || :"
mutation-autofix	UNKNOWN STEP	2026-10-09T06:51:51.4892953Z [command]/usr/bin/git config --local --name-only --get-regexp ^includeIf\.gitdir:
mutation-autofix	UNKNOWN STEP	2026-10-09T06:51:51.4922585Z [command]/usr/bin/git submodule foreach --recursive git config --local --show-origin --name-only --get-regexp remote.origin.url
mutation-autofix	UNKNOWN STEP	2026-10-09T06:51:51.5100162Z [command]/usr/bin/git config --local http.https://github.com/.extraheader AUTHORIZATION: basic ***
mutation-autofix	UNKNOWN STEP	2026-10-09T06:51:51.5960084Z ##[endgroup]
mutation-autofix	UNKNOWN STEP	2026-10-09T06:51:51.5962543Z ##[group]Fetching the repository
mutation-autofix	UNKNOWN STEP	2026-10-09T06:51:51.5977927Z [command]/usr/bin/git -c protocol.version=2 fetch --prune --no-recurse-submodules origin +refs/heads/*:refs/remotes/origin/* +refs/tags/*:refs/tags/*
mutation-autofix	UNKNOWN STEP	2026-10-09T06:51:57.5160055Z From https://github.com/tvofi/heatpump_optimizer
mutation-autofix	UNKNOWN STEP	2026-10-09T06:51:57.5161789Z  * [new branch]        bus/approvals           -> origin/bus/approvals
mutation-autofix	UNKNOWN STEP	2026-10-09T06:51:57.5162537Z  * [new branch]        cursor/r9-eg-entry-config-9aac -> origin/cursor/r9-eg-entry-config-9aac
mutation-autofix	UNKNOWN STEP	2026-10-09T06:51:57.5163239Z  * [new branch]        cursor/r9-sw-1-resume-826f -> origin/cursor/r9-sw-1-resume-826f
mutation-autofix	UNKNOWN STEP	2026-10-09T06:51:57.5163953Z  * [new branch]        cursor/r9-sw-2-actuation-6d19 -> origin/cursor/r9-sw-2-actuation-6d19
mutation-autofix	UNKNOWN STEP	2026-10-09T06:51:57.5164641Z  * [new branch]        fix/cop-duty-floor      -> origin/fix/cop-duty-floor
mutation-autofix	UNKNOWN STEP	2026-10-09T06:51:57.5165221Z  * [new branch]        fix/early-cutoff-pr     -> origin/fix/early-cutoff-pr
mutation-autofix	UNKNOWN STEP	2026-10-09T06:51:57.5165804Z  * [new branch]        fix/live-diag           -> origin/fix/live-diag
mutation-autofix	UNKNOWN STEP	2026-10-09T06:51:57.5166445Z  * [new branch]        fix/live-power-clamp-foundation-pr -> origin/fix/live-power-clamp-foundation-pr
mutation-autofix	UNKNOWN STEP	2026-10-09T06:51:57.5167401Z  * [new branch]        fix/r9-ci-2b-carry      -> origin/fix/r9-ci-2b-carry
mutation-autofix	UNKNOWN STEP	2026-10-09T06:51:57.5167938Z  * [new branch]        fix/r9-eg-a4            -> origin/fix/r9-eg-a4
mutation-autofix	UNKNOWN STEP	2026-10-09T06:51:57.5168506Z  * [new branch]        fix/r9-rca-2028         -> origin/fix/r9-rca-2028
mutation-autofix	UNKNOWN STEP	2026-10-09T06:51:57.5169073Z  * [new branch]        fix/r9-rca-prepr-tmp    -> origin/fix/r9-rca-prepr-tmp
mutation-autofix	UNKNOWN STEP	2026-10-09T06:51:57.5169780Z  * [new branch]        fix/r9-review-timing    -> origin/fix/r9-review-timing
mutation-autofix	UNKNOWN STEP	2026-10-09T06:51:57.5170429Z  * [new branch]        fix/r9-ro-9a-pr         -> origin/fix/r9-ro-9a-pr
mutation-autofix	UNKNOWN STEP	2026-10-09T06:51:57.5171103Z  * [new branch]        fix/r9-ux-actions       -> origin/fix/r9-ux-actions
mutation-autofix	UNKNOWN STEP	2026-10-09T06:51:57.5171651Z  * [new branch]        fix/r9-ux9              -> origin/fix/r9-ux9
mutation-autofix	UNKNOWN STEP	2026-10-09T06:51:57.5172215Z  * [new branch]        fix/rca-harness-path    -> origin/fix/rca-harness-path
mutation-autofix	UNKNOWN STEP	2026-10-09T06:51:57.5172823Z  * [new branch]        fix/rca-stale-ledger-pins -> origin/fix/rca-stale-ledger-pins
mutation-autofix	UNKNOWN STEP	2026-10-09T06:51:57.5173327Z  * [new branch]        fix/recarry-skip-prepr  -> origin/fix/recarry-skip-prepr
mutation-autofix	UNKNOWN STEP	2026-10-09T06:51:57.5173768Z  * [new branch]        handoff-body/arch-sound-fixes -> origin/handoff-body/arch-sound-fixes
mutation-autofix	UNKNOWN STEP	2026-10-09T06:51:57.5174201Z  * [new branch]        handoff-body/cop-duty-floor -> origin/handoff-body/cop-duty-floor
mutation-autofix	UNKNOWN STEP	2026-10-09T06:51:57.5174637Z  * [new branch]        handoff-body/early-cutoff -> origin/handoff-body/early-cutoff
mutation-autofix	UNKNOWN STEP	2026-10-09T06:51:57.5175032Z  * [new branch]        handoff-body/live-diag  -> origin/handoff-body/live-diag
mutation-autofix	UNKNOWN STEP	2026-10-09T06:51:57.5175501Z  * [new branch]        handoff-body/live-power-clamp-foundation -> origin/handoff-body/live-power-clamp-foundation
mutation-autofix	UNKNOWN STEP	2026-10-09T06:51:57.5175963Z  * [new branch]        handoff-body/r9-ci-1    -> origin/handoff-body/r9-ci-1
mutation-autofix	UNKNOWN STEP	2026-10-09T06:51:57.5176393Z  * [new branch]        handoff-body/r9-ci-1-autofix-skip -> origin/handoff-body/r9-ci-1-autofix-skip
mutation-autofix	UNKNOWN STEP	2026-10-09T06:51:57.5176826Z  * [new branch]        handoff-body/r9-ci-2a   -> origin/handoff-body/r9-ci-2a
mutation-autofix	UNKNOWN STEP	2026-10-09T06:51:57.5177239Z  * [new branch]        handoff-body/r9-ci-2b   -> origin/handoff-body/r9-ci-2b
mutation-autofix	UNKNOWN STEP	2026-10-09T06:51:57.5177874Z  * [new branch]        handoff-body/r9-ci-2b-carry -> origin/handoff-body/r9-ci-2b-carry
mutation-autofix	UNKNOWN STEP	2026-10-09T06:51:57.5178456Z  * [new branch]        handoff-body/r9-closures-eg-b7 -> origin/handoff-body/r9-closures-eg-b7
mutation-autofix	UNKNOWN STEP	2026-10-09T06:51:57.5178878Z  * [new branch]        handoff-body/r9-dbg-1   -> origin/handoff-body/r9-dbg-1
mutation-autofix	UNKNOWN STEP	2026-10-09T06:51:57.5179661Z  * [new branch]        handoff-body/r9-dbg-2   -> origin/handoff-body/r9-dbg-2
mutation-autofix	UNKNOWN STEP	2026-10-09T06:51:57.5180234Z  * [new branch]        handoff-body/r9-eg-a4   -> origin/handoff-body/r9-eg-a4
mutation-autofix	UNKNOWN STEP	2026-10-09T06:51:57.5180881Z  * [new branch]        handoff-body/r9-eg-b7-harness -> origin/handoff-body/r9-eg-b7-harness
mutation-autofix	UNKNOWN STEP	2026-10-09T06:51:57.5181601Z  * [new branch]        handoff-body/r9-eg-coordinator-seams -> origin/handoff-body/r9-eg-coordinator-seams
mutation-autofix	UNKNOWN STEP	2026-10-09T06:51:57.5182108Z  * [new branch]        handoff-body/r9-eg-entry-config -> origin/handoff-body/r9-eg-entry-config
mutation-autofix	UNKNOWN STEP	2026-10-09T06:51:57.5182802Z  * [new branch]        handoff-body/r9-eg-solve-inputs -> origin/handoff-body/r9-eg-solve-inputs
mutation-autofix	UNKNOWN STEP	2026-10-09T06:51:57.5183349Z  * [new branch]        handoff-body/r9-fixer-cap -> origin/handoff-body/r9-fixer-cap
mutation-autofix	UNKNOWN STEP	2026-10-09T06:51:57.5183946Z  * [new branch]        handoff-body/r9-gittmp  -> origin/handoff-body/r9-gittmp
mutation-autofix	UNKNOWN STEP	2026-10-09T06:51:57.5184480Z  * [new branch]        handoff-body/r9-main-closures -> origin/handoff-body/r9-main-closures
mutation-autofix	UNKNOWN STEP	2026-10-09T06:51:57.5184906Z  * [new branch]        handoff-body/r9-nightly-bdr -> origin/handoff-body/r9-nightly-bdr
mutation-autofix	UNKNOWN STEP	2026-10-09T06:51:57.5185318Z  * [new branch]        handoff-body/r9-nightly-ha -> origin/handoff-body/r9-nightly-ha
mutation-autofix	UNKNOWN STEP	2026-10-09T06:51:57.5185761Z  * [new branch]        handoff-body/r9-nightly-ha-on-pr -> origin/handoff-body/r9-nightly-ha-on-pr
mutation-autofix	UNKNOWN STEP	2026-10-09T06:51:57.5186219Z  * [new branch]        handoff-body/r9-prepr-selftest -> origin/handoff-body/r9-prepr-selftest
mutation-autofix	UNKNOWN STEP	2026-10-09T06:51:57.5186806Z  * [new branch]        handoff-body/r9-rca-1985 -> origin/handoff-body/r9-rca-1985
mutation-autofix	UNKNOWN STEP	2026-10-09T06:51:57.5187212Z  * [new branch]        handoff-body/r9-rca-1990 -> origin/handoff-body/r9-rca-1990
mutation-autofix	UNKNOWN STEP	2026-10-09T06:51:57.5187599Z  * [new branch]        handoff-body/r9-rca-2004 -> origin/handoff-body/r9-rca-2004
mutation-autofix	UNKNOWN STEP	2026-10-09T06:51:57.5188230Z  * [new branch]        handoff-body/r9-rca-2028 -> origin/handoff-body/r9-rca-2028
mutation-autofix	UNKNOWN STEP	2026-10-09T06:51:57.5188648Z  * [new branch]        handoff-body/r9-rca-bugclasses -> origin/handoff-body/r9-rca-bugclasses
mutation-autofix	UNKNOWN STEP	2026-10-09T06:51:57.5189092Z  * [new branch]        handoff-body/r9-rca-prepr-tmp -> origin/handoff-body/r9-rca-prepr-tmp
mutation-autofix	UNKNOWN STEP	2026-10-09T06:51:57.5189712Z  * [new branch]        handoff-body/r9-rca-stamp-race -> origin/handoff-body/r9-rca-stamp-race
mutation-autofix	UNKNOWN STEP	2026-10-09T06:51:57.5190217Z  * [new branch]        handoff-body/r9-rca-stress-recording -> origin/handoff-body/r9-rca-stress-recording
mutation-autofix	UNKNOWN STEP	2026-10-09T06:51:57.5190731Z  * [new branch]        handoff-body/r9-record-automerge -> origin/handoff-body/r9-record-automerge
mutation-autofix	UNKNOWN STEP	2026-10-09T06:51:57.5191197Z  * [new branch]        handoff-body/r9-record-path -> origin/handoff-body/r9-record-path
mutation-autofix	UNKNOWN STEP	2026-10-09T06:51:57.5191667Z  * [new branch]        handoff-body/r9-review-timing -> origin/handoff-body/r9-review-timing
mutation-autofix	UNKNOWN STEP	2026-10-09T06:51:57.5192195Z  * [new branch]        handoff-body/r9-ro-10   -> origin/handoff-body/r9-ro-10
mutation-autofix	UNKNOWN STEP	2026-10-09T06:51:57.5192628Z  * [new branch]        handoff-body/r9-ro-11   -> origin/handoff-body/r9-ro-11
mutation-autofix	UNKNOWN STEP	2026-10-09T06:51:57.5193020Z  * [new branch]        handoff-body/r9-ro-12   -> origin/handoff-body/r9-ro-12
mutation-autofix	UNKNOWN STEP	2026-10-09T06:51:57.5193411Z  * [new branch]        handoff-body/r9-ro-8    -> origin/handoff-body/r9-ro-8
mutation-autofix	UNKNOWN STEP	2026-10-09T06:51:57.5193805Z  * [new branch]        handoff-body/r9-ro-9a   -> origin/handoff-body/r9-ro-9a
mutation-autofix	UNKNOWN STEP	2026-10-09T06:51:57.5194199Z  * [new branch]        handoff-body/r9-sw-5    -> origin/handoff-body/r9-sw-5
mutation-autofix	UNKNOWN STEP	2026-10-09T06:51:57.5194623Z  * [new branch]        handoff-body/r9-sw-actuation -> origin/handoff-body/r9-sw-actuation
mutation-autofix	UNKNOWN STEP	2026-10-09T06:51:57.5195041Z  * [new branch]        handoff-body/r9-sw6     -> origin/handoff-body/r9-sw6
mutation-autofix	UNKNOWN STEP	2026-10-09T06:51:57.5195548Z  * [new branch]        handoff-body/r9-ux-10   -> origin/handoff-body/r9-ux-10
mutation-autofix	UNKNOWN STEP	2026-10-09T06:51:57.5195959Z  * [new branch]        handoff-body/r9-ux-6    -> origin/handoff-body/r9-ux-6
mutation-autofix	UNKNOWN STEP	2026-10-09T06:51:57.5196398Z  * [new branch]        handoff-body/r9-ux-7    -> origin/handoff-body/r9-ux-7
mutation-autofix	UNKNOWN STEP	2026-10-09T06:51:57.5196807Z  * [new branch]        handoff-body/r9-ux-actions -> origin/handoff-body/r9-ux-actions
mutation-autofix	UNKNOWN STEP	2026-10-09T06:51:57.5197218Z  * [new branch]        handoff-body/r9-ux9     -> origin/handoff-body/r9-ux9
mutation-autofix	UNKNOWN STEP	2026-10-09T06:51:57.5197621Z  * [new branch]        handoff/arch-sound-fixes -> origin/handoff/arch-sound-fixes
mutation-autofix	UNKNOWN STEP	2026-10-09T06:51:57.5198027Z  * [new branch]        handoff/audit-r9-alt    -> origin/handoff/audit-r9-alt
mutation-autofix	UNKNOWN STEP	2026-10-09T06:51:57.5198444Z  * [new branch]        handoff/audit-r9-evidence -> origin/handoff/audit-r9-evidence
mutation-autofix	UNKNOWN STEP	2026-10-09T06:51:57.5198867Z  * [new branch]        handoff/audit-r9-find-B1 -> origin/handoff/audit-r9-find-B1
mutation-autofix	UNKNOWN STEP	2026-10-09T06:51:57.5199428Z  * [new branch]        handoff/audit-r9-find-B10 -> origin/handoff/audit-r9-find-B10
mutation-autofix	UNKNOWN STEP	2026-10-09T06:51:57.5199846Z  * [new branch]        handoff/audit-r9-find-B2 -> origin/handoff/audit-r9-find-B2
mutation-autofix	UNKNOWN STEP	2026-10-09T06:51:57.5200254Z  * [new branch]        handoff/audit-r9-find-B3 -> origin/handoff/audit-r9-find-B3
mutation-autofix	UNKNOWN STEP	2026-10-09T06:51:57.5200661Z  * [new branch]        handoff/audit-r9-find-B4 -> origin/handoff/audit-r9-find-B4
mutation-autofix	UNKNOWN STEP	2026-10-09T06:51:57.5201069Z  * [new branch]        handoff/audit-r9-find-B5 -> origin/handoff/audit-r9-find-B5
mutation-autofix	UNKNOWN STEP	2026-10-09T06:51:57.5201472Z  * [new branch]        handoff/audit-r9-find-B6 -> origin/handoff/audit-r9-find-B6
mutation-autofix	UNKNOWN STEP	2026-10-09T06:51:57.5201880Z  * [new branch]        handoff/audit-r9-find-B7 -> origin/handoff/audit-r9-find-B7
mutation-autofix	UNKNOWN STEP	2026-10-09T06:51:57.5202293Z  * [new branch]        handoff/audit-r9-find-B8 -> origin/handoff/audit-r9-find-B8
mutation-autofix	UNKNOWN STEP	2026-10-09T06:51:57.5202803Z  * [new branch]        handoff/audit-r9-find-B9 -> origin/handoff/audit-r9-find-B9
mutation-autofix	UNKNOWN STEP	2026-10-09T06:51:57.5203216Z  * [new branch]        handoff/audit-r9-fixplan -> origin/handoff/audit-r9-fixplan
mutation-autofix	UNKNOWN STEP	2026-10-09T06:51:57.5203628Z  * [new branch]        handoff/audit-r9-issues -> origin/handoff/audit-r9-issues
mutation-autofix	UNKNOWN STEP	2026-10-09T06:51:57.5204036Z  * [new branch]        handoff/audit-r9-judge  -> origin/handoff/audit-r9-judge
mutation-autofix	UNKNOWN STEP	2026-10-09T06:51:57.5204433Z  * [new branch]        handoff/audit-r9-leads  -> origin/handoff/audit-r9-leads
mutation-autofix	UNKNOWN STEP	2026-10-09T06:51:57.5204846Z  * [new branch]        handoff/audit-r9-leads-l2 -> origin/handoff/audit-r9-leads-l2
mutation-autofix	UNKNOWN STEP	2026-10-09T06:51:57.5205267Z  * [new branch]        handoff/audit-r9-leads-l3 -> origin/handoff/audit-r9-leads-l3
mutation-autofix	UNKNOWN STEP	2026-10-09T06:51:57.5205683Z  * [new branch]        handoff/audit-r9-leads-l4 -> origin/handoff/audit-r9-leads-l4
mutation-autofix	UNKNOWN STEP	2026-10-09T06:51:57.5206100Z  * [new branch]        handoff/audit-r9-leads-lc -> origin/handoff/audit-r9-leads-lc
mutation-autofix	UNKNOWN STEP	2026-10-09T06:51:57.5206517Z  * [new branch]        handoff/audit-r9-plan   -> origin/handoff/audit-r9-plan
mutation-autofix	UNKNOWN STEP	2026-10-09T06:51:57.5206927Z  * [new branch]        handoff/audit-r9-register -> origin/handoff/audit-r9-register
mutation-autofix	UNKNOWN STEP	2026-10-09T06:51:57.5207353Z  * [new branch]        handoff/audit-r9-runner-1 -> origin/handoff/audit-r9-runner-1
mutation-autofix	UNKNOWN STEP	2026-10-09T06:51:57.5207797Z  * [new branch]        handoff/audit-r9-sweep-s1 -> origin/handoff/audit-r9-sweep-s1
mutation-autofix	UNKNOWN STEP	2026-10-09T06:51:57.5208219Z  * [new branch]        handoff/audit-r9-sweep-s2 -> origin/handoff/audit-r9-sweep-s2
mutation-autofix	UNKNOWN STEP	2026-10-09T06:51:57.5208637Z  * [new branch]        handoff/audit-r9-sweep-s3 -> origin/handoff/audit-r9-sweep-s3
mutation-autofix	UNKNOWN STEP	2026-10-09T06:51:57.5209051Z  * [new branch]        handoff/audit-r9-sweep-s4 -> origin/handoff/audit-r9-sweep-s4
mutation-autofix	UNKNOWN STEP	2026-10-09T06:51:57.5210337Z  * [new branch]        handoff/audit-r9-sweep-s5 -> origin/handoff/audit-r9-sweep-s5
mutation-autofix	UNKNOWN STEP	2026-10-09T06:51:57.5210755Z  * [new branch]        handoff/audit-r9-sweep-s6 -> origin/handoff/audit-r9-sweep-s6
mutation-autofix	UNKNOWN STEP	2026-10-09T06:51:57.5211178Z  * [new branch]        handoff/audit-r9-sweep-s7 -> origin/handoff/audit-r9-sweep-s7
mutation-autofix	UNKNOWN STEP	2026-10-09T06:51:57.5211716Z  * [new branch]        handoff/audit-r9-verify-g1-v1 -> origin/handoff/audit-r9-verify-g1-v1
mutation-autofix	UNKNOWN STEP	2026-10-09T06:51:57.5212164Z  * [new branch]        handoff/audit-r9-verify-g1-v2 -> origin/handoff/audit-r9-verify-g1-v2
mutation-autofix	UNKNOWN STEP	2026-10-09T06:51:57.5212616Z  * [new branch]        handoff/audit-r9-verify-g1-v3 -> origin/handoff/audit-r9-verify-g1-v3
mutation-autofix	UNKNOWN STEP	2026-10-09T06:51:57.5213055Z  * [new branch]        handoff/audit-r9-verify-g2-v1 -> origin/handoff/audit-r9-verify-g2-v1
mutation-autofix	UNKNOWN STEP	2026-10-09T06:51:57.5213490Z  * [new branch]        handoff/audit-r9-verify-g2-v2 -> origin/handoff/audit-r9-verify-g2-v2
mutation-autofix	UNKNOWN STEP	2026-10-09T06:51:57.5213929Z  * [new branch]        handoff/audit-r9-verify-g2-v3 -> origin/handoff/audit-r9-verify-g2-v3
mutation-autofix	UNKNOWN STEP	2026-10-09T06:51:57.5214358Z  * [new branch]        handoff/audit-r9-verify-g3-v1 -> origin/handoff/audit-r9-verify-g3-v1
mutation-autofix	UNKNOWN STEP	2026-10-09T06:51:57.5214791Z  * [new branch]        handoff/audit-r9-verify-g3-v2 -> origin/handoff/audit-r9-verify-g3-v2
mutation-autofix	UNKNOWN STEP	2026-10-09T06:51:57.5215224Z  * [new branch]        handoff/audit-r9-verify-g3-v3 -> origin/handoff/audit-r9-verify-g3-v3
mutation-autofix	UNKNOWN STEP	2026-10-09T06:51:57.5215658Z  * [new branch]        handoff/audit-r9-verify-g4-v1 -> origin/handoff/audit-r9-verify-g4-v1
mutation-autofix	UNKNOWN STEP	2026-10-09T06:51:57.5216093Z  * [new branch]        handoff/audit-r9-verify-g4-v2 -> origin/handoff/audit-r9-verify-g4-v2
mutation-autofix	UNKNOWN STEP	2026-10-09T06:51:57.5216523Z  * [new branch]        handoff/audit-r9-verify-g4-v3 -> origin/handoff/audit-r9-verify-g4-v3
mutation-autofix	UNKNOWN STEP	2026-10-09T06:51:57.5216935Z  * [new branch]        handoff/cop-duty-floor  -> origin/handoff/cop-duty-floor
mutation-autofix	UNKNOWN STEP	2026-10-09T06:51:57.5217327Z  * [new branch]        handoff/early-cutoff    -> origin/handoff/early-cutoff
mutation-autofix	UNKNOWN STEP	2026-10-09T06:51:57.5217705Z  * [new branch]        handoff/live-diag       -> origin/handoff/live-diag
mutation-autofix	UNKNOWN STEP	2026-10-09T06:51:57.5218153Z  * [new branch]        handoff/live-power-clamp-foundation -> origin/handoff/live-power-clamp-foundation
mutation-autofix	UNKNOWN STEP	2026-10-09T06:51:57.5218679Z  * [new branch]        handoff/r9-ci-1         -> origin/handoff/r9-ci-1
mutation-autofix	UNKNOWN STEP	2026-10-09T06:51:57.5219080Z  * [new branch]        handoff/r9-ci-1-autofix-skip -> origin/handoff/r9-ci-1-autofix-skip
mutation-autofix	UNKNOWN STEP	2026-10-09T06:51:57.5219623Z  * [new branch]        handoff/r9-ci-2a        -> origin/handoff/r9-ci-2a
mutation-autofix	UNKNOWN STEP	2026-10-09T06:51:57.5219986Z  * [new branch]        handoff/r9-ci-2b        -> origin/handoff/r9-ci-2b
mutation-autofix	UNKNOWN STEP	2026-10-09T06:51:57.5220364Z  * [new branch]        handoff/r9-ci-2b-carry  -> origin/handoff/r9-ci-2b-carry
mutation-autofix	UNKNOWN STEP	2026-10-09T06:51:57.5220764Z  * [new branch]        handoff/r9-closures-eg-b7 -> origin/handoff/r9-closures-eg-b7
mutation-autofix	UNKNOWN STEP	2026-10-09T06:51:57.5221149Z  * [new branch]        handoff/r9-dbg-0        -> origin/handoff/r9-dbg-0
mutation-autofix	UNKNOWN STEP	2026-10-09T06:51:57.5221509Z  * [new branch]        handoff/r9-dbg-1        -> origin/handoff/r9-dbg-1
mutation-autofix	UNKNOWN STEP	2026-10-09T06:51:57.5221863Z  * [new branch]        handoff/r9-dbg-2        -> origin/handoff/r9-dbg-2
mutation-autofix	UNKNOWN STEP	2026-10-09T06:51:57.5222214Z  * [new branch]        handoff/r9-dbg-3        -> origin/handoff/r9-dbg-3
mutation-autofix	UNKNOWN STEP	2026-10-09T06:51:57.5222583Z  * [new branch]        handoff/r9-diag-1       -> origin/handoff/r9-diag-1
mutation-autofix	UNKNOWN STEP	2026-10-09T06:51:57.5222950Z  * [new branch]        handoff/r9-diag-2s      -> origin/handoff/r9-diag-2s
mutation-autofix	UNKNOWN STEP	2026-10-09T06:51:57.5223319Z  * [new branch]        handoff/r9-eg-a4        -> origin/handoff/r9-eg-a4
mutation-autofix	UNKNOWN STEP	2026-10-09T06:51:57.5223695Z  * [new branch]        handoff/r9-eg-archscore -> origin/handoff/r9-eg-archscore
mutation-autofix	UNKNOWN STEP	2026-10-09T06:51:57.5224066Z  * [new branch]        handoff/r9-eg-b0        -> origin/handoff/r9-eg-b0
mutation-autofix	UNKNOWN STEP	2026-10-09T06:51:57.5224449Z  * [new branch]        handoff/r9-eg-b7-harness -> origin/handoff/r9-eg-b7-harness
mutation-autofix	UNKNOWN STEP	2026-10-09T06:51:57.5224915Z  * [new branch]        handoff/r9-eg-collaborator-interfaces -> origin/handoff/r9-eg-collaborator-interfaces
mutation-autofix	UNKNOWN STEP	2026-10-09T06:51:57.5225412Z  * [new branch]        handoff/r9-eg-coordinator-seams -> origin/handoff/r9-eg-coordinator-seams
mutation-autofix	UNKNOWN STEP	2026-10-09T06:51:57.5225895Z  * [new branch]        handoff/r9-eg-dhw-closure-dedupe-v2 -> origin/handoff/r9-eg-dhw-closure-dedupe-v2
mutation-autofix	UNKNOWN STEP	2026-10-09T06:51:57.5226351Z  * [new branch]        handoff/r9-eg-dhw-planner -> origin/handoff/r9-eg-dhw-planner
mutation-autofix	UNKNOWN STEP	2026-10-09T06:51:57.5226869Z  * [new branch]        handoff/r9-eg-entry-config -> origin/handoff/r9-eg-entry-config
mutation-autofix	UNKNOWN STEP	2026-10-09T06:51:57.5227274Z  * [new branch]        handoff/r9-eg-one-copy  -> origin/handoff/r9-eg-one-copy
mutation-autofix	UNKNOWN STEP	2026-10-09T06:51:57.5227680Z  * [new branch]        handoff/r9-eg-param-objects -> origin/handoff/r9-eg-param-objects
mutation-autofix	UNKNOWN STEP	2026-10-09T06:51:57.5228103Z  * [new branch]        handoff/r9-eg-register-fold -> origin/handoff/r9-eg-register-fold
mutation-autofix	UNKNOWN STEP	2026-10-09T06:51:57.5228514Z  * [new branch]        handoff/r9-eg-solve-inputs -> origin/handoff/r9-eg-solve-inputs
mutation-autofix	UNKNOWN STEP	2026-10-09T06:51:57.5228931Z  * [new branch]        handoff/r9-eg-store-version -> origin/handoff/r9-eg-store-version
mutation-autofix	UNKNOWN STEP	2026-10-09T06:51:57.5229497Z  * [new branch]        handoff/r9-eg-surface-identity -> origin/handoff/r9-eg-surface-identity
mutation-autofix	UNKNOWN STEP	2026-10-09T06:51:57.5229930Z  * [new branch]        handoff/r9-eg-typed-payload -> origin/handoff/r9-eg-typed-payload
mutation-autofix	UNKNOWN STEP	2026-10-09T06:51:57.5230371Z  * [new branch]        handoff/r9-eg-typed-payload-b -> origin/handoff/r9-eg-typed-payload-b
mutation-autofix	UNKNOWN STEP	2026-10-09T06:51:57.5230814Z  * [new branch]        handoff/r9-f1-coordinator-10 -> origin/handoff/r9-f1-coordinator-10
mutation-autofix	UNKNOWN STEP	2026-10-09T06:51:57.5231232Z  * [new branch]        handoff/r9-f1-coordinator-2 -> origin/handoff/r9-f1-coordinator-2
mutation-autofix	UNKNOWN STEP	2026-10-09T06:51:57.5231643Z  * [new branch]        handoff/r9-f1-coordinator-3 -> origin/handoff/r9-f1-coordinator-3
mutation-autofix	UNKNOWN STEP	2026-10-09T06:51:57.5232053Z  * [new branch]        handoff/r9-f1-coordinator-4 -> origin/handoff/r9-f1-coordinator-4
mutation-autofix	UNKNOWN STEP	2026-10-09T06:51:57.5232461Z  * [new branch]        handoff/r9-f1-coordinator-5 -> origin/handoff/r9-f1-coordinator-5
mutation-autofix	UNKNOWN STEP	2026-10-09T06:51:57.5232866Z  * [new branch]        handoff/r9-f1-coordinator-7 -> origin/handoff/r9-f1-coordinator-7
mutation-autofix	UNKNOWN STEP	2026-10-09T06:51:57.5233314Z  * [new branch]        handoff/r9-f1-coordinator-7-review -> origin/handoff/r9-f1-coordinator-7-review
mutation-autofix	UNKNOWN STEP	2026-10-09T06:51:57.5280793Z  * [new branch]        handoff/r9-f10-12       -> origin/handoff/r9-f10-12
mutation-autofix	UNKNOWN STEP	2026-10-09T06:51:57.5281638Z  * [new branch]        handoff/r9-f10-13       -> origin/handoff/r9-f10-13
mutation-autofix	UNKNOWN STEP	2026-10-09T06:51:57.5282251Z  * [new branch]        handoff/r9-f10-14       -> origin/handoff/r9-f10-14
mutation-autofix	UNKNOWN STEP	2026-10-09T06:51:57.5282693Z  * [new branch]        handoff/r9-f10-15       -> origin/handoff/r9-f10-15
mutation-autofix	UNKNOWN STEP	2026-10-09T06:51:57.5283059Z  * [new branch]        handoff/r9-f10-16       -> origin/handoff/r9-f10-16
mutation-autofix	UNKNOWN STEP	2026-10-09T06:51:57.5283470Z  * [new branch]        handoff/r9-f10-ci-efficiency -> origin/handoff/r9-f10-ci-efficiency
mutation-autofix	UNKNOWN STEP	2026-10-09T06:51:57.5283949Z  * [new branch]        handoff/r9-f10-claims-baseline-rca -> origin/handoff/r9-f10-claims-baseline-rca
mutation-autofix	UNKNOWN STEP	2026-10-09T06:51:57.5284458Z  * [new branch]        handoff/r9-f10-closure-runalways -> origin/handoff/r9-f10-closure-runalways
mutation-autofix	UNKNOWN STEP	2026-10-09T06:51:57.5284919Z  * [new branch]        handoff/r9-f10-gate-infra-1 -> origin/handoff/r9-f10-gate-infra-1
mutation-autofix	UNKNOWN STEP	2026-10-09T06:51:57.5285357Z  * [new branch]        handoff/r9-f10-gate-infra-1d -> origin/handoff/r9-f10-gate-infra-1d
mutation-autofix	UNKNOWN STEP	2026-10-09T06:51:57.5285786Z  * [new branch]        handoff/r9-f10-gate-infra-4 -> origin/handoff/r9-f10-gate-infra-4
mutation-autofix	UNKNOWN STEP	2026-10-09T06:51:57.5286209Z  * [new branch]        handoff/r9-f10-gate-infra-5 -> origin/handoff/r9-f10-gate-infra-5
mutation-autofix	UNKNOWN STEP	2026-10-09T06:51:57.5286622Z  * [new branch]        handoff/r9-f10-gate-infra-6 -> origin/handoff/r9-f10-gate-infra-6
mutation-autofix	UNKNOWN STEP	2026-10-09T06:51:57.5287062Z  * [new branch]        handoff/r9-f10-harness-timeout -> origin/handoff/r9-f10-harness-timeout
mutation-autofix	UNKNOWN STEP	2026-10-09T06:51:57.5287517Z  * [new branch]        handoff/r9-f10-loop-heartbeat -> origin/handoff/r9-f10-loop-heartbeat
mutation-autofix	UNKNOWN STEP	2026-10-09T06:51:57.5287946Z  * [new branch]        handoff/r9-f10-merge-queue -> origin/handoff/r9-f10-merge-queue
mutation-autofix	UNKNOWN STEP	2026-10-09T06:51:57.5288369Z  * [new branch]        handoff/r9-f11-governance-1 -> origin/handoff/r9-f11-governance-1
mutation-autofix	UNKNOWN STEP	2026-10-09T06:51:57.5288787Z  * [new branch]        handoff/r9-f11-governance-3 -> origin/handoff/r9-f11-governance-3
mutation-autofix	UNKNOWN STEP	2026-10-09T06:51:57.5289303Z  * [new branch]        handoff/r9-f11-governance-4 -> origin/handoff/r9-f11-governance-4
mutation-autofix	UNKNOWN STEP	2026-10-09T06:51:57.5289984Z  * [new branch]        handoff/r9-f11-governance-4-review -> origin/handoff/r9-f11-governance-4-review
mutation-autofix	UNKNOWN STEP	2026-10-09T06:51:57.5290440Z  * [new branch]        handoff/r9-f11-governance-5 -> origin/handoff/r9-f11-governance-5
mutation-autofix	UNKNOWN STEP	2026-10-09T06:51:57.5290860Z  * [new branch]        handoff/r9-f11-governance-6 -> origin/handoff/r9-f11-governance-6
mutation-autofix	UNKNOWN STEP	2026-10-09T06:51:57.5291275Z  * [new branch]        handoff/r9-f11-governance-7 -> origin/handoff/r9-f11-governance-7
mutation-autofix	UNKNOWN STEP	2026-10-09T06:51:57.5291701Z  * [new branch]        handoff/r9-f2-solver-1  -> origin/handoff/r9-f2-solver-1
mutation-autofix	UNKNOWN STEP	2026-10-09T06:51:57.5292111Z  * [new branch]        handoff/r9-f2-solver-3  -> origin/handoff/r9-f2-solver-3
mutation-autofix	UNKNOWN STEP	2026-10-09T06:51:57.5292526Z  * [new branch]        handoff/r9-f2-solver-4  -> origin/handoff/r9-f2-solver-4
mutation-autofix	UNKNOWN STEP	2026-10-09T06:51:57.5292910Z  * [new branch]        handoff/r9-f2-solver-5  -> origin/handoff/r9-f2-solver-5
mutation-autofix	UNKNOWN STEP	2026-10-09T06:51:57.5293302Z  * [new branch]        handoff/r9-f3-stores-1  -> origin/handoff/r9-f3-stores-1
mutation-autofix	UNKNOWN STEP	2026-10-09T06:51:57.5293687Z  * [new branch]        handoff/r9-f3-stores-3  -> origin/handoff/r9-f3-stores-3
mutation-autofix	UNKNOWN STEP	2026-10-09T06:51:57.5294103Z  * [new branch]        handoff/r9-f4-inputs-sysid-1 -> origin/handoff/r9-f4-inputs-sysid-1
mutation-autofix	UNKNOWN STEP	2026-10-09T06:51:57.5294542Z  * [new branch]        handoff/r9-f4-inputs-sysid-2 -> origin/handoff/r9-f4-inputs-sysid-2
mutation-autofix	UNKNOWN STEP	2026-10-09T06:51:57.5294972Z  * [new branch]        handoff/r9-f5-config-text-1 -> origin/handoff/r9-f5-config-text-1
mutation-autofix	UNKNOWN STEP	2026-10-09T06:51:57.5295373Z  * [new branch]        handoff/r9-f6-card-1    -> origin/handoff/r9-f6-card-1
mutation-autofix	UNKNOWN STEP	2026-10-09T06:51:57.5295758Z  * [new branch]        handoff/r9-f6-card-2    -> origin/handoff/r9-f6-card-2
mutation-autofix	UNKNOWN STEP	2026-10-09T06:51:57.5296135Z  * [new branch]        handoff/r9-f6-card-4    -> origin/handoff/r9-f6-card-4
mutation-autofix	UNKNOWN STEP	2026-10-09T06:51:57.5296529Z  * [new branch]        handoff/r9-f7-entities-1 -> origin/handoff/r9-f7-entities-1
mutation-autofix	UNKNOWN STEP	2026-10-09T06:51:57.5297057Z  * [new branch]        handoff/r9-f7-entities-2 -> origin/handoff/r9-f7-entities-2
mutation-autofix	UNKNOWN STEP	2026-10-09T06:51:57.5297479Z  * [new branch]        handoff/r9-f7-family-splits -> origin/handoff/r9-f7-family-splits
mutation-autofix	UNKNOWN STEP	2026-10-09T06:51:57.5297885Z  * [new branch]        handoff/r9-f8-docs-1    -> origin/handoff/r9-f8-docs-1
mutation-autofix	UNKNOWN STEP	2026-10-09T06:51:57.5298265Z  * [new branch]        handoff/r9-f8-docs-2    -> origin/handoff/r9-f8-docs-2
mutation-autofix	UNKNOWN STEP	2026-10-09T06:51:57.5298641Z  * [new branch]        handoff/r9-f8-docs-3    -> origin/handoff/r9-f8-docs-3
mutation-autofix	UNKNOWN STEP	2026-10-09T06:51:57.5299072Z  * [new branch]        handoff/r9-f9-test-pins-2 -> origin/handoff/r9-f9-test-pins-2
mutation-autofix	UNKNOWN STEP	2026-10-09T06:51:57.5299575Z  * [new branch]        handoff/r9-f9-test-pins-3 -> origin/handoff/r9-f9-test-pins-3
mutation-autofix	UNKNOWN STEP	2026-10-09T06:51:57.5299975Z  * [new branch]        handoff/r9-fixer-cap    -> origin/handoff/r9-fixer-cap
mutation-autofix	UNKNOWN STEP	2026-10-09T06:51:57.5300354Z  * [new branch]        handoff/r9-fr-10        -> origin/handoff/r9-fr-10
mutation-autofix	UNKNOWN STEP	2026-10-09T06:51:57.5300754Z  * [new branch]        handoff/r9-friction-study -> origin/handoff/r9-friction-study
mutation-autofix	UNKNOWN STEP	2026-10-09T06:51:57.5301152Z  * [new branch]        handoff/r9-gittmp       -> origin/handoff/r9-gittmp
mutation-autofix	UNKNOWN STEP	2026-10-09T06:51:57.5301548Z  * [new branch]        handoff/r9-main-closures -> origin/handoff/r9-main-closures
mutation-autofix	UNKNOWN STEP	2026-10-09T06:51:57.5301948Z  * [new branch]        handoff/r9-nightly-bdr  -> origin/handoff/r9-nightly-bdr
mutation-autofix	UNKNOWN STEP	2026-10-09T06:51:57.5302343Z  * [new branch]        handoff/r9-nightly-ha   -> origin/handoff/r9-nightly-ha
mutation-autofix	UNKNOWN STEP	2026-10-09T06:51:57.5302768Z  * [new branch]        handoff/r9-nightly-ha-measure -> origin/handoff/r9-nightly-ha-measure
mutation-autofix	UNKNOWN STEP	2026-10-09T06:51:57.5303206Z  * [new branch]        handoff/r9-nightly-ha-on-pr -> origin/handoff/r9-nightly-ha-on-pr
mutation-autofix	UNKNOWN STEP	2026-10-09T06:51:57.5303670Z  * [new branch]        handoff/r9-nightly-status-k5uati -> origin/handoff/r9-nightly-status-k5uati
mutation-autofix	UNKNOWN STEP	2026-10-09T06:51:57.5304119Z  * [new branch]        handoff/r9-prepr-selftest -> origin/handoff/r9-prepr-selftest
mutation-autofix	UNKNOWN STEP	2026-10-09T06:51:57.5304520Z  * [new branch]        handoff/r9-proc-1       -> origin/handoff/r9-proc-1
mutation-autofix	UNKNOWN STEP	2026-10-09T06:51:57.5304893Z  * [new branch]        handoff/r9-proc-3       -> origin/handoff/r9-proc-3
mutation-autofix	UNKNOWN STEP	2026-10-09T06:51:57.5305361Z  * [new branch]        handoff/r9-proc-4       -> origin/handoff/r9-proc-4
mutation-autofix	UNKNOWN STEP	2026-10-09T06:51:57.5305720Z  * [new branch]        handoff/r9-proc-5       -> origin/handoff/r9-proc-5
mutation-autofix	UNKNOWN STEP	2026-10-09T06:51:57.5306125Z  * [new branch]        handoff/r9-rc-prcontract-fix -> origin/handoff/r9-rc-prcontract-fix
mutation-autofix	UNKNOWN STEP	2026-10-09T06:51:57.5306527Z  * [new branch]        handoff/r9-rca-1985     -> origin/handoff/r9-rca-1985
mutation-autofix	UNKNOWN STEP	2026-10-09T06:51:57.5306901Z  * [new branch]        handoff/r9-rca-1990     -> origin/handoff/r9-rca-1990
mutation-autofix	UNKNOWN STEP	2026-10-09T06:51:57.5307408Z  * [new branch]        handoff/r9-rca-2004     -> origin/handoff/r9-rca-2004
mutation-autofix	UNKNOWN STEP	2026-10-09T06:51:57.5307858Z  * [new branch]        handoff/r9-rca-2028     -> origin/handoff/r9-rca-2028
mutation-autofix	UNKNOWN STEP	2026-10-09T06:51:57.5308412Z  * [new branch]        handoff/r9-rca-avoidable-interpreter-bound-recomputation -> origin/handoff/r9-rca-avoidable-interpreter-bound-recomputation
mutation-autofix	UNKNOWN STEP	2026-10-09T06:51:57.5308978Z  * [new branch]        handoff/r9-rca-bugclasses -> origin/handoff/r9-rca-bugclasses
mutation-autofix	UNKNOWN STEP	2026-10-09T06:51:57.5309587Z  * [new branch]        handoff/r9-rca-cpu-gate-blind -> origin/handoff/r9-rca-cpu-gate-blind
mutation-autofix	UNKNOWN STEP	2026-10-09T06:51:57.5309988Z  * [new branch]        handoff/r9-rca-i1       -> origin/handoff/r9-rca-i1
mutation-autofix	UNKNOWN STEP	2026-10-09T06:51:57.5310348Z  * [new branch]        handoff/r9-rca-i3       -> origin/handoff/r9-rca-i3
mutation-autofix	UNKNOWN STEP	2026-10-09T06:51:57.5310708Z  * [new branch]        handoff/r9-rca-i4       -> origin/handoff/r9-rca-i4
mutation-autofix	UNKNOWN STEP	2026-10-09T06:51:57.5311219Z  * [new branch]        handoff/r9-rca-i5       -> origin/handoff/r9-rca-i5
mutation-autofix	UNKNOWN STEP	2026-10-09T06:51:57.5311778Z  * [new branch]        handoff/r9-rca-p1       -> origin/handoff/r9-rca-p1
mutation-autofix	UNKNOWN STEP	2026-10-09T06:51:57.5312158Z  * [new branch]        handoff/r9-rca-p11      -> origin/handoff/r9-rca-p11
mutation-autofix	UNKNOWN STEP	2026-10-09T06:51:57.5312630Z  * [new branch]        handoff/r9-rca-p2       -> origin/handoff/r9-rca-p2
mutation-autofix	UNKNOWN STEP	2026-10-09T06:51:57.5312997Z  * [new branch]        handoff/r9-rca-p3       -> origin/handoff/r9-rca-p3
mutation-autofix	UNKNOWN STEP	2026-10-09T06:51:57.5313360Z  * [new branch]        handoff/r9-rca-p5       -> origin/handoff/r9-rca-p5
mutation-autofix	UNKNOWN STEP	2026-10-09T06:51:57.5313716Z  * [new branch]        handoff/r9-rca-p6       -> origin/handoff/r9-rca-p6
mutation-autofix	UNKNOWN STEP	2026-10-09T06:51:57.5314074Z  * [new branch]        handoff/r9-rca-p9       -> origin/handoff/r9-rca-p9
mutation-autofix	UNKNOWN STEP	2026-10-09T06:51:57.5314644Z  * [new branch]        handoff/r9-rca-persisted-future-instant-trusted-without-bound -> origin/handoff/r9-rca-persisted-future-instant-trusted-without-bound
mutation-autofix	UNKNOWN STEP	2026-10-09T06:51:57.5315223Z  * [new branch]        handoff/r9-rca-prepr-tmp -> origin/handoff/r9-rca-prepr-tmp
mutation-autofix	UNKNOWN STEP	2026-10-09T06:51:57.5315635Z  * [new branch]        handoff/r9-rca-stamp-race -> origin/handoff/r9-rca-stamp-race
mutation-autofix	UNKNOWN STEP	2026-10-09T06:51:57.5316079Z  * [new branch]        handoff/r9-rca-stress-recording -> origin/handoff/r9-rca-stress-recording
mutation-autofix	UNKNOWN STEP	2026-10-09T06:51:57.5316528Z  * [new branch]        handoff/r9-record-automerge -> origin/handoff/r9-record-automerge
mutation-autofix	UNKNOWN STEP	2026-10-09T06:51:57.5316936Z  * [new branch]        handoff/r9-record-path  -> origin/handoff/r9-record-path
mutation-autofix	UNKNOWN STEP	2026-10-09T06:51:57.5317335Z  * [new branch]        handoff/r9-review-timing -> origin/handoff/r9-review-timing
mutation-autofix	UNKNOWN STEP	2026-10-09T06:51:57.5317718Z  * [new branch]        handoff/r9-ro-1         -> origin/handoff/r9-ro-1
mutation-autofix	UNKNOWN STEP	2026-10-09T06:51:57.5318110Z  * [new branch]        handoff/r9-ro-10        -> origin/handoff/r9-ro-10
mutation-autofix	UNKNOWN STEP	2026-10-09T06:51:57.5318576Z  * [new branch]        handoff/r9-ro-11        -> origin/handoff/r9-ro-11
mutation-autofix	UNKNOWN STEP	2026-10-09T06:51:57.5318946Z  * [new branch]        handoff/r9-ro-12        -> origin/handoff/r9-ro-12
mutation-autofix	UNKNOWN STEP	2026-10-09T06:51:57.5319388Z  * [new branch]        handoff/r9-ro-2         -> origin/handoff/r9-ro-2
mutation-autofix	UNKNOWN STEP	2026-10-09T06:51:57.5319747Z  * [new branch]        handoff/r9-ro-3         -> origin/handoff/r9-ro-3
mutation-autofix	UNKNOWN STEP	2026-10-09T06:51:57.5320098Z  * [new branch]        handoff/r9-ro-4         -> origin/handoff/r9-ro-4
mutation-autofix	UNKNOWN STEP	2026-10-09T06:51:57.5320456Z  * [new branch]        handoff/r9-ro-5         -> origin/handoff/r9-ro-5
mutation-autofix	UNKNOWN STEP	2026-10-09T06:51:57.5320810Z  * [new branch]        handoff/r9-ro-6         -> origin/handoff/r9-ro-6
mutation-autofix	UNKNOWN STEP	2026-10-09T06:51:57.5321266Z  * [new branch]        handoff/r9-ro-7         -> origin/handoff/r9-ro-7
mutation-autofix	UNKNOWN STEP	2026-10-09T06:51:57.5321623Z  * [new branch]        handoff/r9-ro-8         -> origin/handoff/r9-ro-8
mutation-autofix	UNKNOWN STEP	2026-10-09T06:51:57.5321977Z  * [new branch]        handoff/r9-ro-9a        -> origin/handoff/r9-ro-9a
mutation-autofix	UNKNOWN STEP	2026-10-09T06:51:57.5322333Z  * [new branch]        handoff/r9-sw-5         -> origin/handoff/r9-sw-5
mutation-autofix	UNKNOWN STEP	2026-10-09T06:51:57.5322713Z  * [new branch]        handoff/r9-sw-actuation -> origin/handoff/r9-sw-actuation
mutation-autofix	UNKNOWN STEP	2026-10-09T06:51:57.5323098Z  * [new branch]        handoff/r9-sw-card      -> origin/handoff/r9-sw-card
mutation-autofix	UNKNOWN STEP	2026-10-09T06:51:57.5323468Z  * [new branch]        handoff/r9-sw-gchv      -> origin/handoff/r9-sw-gchv
mutation-autofix	UNKNOWN STEP	2026-10-09T06:51:57.5323842Z  * [new branch]        handoff/r9-sw-model     -> origin/handoff/r9-sw-model
mutation-autofix	UNKNOWN STEP	2026-10-09T06:51:57.5324215Z  * [new branch]        handoff/r9-sw6          -> origin/handoff/r9-sw6
mutation-autofix	UNKNOWN STEP	2026-10-09T06:51:57.5324582Z  * [new branch]        handoff/r9-ux-10        -> origin/handoff/r9-ux-10
mutation-autofix	UNKNOWN STEP	2026-10-09T06:51:57.5324941Z  * [new branch]        handoff/r9-ux-6         -> origin/handoff/r9-ux-6
mutation-autofix	UNKNOWN STEP	2026-10-09T06:51:57.5325295Z  * [new branch]        handoff/r9-ux-7         -> origin/handoff/r9-ux-7
mutation-autofix	UNKNOWN STEP	2026-10-09T06:51:57.5325666Z  * [new branch]        handoff/r9-ux-actions   -> origin/handoff/r9-ux-actions
mutation-autofix	UNKNOWN STEP	2026-10-09T06:51:57.5326048Z  * [new branch]        handoff/r9-ux-events    -> origin/handoff/r9-ux-events
mutation-autofix	UNKNOWN STEP	2026-10-09T06:51:57.5326428Z  * [new branch]        handoff/r9-ux-health    -> origin/handoff/r9-ux-health
mutation-autofix	UNKNOWN STEP	2026-10-09T06:51:57.5326829Z  * [new branch]        handoff/r9-ux-insight-text -> origin/handoff/r9-ux-insight-text
mutation-autofix	UNKNOWN STEP	2026-10-09T06:51:57.5327223Z  * [new branch]        handoff/r9-ux9          -> origin/handoff/r9-ux9
mutation-autofix	UNKNOWN STEP	2026-10-09T06:51:57.5327695Z  * [new branch]        handoff/r9-web-3        -> origin/handoff/r9-web-3
mutation-autofix	UNKNOWN STEP	2026-10-09T06:51:57.5328053Z  * [new branch]        handoff/r9-web-4        -> origin/handoff/r9-web-4
mutation-autofix	UNKNOWN STEP	2026-10-09T06:51:57.5328414Z  * [new branch]        handoff/r9-web-5        -> origin/handoff/r9-web-5
mutation-autofix	UNKNOWN STEP	2026-10-09T06:51:57.5328783Z  * [new branch]        handoff/r9-web-page     -> origin/handoff/r9-web-page
mutation-autofix	UNKNOWN STEP	2026-10-09T06:51:57.5329227Z  * [new branch]        handoff/rca-1747        -> origin/handoff/rca-1747
mutation-autofix	UNKNOWN STEP	2026-10-09T06:51:57.5329606Z  * [new branch]        handoff/repo-reorg-plan -> origin/handoff/repo-reorg-plan
mutation-autofix	UNKNOWN STEP	2026-10-09T06:51:57.5330028Z  * [new branch]        handoff/silent-windows-plan -> origin/handoff/silent-windows-plan
mutation-autofix	UNKNOWN STEP	2026-10-09T06:51:57.5330399Z  * [new branch]        main                    -> origin/main
mutation-autofix	UNKNOWN STEP	2026-10-09T06:51:57.5330759Z  * [new branch]        proof/r9-ci-1-pr2010    -> origin/proof/r9-ci-1-pr2010
mutation-autofix	UNKNOWN STEP	2026-10-09T06:51:57.5331140Z  * [new branch]        proof/r9-ci-1-pr2025    -> origin/proof/r9-ci-1-pr2025
mutation-autofix	UNKNOWN STEP	2026-10-09T06:51:57.5331517Z  * [new branch]        proof/r9-ci-1-sw1       -> origin/proof/r9-ci-1-sw1
mutation-autofix	UNKNOWN STEP	2026-10-09T06:51:57.5331879Z  * [new branch]        review/1987             -> origin/review/1987
mutation-autofix	UNKNOWN STEP	2026-10-09T06:51:57.5332231Z  * [new branch]        review/1997             -> origin/review/1997
mutation-autofix	UNKNOWN STEP	2026-10-09T06:51:57.5332571Z  * [new branch]        review/2002             -> origin/review/2002
mutation-autofix	UNKNOWN STEP	2026-10-09T06:51:57.5332917Z  * [new branch]        review/2006             -> origin/review/2006
mutation-autofix	UNKNOWN STEP	2026-10-09T06:51:57.5333257Z  * [new branch]        review/2007             -> origin/review/2007
mutation-autofix	UNKNOWN STEP	2026-10-09T06:51:57.5333596Z  * [new branch]        review/2010             -> origin/review/2010
mutation-autofix	UNKNOWN STEP	2026-10-09T06:51:57.5333933Z  * [new branch]        review/2011             -> origin/review/2011
mutation-autofix	UNKNOWN STEP	2026-10-09T06:51:57.5334270Z  * [new branch]        review/2012             -> origin/review/2012
mutation-autofix	UNKNOWN STEP	2026-10-09T06:51:57.5334609Z  * [new branch]        review/2013             -> origin/review/2013
mutation-autofix	UNKNOWN STEP	2026-10-09T06:51:57.5334951Z  * [new branch]        review/2014             -> origin/review/2014
mutation-autofix	UNKNOWN STEP	2026-10-09T06:51:57.5335285Z  * [new branch]        review/2015             -> origin/review/2015
mutation-autofix	UNKNOWN STEP	2026-10-09T06:51:57.5335725Z  * [new branch]        review/2017             -> origin/review/2017
mutation-autofix	UNKNOWN STEP	2026-10-09T06:51:57.5336059Z  * [new branch]        review/2018             -> origin/review/2018
mutation-autofix	UNKNOWN STEP	2026-10-09T06:51:57.5336397Z  * [new branch]        review/2021             -> origin/review/2021
mutation-autofix	UNKNOWN STEP	2026-10-09T06:51:57.5336730Z  * [new branch]        review/2022             -> origin/review/2022
mutation-autofix	UNKNOWN STEP	2026-10-09T06:51:57.5337063Z  * [new branch]        review/2024             -> origin/review/2024
mutation-autofix	UNKNOWN STEP	2026-10-09T06:51:57.5337399Z  * [new branch]        review/2025             -> origin/review/2025
mutation-autofix	UNKNOWN STEP	2026-10-09T06:51:57.5337738Z  * [new branch]        review/2026             -> origin/review/2026
mutation-autofix	UNKNOWN STEP	2026-10-09T06:51:57.5338073Z  * [new branch]        review/2027             -> origin/review/2027
mutation-autofix	UNKNOWN STEP	2026-10-09T06:51:57.5338413Z  * [new branch]        review/2029             -> origin/review/2029
mutation-autofix	UNKNOWN STEP	2026-10-09T06:51:57.5338754Z  * [new branch]        review/2030             -> origin/review/2030
mutation-autofix	UNKNOWN STEP	2026-10-09T06:51:57.5339094Z  * [new branch]        review/2040             -> origin/review/2040
mutation-autofix	UNKNOWN STEP	2026-10-09T06:51:57.5339518Z  * [new branch]        review/2041             -> origin/review/2041
mutation-autofix	UNKNOWN STEP	2026-10-09T06:51:57.5339855Z  * [new branch]        review/2042             -> origin/review/2042
mutation-autofix	UNKNOWN STEP	2026-10-09T06:51:57.5340200Z  * [new branch]        review/2044             -> origin/review/2044
mutation-autofix	UNKNOWN STEP	2026-10-09T06:51:57.5340538Z  * [new branch]        review/2049             -> origin/review/2049
mutation-autofix	UNKNOWN STEP	2026-10-09T06:51:57.5340876Z  * [new branch]        review/2051             -> origin/review/2051
mutation-autofix	UNKNOWN STEP	2026-10-09T06:51:57.5341348Z  * [new branch]        review/2053             -> origin/review/2053
mutation-autofix	UNKNOWN STEP	2026-10-09T06:51:57.5341781Z  * [new branch]        review/2054             -> origin/review/2054
mutation-autofix	UNKNOWN STEP	2026-10-09T06:51:57.5342120Z  * [new branch]        review/2055             -> origin/review/2055
mutation-autofix	UNKNOWN STEP	2026-10-09T06:51:57.5342566Z  * [new branch]        review/2056             -> origin/review/2056
mutation-autofix	UNKNOWN STEP	2026-10-09T06:51:57.5342904Z  * [new branch]        review/2057             -> origin/review/2057
mutation-autofix	UNKNOWN STEP	2026-10-09T06:51:57.5343252Z  * [new branch]        review/2058             -> origin/review/2058
mutation-autofix	UNKNOWN STEP	2026-10-09T06:51:57.5343589Z  * [new branch]        review/2059             -> origin/review/2059
mutation-autofix	UNKNOWN STEP	2026-10-09T06:51:57.5343928Z  * [new branch]        review/2060             -> origin/review/2060
mutation-autofix	UNKNOWN STEP	2026-10-09T06:51:57.5344323Z  * [new branch]        review/2061             -> origin/review/2061
mutation-autofix	UNKNOWN STEP	2026-10-09T06:51:57.5344743Z  * [new branch]        review/2062             -> origin/review/2062
mutation-autofix	UNKNOWN STEP	2026-10-09T06:51:57.5345309Z  * [new branch]        review/2063             -> origin/review/2063
mutation-autofix	UNKNOWN STEP	2026-10-09T06:51:57.5345652Z  * [new branch]        review/2064             -> origin/review/2064
mutation-autofix	UNKNOWN STEP	2026-10-09T06:51:57.5345993Z  * [new branch]        review/2065             -> origin/review/2065
mutation-autofix	UNKNOWN STEP	2026-10-09T06:51:57.5346332Z  * [new branch]        review/2066             -> origin/review/2066
mutation-autofix	UNKNOWN STEP	2026-10-09T06:51:57.5346677Z  * [new branch]        review/2067             -> origin/review/2067
mutation-autofix	UNKNOWN STEP	2026-10-09T06:51:57.5347014Z  * [new branch]        review/2068             -> origin/review/2068
mutation-autofix	UNKNOWN STEP	2026-10-09T06:51:57.5347360Z  * [new branch]        review/2069             -> origin/review/2069
mutation-autofix	UNKNOWN STEP	2026-10-09T06:51:57.5347700Z  * [new branch]        review/2070             -> origin/review/2070
mutation-autofix	UNKNOWN STEP	2026-10-09T06:51:57.5348037Z  * [new branch]        review/2071             -> origin/review/2071
mutation-autofix	UNKNOWN STEP	2026-10-09T06:51:57.5348379Z  * [new branch]        review/2072             -> origin/review/2072
mutation-autofix	UNKNOWN STEP	2026-10-09T06:51:57.5348718Z  * [new branch]        review/2073             -> origin/review/2073
mutation-autofix	UNKNOWN STEP	2026-10-09T06:51:57.5349066Z  * [new branch]        verdict/1987            -> origin/verdict/1987
mutation-autofix	UNKNOWN STEP	2026-10-09T06:51:57.5349604Z  * [new branch]        verdict/1997            -> origin/verdict/1997
mutation-autofix	UNKNOWN STEP	2026-10-09T06:51:57.5349950Z  * [new branch]        verdict/2002            -> origin/verdict/2002
mutation-autofix	UNKNOWN STEP	2026-10-09T06:51:57.5350301Z  * [new branch]        verdict/2006            -> origin/verdict/2006
mutation-autofix	UNKNOWN STEP	2026-10-09T06:51:57.5350644Z  * [new branch]        verdict/2007            -> origin/verdict/2007
mutation-autofix	UNKNOWN STEP	2026-10-09T06:51:57.5351090Z  * [new branch]        verdict/2010            -> origin/verdict/2010
mutation-autofix	UNKNOWN STEP	2026-10-09T06:51:57.5351434Z  * [new branch]        verdict/2011            -> origin/verdict/2011
mutation-autofix	UNKNOWN STEP	2026-10-09T06:51:57.5351824Z  * [new branch]        verdict/2012            -> origin/verdict/2012
mutation-autofix	UNKNOWN STEP	2026-10-09T06:51:57.5352252Z  * [new branch]        verdict/2013            -> origin/verdict/2013
mutation-autofix	UNKNOWN STEP	2026-10-09T06:51:57.5352599Z  * [new branch]        verdict/2014            -> origin/verdict/2014
mutation-autofix	UNKNOWN STEP	2026-10-09T06:51:57.5352942Z  * [new branch]        verdict/2015            -> origin/verdict/2015
mutation-autofix	UNKNOWN STEP	2026-10-09T06:51:57.5353285Z  * [new branch]        verdict/2017            -> origin/verdict/2017
mutation-autofix	UNKNOWN STEP	2026-10-09T06:51:57.5353625Z  * [new branch]        verdict/2018            -> origin/verdict/2018
mutation-autofix	UNKNOWN STEP	2026-10-09T06:51:57.5353967Z  * [new branch]        verdict/2021            -> origin/verdict/2021
mutation-autofix	UNKNOWN STEP	2026-10-09T06:51:57.5354313Z  * [new branch]        verdict/2022            -> origin/verdict/2022
mutation-autofix	UNKNOWN STEP	2026-10-09T06:51:57.5354658Z  * [new branch]        verdict/2024            -> origin/verdict/2024
mutation-autofix	UNKNOWN STEP	2026-10-09T06:51:57.5354997Z  * [new branch]        verdict/2025            -> origin/verdict/2025
mutation-autofix	UNKNOWN STEP	2026-10-09T06:51:57.5355337Z  * [new branch]        verdict/2026            -> origin/verdict/2026
mutation-autofix	UNKNOWN STEP	2026-10-09T06:51:57.5355680Z  * [new branch]        verdict/2027            -> origin/verdict/2027
mutation-autofix	UNKNOWN STEP	2026-10-09T06:51:57.5356022Z  * [new branch]        verdict/2029            -> origin/verdict/2029
mutation-autofix	UNKNOWN STEP	2026-10-09T06:51:57.5356372Z  * [new branch]        verdict/2030            -> origin/verdict/2030
mutation-autofix	UNKNOWN STEP	2026-10-09T06:51:57.5356715Z  * [new branch]        verdict/2040            -> origin/verdict/2040
mutation-autofix	UNKNOWN STEP	2026-10-09T06:51:57.5357056Z  * [new branch]        verdict/2041            -> origin/verdict/2041
mutation-autofix	UNKNOWN STEP	2026-10-09T06:51:57.5357398Z  * [new branch]        verdict/2042            -> origin/verdict/2042
mutation-autofix	UNKNOWN STEP	2026-10-09T06:51:57.5357863Z  * [new branch]        verdict/2044            -> origin/verdict/2044
mutation-autofix	UNKNOWN STEP	2026-10-09T06:51:57.5358203Z  * [new branch]        verdict/2049            -> origin/verdict/2049
mutation-autofix	UNKNOWN STEP	2026-10-09T06:51:57.5358549Z  * [new branch]        verdict/2051            -> origin/verdict/2051
mutation-autofix	UNKNOWN STEP	2026-10-09T06:51:57.5358889Z  * [new branch]        verdict/2053            -> origin/verdict/2053
mutation-autofix	UNKNOWN STEP	2026-10-09T06:51:57.5359314Z  * [new branch]        verdict/2054            -> origin/verdict/2054
mutation-autofix	UNKNOWN STEP	2026-10-09T06:51:57.5359662Z  * [new branch]        verdict/2055            -> origin/verdict/2055
mutation-autofix	UNKNOWN STEP	2026-10-09T06:51:57.5360003Z  * [new branch]        verdict/2056            -> origin/verdict/2056
mutation-autofix	UNKNOWN STEP	2026-10-09T06:51:57.5360347Z  * [new branch]        verdict/2057            -> origin/verdict/2057
mutation-autofix	UNKNOWN STEP	2026-10-09T06:51:57.5360685Z  * [new branch]        verdict/2058            -> origin/verdict/2058
mutation-autofix	UNKNOWN STEP	2026-10-09T06:51:57.5361025Z  * [new branch]        verdict/2059            -> origin/verdict/2059
mutation-autofix	UNKNOWN STEP	2026-10-09T06:51:57.5361371Z  * [new branch]        verdict/2060            -> origin/verdict/2060
mutation-autofix	UNKNOWN STEP	2026-10-09T06:51:57.5361893Z  * [new branch]        verdict/2061            -> origin/verdict/2061
mutation-autofix	UNKNOWN STEP	2026-10-09T06:51:57.5362400Z  * [new branch]        verdict/2062            -> origin/verdict/2062
mutation-autofix	UNKNOWN STEP	2026-10-09T06:51:57.5362936Z  * [new branch]        verdict/2063            -> origin/verdict/2063
mutation-autofix	UNKNOWN STEP	2026-10-09T06:51:57.5363461Z  * [new branch]        verdict/2064            -> origin/verdict/2064
mutation-autofix	UNKNOWN STEP	2026-10-09T06:51:57.5363976Z  * [new branch]        verdict/2065            -> origin/verdict/2065
mutation-autofix	UNKNOWN STEP	2026-10-09T06:51:57.5364503Z  * [new branch]        verdict/2066            -> origin/verdict/2066
mutation-autofix	UNKNOWN STEP	2026-10-09T06:51:57.5364844Z  * [new branch]        verdict/2067            -> origin/verdict/2067
mutation-autofix	UNKNOWN STEP	2026-10-09T06:51:57.5365190Z  * [new branch]        verdict/2068            -> origin/verdict/2068
mutation-autofix	UNKNOWN STEP	2026-10-09T06:51:57.5365532Z  * [new branch]        verdict/2069            -> origin/verdict/2069
mutation-autofix	UNKNOWN STEP	2026-10-09T06:51:57.5365872Z  * [new branch]        verdict/2070            -> origin/verdict/2070
mutation-autofix	UNKNOWN STEP	2026-10-09T06:51:57.5366222Z  * [new branch]        verdict/2071            -> origin/verdict/2071
mutation-autofix	UNKNOWN STEP	2026-10-09T06:51:57.5366689Z  * [new branch]        verdict/2072            -> origin/verdict/2072
mutation-autofix	UNKNOWN STEP	2026-10-09T06:51:57.5367033Z  * [new branch]        verdict/2073            -> origin/verdict/2073
mutation-autofix	UNKNOWN STEP	2026-10-09T06:51:57.5367439Z  * [new branch]        wip-sync/orchestrator-scratch -> origin/wip-sync/orchestrator-scratch
mutation-autofix	UNKNOWN STEP	2026-10-09T06:51:57.5367851Z  * [new tag]           audit-round2-evidence   -> audit-round2-evidence
mutation-autofix	UNKNOWN STEP	2026-10-09T06:51:57.5368193Z  * [new tag]           v2.3.0-beta.1           -> v2.3.0-beta.1
mutation-autofix	UNKNOWN STEP	2026-10-09T06:51:57.5368504Z  * [new tag]           v2.4.0                  -> v2.4.0
mutation-autofix	UNKNOWN STEP	2026-10-09T06:51:57.5368804Z  * [new tag]           v2.4.1                  -> v2.4.1
mutation-autofix	UNKNOWN STEP	2026-10-09T06:51:57.5369097Z  * [new tag]           v2.5.0                  -> v2.5.0
mutation-autofix	UNKNOWN STEP	2026-10-09T06:51:57.5369481Z  * [new tag]           v2.6.0                  -> v2.6.0
mutation-autofix	UNKNOWN STEP	2026-10-09T06:51:57.5369775Z  * [new tag]           v2.6.1                  -> v2.6.1
mutation-autofix	UNKNOWN STEP	2026-10-09T06:51:57.5370068Z  * [new tag]           v2.7.0                  -> v2.7.0
mutation-autofix	UNKNOWN STEP	2026-10-09T06:51:57.5370356Z  * [new tag]           v2.8.0                  -> v2.8.0
mutation-autofix	UNKNOWN STEP	2026-10-09T06:51:57.5370651Z  * [new tag]           v3.0.0                  -> v3.0.0
mutation-autofix	UNKNOWN STEP	2026-10-09T06:51:57.5370940Z  * [new tag]           v3.1.0                  -> v3.1.0
mutation-autofix	UNKNOWN STEP	2026-10-09T06:51:57.5371230Z  * [new tag]           v3.1.1                  -> v3.1.1
mutation-autofix	UNKNOWN STEP	2026-10-09T06:51:57.5371520Z  * [new tag]           v3.1.2                  -> v3.1.2
mutation-autofix	UNKNOWN STEP	2026-10-09T06:51:57.5371814Z  * [new tag]           v3.14.0                 -> v3.14.0
mutation-autofix	UNKNOWN STEP	2026-10-09T06:51:57.5372113Z  * [new tag]           v3.16.0                 -> v3.16.0
mutation-autofix	UNKNOWN STEP	2026-10-09T06:51:57.5372410Z  * [new tag]           v3.2.0                  -> v3.2.0
mutation-autofix	UNKNOWN STEP	2026-10-09T06:51:57.5372701Z  * [new tag]           v3.3.0                  -> v3.3.0
mutation-autofix	UNKNOWN STEP	2026-10-09T06:51:57.5372991Z  * [new tag]           v3.3.1                  -> v3.3.1
mutation-autofix	UNKNOWN STEP	2026-10-09T06:51:57.5373423Z  * [new tag]           v3.4.0                  -> v3.4.0
mutation-autofix	UNKNOWN STEP	2026-10-09T06:51:57.5373713Z  * [new tag]           v3.4.1                  -> v3.4.1
mutation-autofix	UNKNOWN STEP	2026-10-09T06:51:57.5374002Z  * [new tag]           v3.5.0                  -> v3.5.0
mutation-autofix	UNKNOWN STEP	2026-10-09T06:51:57.5374293Z  * [new tag]           v3.6.0                  -> v3.6.0
mutation-autofix	UNKNOWN STEP	2026-10-09T06:51:57.5374582Z  * [new tag]           v3.6.1                  -> v3.6.1
mutation-autofix	UNKNOWN STEP	2026-10-09T06:51:57.5374874Z  * [new tag]           v3.7.0                  -> v3.7.0
mutation-autofix	UNKNOWN STEP	2026-10-09T06:51:57.5375166Z  * [new tag]           v3.7.1                  -> v3.7.1
mutation-autofix	UNKNOWN STEP	2026-10-09T06:51:57.5375453Z  * [new tag]           v3.8.0                  -> v3.8.0
mutation-autofix	UNKNOWN STEP	2026-10-09T06:51:57.5375743Z  * [new tag]           v4.0.0                  -> v4.0.0
mutation-autofix	UNKNOWN STEP	2026-10-09T06:51:57.5376030Z  * [new tag]           v4.0.1                  -> v4.0.1
mutation-autofix	UNKNOWN STEP	2026-10-09T06:51:57.5376317Z  * [new tag]           v4.0.2                  -> v4.0.2
mutation-autofix	UNKNOWN STEP	2026-10-09T06:51:57.5376610Z  * [new tag]           v4.0.3                  -> v4.0.3
mutation-autofix	UNKNOWN STEP	2026-10-09T06:51:57.5376905Z  * [new tag]           v4.0.4                  -> v4.0.4
mutation-autofix	UNKNOWN STEP	2026-10-09T06:51:57.5377192Z  * [new tag]           v4.0.5                  -> v4.0.5
mutation-autofix	UNKNOWN STEP	2026-10-09T06:51:57.5377485Z  * [new tag]           v4.0.6                  -> v4.0.6
mutation-autofix	UNKNOWN STEP	2026-10-09T06:51:57.5377773Z  * [new tag]           v4.0.7                  -> v4.0.7
mutation-autofix	UNKNOWN STEP	2026-10-09T06:51:57.5378064Z  * [new tag]           v4.1.0                  -> v4.1.0
mutation-autofix	UNKNOWN STEP	2026-10-09T06:51:57.5378355Z  * [new tag]           v4.2.0                  -> v4.2.0
mutation-autofix	UNKNOWN STEP	2026-10-09T06:51:57.5378642Z  * [new tag]           v4.3.0                  -> v4.3.0
mutation-autofix	UNKNOWN STEP	2026-10-09T06:51:57.5378932Z  * [new tag]           v5.0.0                  -> v5.0.0
mutation-autofix	UNKNOWN STEP	2026-10-09T06:51:57.5379298Z  * [new tag]           v5.1.0                  -> v5.1.0
mutation-autofix	UNKNOWN STEP	2026-10-09T06:51:57.5379585Z  * [new tag]           v5.1.1                  -> v5.1.1
mutation-autofix	UNKNOWN STEP	2026-10-09T06:51:57.5379878Z  * [new tag]           v5.1.10                 -> v5.1.10
mutation-autofix	UNKNOWN STEP	2026-10-09T06:51:57.5380174Z  * [new tag]           v5.1.2                  -> v5.1.2
mutation-autofix	UNKNOWN STEP	2026-10-09T06:51:57.5380471Z  * [new tag]           v5.1.3                  -> v5.1.3
mutation-autofix	UNKNOWN STEP	2026-10-09T06:51:57.5380761Z  * [new tag]           v5.1.4                  -> v5.1.4
mutation-autofix	UNKNOWN STEP	2026-10-09T06:51:57.5381149Z  * [new tag]           v5.1.5                  -> v5.1.5
mutation-autofix	UNKNOWN STEP	2026-10-09T06:51:57.5381442Z  * [new tag]           v5.1.6                  -> v5.1.6
mutation-autofix	UNKNOWN STEP	2026-10-09T06:51:57.5381730Z  * [new tag]           v5.1.7                  -> v5.1.7
mutation-autofix	UNKNOWN STEP	2026-10-09T06:51:57.5382019Z  * [new tag]           v5.1.9                  -> v5.1.9
mutation-autofix	UNKNOWN STEP	2026-10-09T06:51:57.5382311Z  * [new tag]           v5.2.0                  -> v5.2.0
mutation-autofix	UNKNOWN STEP	2026-10-09T06:51:57.5382601Z  * [new tag]           v5.3.0                  -> v5.3.0
mutation-autofix	UNKNOWN STEP	2026-10-09T06:51:57.5382889Z  * [new tag]           v5.4.0                  -> v5.4.0
mutation-autofix	UNKNOWN STEP	2026-10-09T06:51:57.5383180Z  * [new tag]           v5.4.1                  -> v5.4.1
mutation-autofix	UNKNOWN STEP	2026-10-09T06:51:57.5383466Z  * [new tag]           v5.5.0                  -> v5.5.0
mutation-autofix	UNKNOWN STEP	2026-10-09T06:51:57.5383754Z  * [new tag]           v5.6.0                  -> v5.6.0
mutation-autofix	UNKNOWN STEP	2026-10-09T06:51:57.5384049Z  * [new tag]           v5.6.1                  -> v5.6.1
mutation-autofix	UNKNOWN STEP	2026-10-09T06:51:57.5384336Z  * [new tag]           v5.6.2                  -> v5.6.2
mutation-autofix	UNKNOWN STEP	2026-10-09T06:51:57.5384631Z  * [new tag]           v5.7.0                  -> v5.7.0
mutation-autofix	UNKNOWN STEP	2026-10-09T06:51:57.5384920Z  * [new tag]           v5.7.1                  -> v5.7.1
mutation-autofix	UNKNOWN STEP	2026-10-09T06:51:57.5385207Z  * [new tag]           v6.0.0                  -> v6.0.0
mutation-autofix	UNKNOWN STEP	2026-10-09T06:51:57.5385499Z  * [new tag]           v6.0.1                  -> v6.0.1
mutation-autofix	UNKNOWN STEP	2026-10-09T06:51:57.5385787Z  * [new tag]           v6.0.2                  -> v6.0.2
mutation-autofix	UNKNOWN STEP	2026-10-09T06:51:57.5386075Z  * [new tag]           v6.0.3                  -> v6.0.3
mutation-autofix	UNKNOWN STEP	2026-10-09T06:51:57.5386366Z  * [new tag]           v6.0.4                  -> v6.0.4
mutation-autofix	UNKNOWN STEP	2026-10-09T06:51:57.5386655Z  * [new tag]           v6.0.5                  -> v6.0.5
mutation-autofix	UNKNOWN STEP	2026-10-09T06:51:57.5386943Z  * [new tag]           v6.0.6                  -> v6.0.6
mutation-autofix	UNKNOWN STEP	2026-10-09T06:51:57.5387233Z  * [new tag]           v6.0.7                  -> v6.0.7
mutation-autofix	UNKNOWN STEP	2026-10-09T06:51:57.5387628Z  * [new tag]           v6.0.8                  -> v6.0.8
mutation-autofix	UNKNOWN STEP	2026-10-09T06:51:57.5387918Z  * [new tag]           v6.0.9                  -> v6.0.9
mutation-autofix	UNKNOWN STEP	2026-10-09T06:51:57.5388220Z  * [new tag]           v6.1.0                  -> v6.1.0
mutation-autofix	UNKNOWN STEP	2026-10-09T06:51:57.5388509Z  * [new tag]           v6.1.1                  -> v6.1.1
mutation-autofix	UNKNOWN STEP	2026-10-09T06:51:57.5388799Z  * [new tag]           v6.1.2                  -> v6.1.2
mutation-autofix	UNKNOWN STEP	2026-10-09T06:51:57.5389090Z  * [new tag]           v6.2.0                  -> v6.2.0
mutation-autofix	UNKNOWN STEP	2026-10-09T06:51:57.5389551Z  * [new tag]           v6.2.1                  -> v6.2.1
mutation-autofix	UNKNOWN STEP	2026-10-09T06:51:57.5389843Z  * [new tag]           v6.2.10                 -> v6.2.10
mutation-autofix	UNKNOWN STEP	2026-10-09T06:51:57.5390136Z  * [new tag]           v6.2.11                 -> v6.2.11
mutation-autofix	UNKNOWN STEP	2026-10-09T06:51:57.5390427Z  * [new tag]           v6.2.12                 -> v6.2.12
mutation-autofix	UNKNOWN STEP	2026-10-09T06:51:57.5390720Z  * [new tag]           v6.2.13                 -> v6.2.13
mutation-autofix	UNKNOWN STEP	2026-10-09T06:51:57.5391012Z  * [new tag]           v6.2.14                 -> v6.2.14
mutation-autofix	UNKNOWN STEP	2026-10-09T06:51:57.5391308Z  * [new tag]           v6.2.15                 -> v6.2.15
mutation-autofix	UNKNOWN STEP	2026-10-09T06:51:57.5391633Z  * [new tag]           v6.2.16                 -> v6.2.16
mutation-autofix	UNKNOWN STEP	2026-10-09T06:51:57.5391926Z  * [new tag]           v6.2.17                 -> v6.2.17
mutation-autofix	UNKNOWN STEP	2026-10-09T06:51:57.5392221Z  * [new tag]           v6.2.2                  -> v6.2.2
mutation-autofix	UNKNOWN STEP	2026-10-09T06:51:57.5392511Z  * [new tag]           v6.2.3                  -> v6.2.3
mutation-autofix	UNKNOWN STEP	2026-10-09T06:51:57.5392802Z  * [new tag]           v6.2.4                  -> v6.2.4
mutation-autofix	UNKNOWN STEP	2026-10-09T06:51:57.5393094Z  * [new tag]           v6.2.5                  -> v6.2.5
mutation-autofix	UNKNOWN STEP	2026-10-09T06:51:57.5393382Z  * [new tag]           v6.2.6                  -> v6.2.6
mutation-autofix	UNKNOWN STEP	2026-10-09T06:51:57.5393669Z  * [new tag]           v6.2.7                  -> v6.2.7
mutation-autofix	UNKNOWN STEP	2026-10-09T06:51:57.5393956Z  * [new tag]           v6.2.8                  -> v6.2.8
mutation-autofix	UNKNOWN STEP	2026-10-09T06:51:57.5394243Z  * [new tag]           v6.2.9                  -> v6.2.9
mutation-autofix	UNKNOWN STEP	2026-10-09T06:51:57.5394532Z  * [new tag]           v6.3.0                  -> v6.3.0
mutation-autofix	UNKNOWN STEP	2026-10-09T06:51:57.5394821Z  * [new tag]           v6.3.1                  -> v6.3.1
mutation-autofix	UNKNOWN STEP	2026-10-09T06:51:57.5395111Z  * [new tag]           v6.3.10                 -> v6.3.10
mutation-autofix	UNKNOWN STEP	2026-10-09T06:51:57.5395517Z  * [new tag]           v6.3.11                 -> v6.3.11
mutation-autofix	UNKNOWN STEP	2026-10-09T06:51:57.5395807Z  * [new tag]           v6.3.12                 -> v6.3.12
mutation-autofix	UNKNOWN STEP	2026-10-09T06:51:57.5396097Z  * [new tag]           v6.3.13                 -> v6.3.13
mutation-autofix	UNKNOWN STEP	2026-10-09T06:51:57.5396387Z  * [new tag]           v6.3.14                 -> v6.3.14
mutation-autofix	UNKNOWN STEP	2026-10-09T06:51:57.5396675Z  * [new tag]           v6.3.15                 -> v6.3.15
mutation-autofix	UNKNOWN STEP	2026-10-09T06:51:57.5396961Z  * [new tag]           v6.3.16                 -> v6.3.16
mutation-autofix	UNKNOWN STEP	2026-10-09T06:51:57.5397254Z  * [new tag]           v6.3.17                 -> v6.3.17
mutation-autofix	UNKNOWN STEP	2026-10-09T06:51:57.5397541Z  * [new tag]           v6.3.18                 -> v6.3.18
mutation-autofix	UNKNOWN STEP	2026-10-09T06:51:57.5397829Z  * [new tag]           v6.3.19                 -> v6.3.19
mutation-autofix	UNKNOWN STEP	2026-10-09T06:51:57.5398126Z  * [new tag]           v6.3.2                  -> v6.3.2
mutation-autofix	UNKNOWN STEP	2026-10-09T06:51:57.5398415Z  * [new tag]           v6.3.20                 -> v6.3.20
mutation-autofix	UNKNOWN STEP	2026-10-09T06:51:57.5398710Z  * [new tag]           v6.3.3                  -> v6.3.3
mutation-autofix	UNKNOWN STEP	2026-10-09T06:51:57.5399007Z  * [new tag]           v6.3.4                  -> v6.3.4
mutation-autofix	UNKNOWN STEP	2026-10-09T06:51:57.5399382Z  * [new tag]           v6.3.5                  -> v6.3.5
mutation-autofix	UNKNOWN STEP	2026-10-09T06:51:57.5399673Z  * [new tag]           v6.3.6                  -> v6.3.6
mutation-autofix	UNKNOWN STEP	2026-10-09T06:51:57.5399964Z  * [new tag]           v6.3.7                  -> v6.3.7
mutation-autofix	UNKNOWN STEP	2026-10-09T06:51:57.5400248Z  * [new tag]           v6.3.8                  -> v6.3.8
mutation-autofix	UNKNOWN STEP	2026-10-09T06:51:57.5400537Z  * [new tag]           v6.3.9                  -> v6.3.9
mutation-autofix	UNKNOWN STEP	2026-10-09T06:51:57.5400822Z  * [new tag]           v6.4.0                  -> v6.4.0
mutation-autofix	UNKNOWN STEP	2026-10-09T06:51:57.5401108Z  * [new tag]           v6.4.1                  -> v6.4.1
mutation-autofix	UNKNOWN STEP	2026-10-09T06:51:57.5401398Z  * [new tag]           v6.4.2                  -> v6.4.2
mutation-autofix	UNKNOWN STEP	2026-10-09T06:51:57.5401784Z  * [new tag]           v6.4.3                  -> v6.4.3
mutation-autofix	UNKNOWN STEP	2026-10-09T06:51:57.5402076Z  * [new tag]           v6.4.4                  -> v6.4.4
mutation-autofix	UNKNOWN STEP	2026-10-09T06:51:57.5402366Z  * [new tag]           v6.5.0                  -> v6.5.0
mutation-autofix	UNKNOWN STEP	2026-10-09T06:51:57.5402655Z  * [new tag]           v6.5.1                  -> v6.5.1
mutation-autofix	UNKNOWN STEP	2026-10-09T06:51:57.5402946Z  * [new tag]           v6.6.0                  -> v6.6.0
mutation-autofix	UNKNOWN STEP	2026-10-09T06:51:57.5403233Z  * [new tag]           v6.6.1                  -> v6.6.1
mutation-autofix	UNKNOWN STEP	2026-10-09T06:51:57.5403521Z  * [new tag]           v6.6.10                 -> v6.6.10
mutation-autofix	UNKNOWN STEP	2026-10-09T06:51:57.5403816Z  * [new tag]           v6.6.11                 -> v6.6.11
mutation-autofix	UNKNOWN STEP	2026-10-09T06:51:57.5404111Z  * [new tag]           v6.6.12                 -> v6.6.12
mutation-autofix	UNKNOWN STEP	2026-10-09T06:51:57.5404400Z  * [new tag]           v6.6.2                  -> v6.6.2
mutation-autofix	UNKNOWN STEP	2026-10-09T06:51:57.5404692Z  * [new tag]           v6.6.3                  -> v6.6.3
mutation-autofix	UNKNOWN STEP	2026-10-09T06:51:57.5404979Z  * [new tag]           v6.6.4                  -> v6.6.4
mutation-autofix	UNKNOWN STEP	2026-10-09T06:51:57.5405273Z  * [new tag]           v6.6.5                  -> v6.6.5
mutation-autofix	UNKNOWN STEP	2026-10-09T06:51:57.5405562Z  * [new tag]           v6.6.6                  -> v6.6.6
mutation-autofix	UNKNOWN STEP	2026-10-09T06:51:57.5405854Z  * [new tag]           v6.6.7                  -> v6.6.7
mutation-autofix	UNKNOWN STEP	2026-10-09T06:51:57.5406142Z  * [new tag]           v6.6.8                  -> v6.6.8
mutation-autofix	UNKNOWN STEP	2026-10-09T06:51:57.5406429Z  * [new tag]           v6.6.9                  -> v6.6.9
mutation-autofix	UNKNOWN STEP	2026-10-09T06:51:57.5406714Z  * [new tag]           v6.7.0                  -> v6.7.0
mutation-autofix	UNKNOWN STEP	2026-10-09T06:51:57.5407004Z  * [new tag]           v6.7.1                  -> v6.7.1
mutation-autofix	UNKNOWN STEP	2026-10-09T06:51:57.5407292Z  * [new tag]           v6.7.10                 -> v6.7.10
mutation-autofix	UNKNOWN STEP	2026-10-09T06:51:57.5407614Z  * [new tag]           v6.7.11                 -> v6.7.11
mutation-autofix	UNKNOWN STEP	2026-10-09T06:51:57.5407906Z  * [new tag]           v6.7.12                 -> v6.7.12
mutation-autofix	UNKNOWN STEP	2026-10-09T06:51:57.5408195Z  * [new tag]           v6.7.13                 -> v6.7.13
mutation-autofix	UNKNOWN STEP	2026-10-09T06:51:57.5408485Z  * [new tag]           v6.7.14                 -> v6.7.14
mutation-autofix	UNKNOWN STEP	2026-10-09T06:51:57.5408778Z  * [new tag]           v6.7.15                 -> v6.7.15
mutation-autofix	UNKNOWN STEP	2026-10-09T06:51:57.5409067Z  * [new tag]           v6.7.16                 -> v6.7.16
mutation-autofix	UNKNOWN STEP	2026-10-09T06:51:57.5409532Z  * [new tag]           v6.7.17                 -> v6.7.17
mutation-autofix	UNKNOWN STEP	2026-10-09T06:51:57.5409821Z  * [new tag]           v6.7.2                  -> v6.7.2
mutation-autofix	UNKNOWN STEP	2026-10-09T06:51:57.5410112Z  * [new tag]           v6.7.3                  -> v6.7.3
mutation-autofix	UNKNOWN STEP	2026-10-09T06:51:57.5410401Z  * [new tag]           v6.7.4                  -> v6.7.4
mutation-autofix	UNKNOWN STEP	2026-10-09T06:51:57.5410686Z  * [new tag]           v6.7.5                  -> v6.7.5
mutation-autofix	UNKNOWN STEP	2026-10-09T06:51:57.5410975Z  * [new tag]           v6.7.6                  -> v6.7.6
mutation-autofix	UNKNOWN STEP	2026-10-09T06:51:57.5411292Z  * [new tag]           v6.7.7                  -> v6.7.7
mutation-autofix	UNKNOWN STEP	2026-10-09T06:51:57.5411582Z  * [new tag]           v6.7.8                  -> v6.7.8
mutation-autofix	UNKNOWN STEP	2026-10-09T06:51:57.5411870Z  * [new tag]           v6.7.9                  -> v6.7.9
mutation-autofix	UNKNOWN STEP	2026-10-09T06:51:57.5413280Z ##[endgroup]
mutation-autofix	UNKNOWN STEP	2026-10-09T06:51:57.5413662Z ##[group]Determining the checkout info
mutation-autofix	UNKNOWN STEP	2026-10-09T06:51:57.5414012Z [command]/usr/bin/git branch --list --remote origin/fix/early-cutoff-pr
mutation-autofix	UNKNOWN STEP	2026-10-09T06:51:57.5414454Z   origin/fix/early-cutoff-pr
mutation-autofix	UNKNOWN STEP	2026-10-09T06:51:57.5415116Z ##[endgroup]
mutation-autofix	UNKNOWN STEP	2026-10-09T06:51:57.5415359Z [command]/usr/bin/git sparse-checkout disable
mutation-autofix	UNKNOWN STEP	2026-10-09T06:51:57.5415992Z [command]/usr/bin/git config --local --unset-all extensions.worktreeConfig
mutation-autofix	UNKNOWN STEP	2026-10-09T06:51:57.5430336Z ##[group]Checking out the ref
mutation-autofix	UNKNOWN STEP	2026-10-09T06:51:57.5430822Z [command]/usr/bin/git checkout --progress --force -B fix/early-cutoff-pr refs/remotes/origin/fix/early-cutoff-pr
mutation-autofix	UNKNOWN STEP	2026-10-09T06:51:57.9005328Z Switched to a new branch 'fix/early-cutoff-pr'
mutation-autofix	UNKNOWN STEP	2026-10-09T06:51:57.9007432Z branch 'fix/early-cutoff-pr' set up to track 'origin/fix/early-cutoff-pr'.
mutation-autofix	UNKNOWN STEP	2026-10-09T06:51:57.9035880Z ##[endgroup]
mutation-autofix	UNKNOWN STEP	2026-10-09T06:51:57.9076796Z [command]/usr/bin/git log -1 --format=%H
mutation-autofix	UNKNOWN STEP	2026-10-09T06:51:57.9100561Z 3ecb86adaf247f182679a175bd619fd363a5e35c
mutation-autofix	UNKNOWN STEP	2026-10-09T06:51:57.9108092Z ##[group]Removing auth
mutation-autofix	UNKNOWN STEP	2026-10-09T06:51:57.9110795Z [command]/usr/bin/git config --local --name-only --get-regexp core\.sshCommand
mutation-autofix	UNKNOWN STEP	2026-10-09T06:51:57.9138108Z [command]/usr/bin/git submodule foreach --recursive sh -c "git config --local --name-only --get-regexp 'core\.sshCommand' && git config --local --unset-all 'core.sshCommand' || :"
mutation-autofix	UNKNOWN STEP	2026-10-09T06:51:57.9326141Z [command]/usr/bin/git config --local --name-only --get-regexp http\.https\:\/\/github\.com\/\.extraheader
mutation-autofix	UNKNOWN STEP	2026-10-09T06:51:57.9350852Z http.https://github.com/.extraheader
mutation-autofix	UNKNOWN STEP	2026-10-09T06:51:57.9357488Z [command]/usr/bin/git config --local --unset-all http.https://github.com/.extraheader
mutation-autofix	UNKNOWN STEP	2026-10-09T06:51:57.9388084Z [command]/usr/bin/git submodule foreach --recursive sh -c "git config --local --name-only --get-regexp 'http\.https\:\/\/github\.com\/\.extraheader' && git config --local --unset-all 'http.https://github.com/.extraheader' || :"
mutation-autofix	UNKNOWN STEP	2026-10-09T06:51:57.9579847Z [command]/usr/bin/git config --local --name-only --get-regexp ^includeIf\.gitdir:
mutation-autofix	UNKNOWN STEP	2026-10-09T06:51:57.9608773Z [command]/usr/bin/git submodule foreach --recursive git config --local --show-origin --name-only --get-regexp remote.origin.url
mutation-autofix	UNKNOWN STEP	2026-10-09T06:51:57.9786269Z ##[endgroup]
mutation-autofix	UNKNOWN STEP	2026-10-09T06:51:57.9962069Z ##[group]Run set -euo pipefail
mutation-autofix	UNKNOWN STEP	2026-10-09T06:51:57.9962378Z ^[[36;1mset -euo pipefail^[[0m
mutation-autofix	UNKNOWN STEP	2026-10-09T06:51:57.9962635Z ^[[36;1mgit cat-file -e "$PINNED^{commit}" 2>/dev/null \^[[0m
mutation-autofix	UNKNOWN STEP	2026-10-09T06:51:57.9962912Z ^[[36;1m  || git fetch --no-tags --depth=1 origin "$PINNED"^[[0m
mutation-autofix	UNKNOWN STEP	2026-10-09T06:51:57.9963224Z ^[[36;1mgit checkout "$PINNED" -- tests/closure.py tests/mutation_table.py^[[0m
mutation-autofix	UNKNOWN STEP	2026-10-09T06:51:57.9963545Z ^[[36;1mgit reset -q -- tests/closure.py tests/mutation_table.py^[[0m
mutation-autofix	UNKNOWN STEP	2026-10-09T06:51:57.9963864Z ^[[36;1m# The report runs after `pull --rebase --autostash`, which can leave^[[0m
mutation-autofix	UNKNOWN STEP	2026-10-09T06:51:57.9964185Z ^[[36;1m# the pull request's copy in the tree; it runs this copy instead.^[[0m
mutation-autofix	UNKNOWN STEP	2026-10-09T06:51:57.9964504Z ^[[36;1minstall -D -m 0444 tests/closure.py "$RUNNER_TEMP/pinned/closure.py"^[[0m
mutation-autofix	UNKNOWN STEP	2026-10-09T06:51:58.0172874Z shell: /usr/bin/bash -e {0}
mutation-autofix	UNKNOWN STEP	2026-10-09T06:51:58.0173106Z env:
mutation-autofix	UNKNOWN STEP	2026-10-09T06:51:58.0173308Z   PINNED: bd59a4af1b2616a7f00761a3769d22a335e4df7c
mutation-autofix	UNKNOWN STEP	2026-10-09T06:51:58.0173599Z ##[endgroup]
mutation-autofix	UNKNOWN STEP	2026-10-09T06:51:58.2428697Z ##[group]Run actions/setup-python@ece7cb06caefa5fff74198d8649806c4678c61a1
mutation-autofix	UNKNOWN STEP	2026-10-09T06:51:58.2428985Z with:
mutation-autofix	UNKNOWN STEP	2026-10-09T06:51:58.2429273Z   python-version: 3.13
mutation-autofix	UNKNOWN STEP	2026-10-09T06:51:58.2429465Z   check-latest: false
mutation-autofix	UNKNOWN STEP	2026-10-09T06:51:58.2430826Z   token: ***
mutation-autofix	UNKNOWN STEP	2026-10-09T06:51:58.2431001Z   update-environment: true
mutation-autofix	UNKNOWN STEP	2026-10-09T06:51:58.2431192Z   allow-prereleases: false
mutation-autofix	UNKNOWN STEP	2026-10-09T06:51:58.2431374Z   freethreaded: false
mutation-autofix	UNKNOWN STEP	2026-10-09T06:51:58.2431548Z ##[endgroup]
mutation-autofix	UNKNOWN STEP	2026-10-09T06:51:58.3330645Z ##[group]Installed versions
mutation-autofix	UNKNOWN STEP	2026-10-09T06:51:58.3394708Z Successfully set up CPython (3.13.16)
mutation-autofix	UNKNOWN STEP	2026-10-09T06:51:58.3395269Z ##[endgroup]
mutation-autofix	UNKNOWN STEP	2026-10-09T06:51:58.3542461Z ##[group]Run actions/download-artifact@37930b1c2abaa49bbe596cd826c3c89aef350131
mutation-autofix	UNKNOWN STEP	2026-10-09T06:51:58.3542760Z with:
mutation-autofix	UNKNOWN STEP	2026-10-09T06:51:58.3542949Z   pattern: mutation-pins*
mutation-autofix	UNKNOWN STEP	2026-10-09T06:51:58.3543169Z   path: /home/runner/work/_temp/mutation-pins-shards
mutation-autofix	UNKNOWN STEP	2026-10-09T06:51:58.3543416Z   merge-multiple: false
mutation-autofix	UNKNOWN STEP	2026-10-09T06:51:58.3543613Z   repository: tvofi/heatpump_optimizer
mutation-autofix	UNKNOWN STEP	2026-10-09T06:51:58.3543825Z   run-id: 37890872462
mutation-autofix	UNKNOWN STEP	2026-10-09T06:51:58.3543999Z env:
mutation-autofix	UNKNOWN STEP	2026-10-09T06:51:58.3544197Z   pythonLocation: /opt/hostedtoolcache/Python/3.13.16/x64
mutation-autofix	UNKNOWN STEP	2026-10-09T06:51:58.3544541Z   PKG_CONFIG_PATH: /opt/hostedtoolcache/Python/3.13.16/x64/lib/pkgconfig
mutation-autofix	UNKNOWN STEP	2026-10-09T06:51:58.3544834Z   Python_ROOT_DIR: /opt/hostedtoolcache/Python/3.13.16/x64
mutation-autofix	UNKNOWN STEP	2026-10-09T06:51:58.3545106Z   Python2_ROOT_DIR: /opt/hostedtoolcache/Python/3.13.16/x64
mutation-autofix	UNKNOWN STEP	2026-10-09T06:51:58.3545383Z   Python3_ROOT_DIR: /opt/hostedtoolcache/Python/3.13.16/x64
mutation-autofix	UNKNOWN STEP	2026-10-09T06:51:58.3545701Z   LD_LIBRARY_PATH: /opt/hostedtoolcache/Python/3.13.16/x64/lib
mutation-autofix	UNKNOWN STEP	2026-10-09T06:51:58.3545943Z ##[endgroup]
mutation-autofix	UNKNOWN STEP	2026-10-09T06:51:58.6658079Z Found 13 artifact(s)
mutation-autofix	UNKNOWN STEP	2026-10-09T06:51:58.6658470Z Filtering artifacts by pattern 'mutation-pins*'
mutation-autofix	UNKNOWN STEP	2026-10-09T06:51:58.6671543Z Preparing to download the following artifacts:
mutation-autofix	UNKNOWN STEP	2026-10-09T06:51:58.6672336Z - mutation-pins-1 (ID: 11599997755, Size: 896, Expected Digest: sha256:172ae38457519ed8f25e9d8d0ab95e30bf62293728d58a32480658bf49f17950)
mutation-autofix	UNKNOWN STEP	2026-10-09T06:51:58.6673124Z - mutation-pins-8 (ID: 11598577097, Size: 402, Expected Digest: sha256:213a7242340f40541946033245406d6c01ce77c92cc77e15c3696ad3482d04b1)
mutation-autofix	UNKNOWN STEP	2026-10-09T06:51:58.6684330Z - mutation-pins-9 (ID: 11598517476, Size: 402, Expected Digest: sha256:ef2c753263a09984b41091d1f89ad6198b1ad4d1a0f06daf8d804c02a3bb348e)
mutation-autofix	UNKNOWN STEP	2026-10-09T06:51:58.6685211Z - mutation-pins-4 (ID: 11598388069, Size: 402, Expected Digest: sha256:7cfeb8d9f0e1606357eaa3badcd8e6e0871d768fb0b85745d870c4d29dcf636e)
mutation-autofix	UNKNOWN STEP	2026-10-09T06:51:58.6686083Z - mutation-pins-5 (ID: 11598024103, Size: 402, Expected Digest: sha256:d49c28768b9ce6dc7499838da75027c3a336e6200084443c3e04c7772c1f32c4)
mutation-autofix	UNKNOWN STEP	2026-10-09T06:51:58.6686857Z - mutation-pins-7 (ID: 11597992684, Size: 402, Expected Digest: sha256:2d2e692463e91d5fd8bb0cfd8e7ac7c709ce259417b97d5a2f3687536a68efd8)
mutation-autofix	UNKNOWN STEP	2026-10-09T06:51:58.6687745Z - mutation-pins-2 (ID: 11597964006, Size: 402, Expected Digest: sha256:fd89d8b99be8c8a4f4809179286c7c78f7dd77b56fba5ed5a590af37871aa153)
mutation-autofix	UNKNOWN STEP	2026-10-09T06:51:58.6688579Z - mutation-pins-6 (ID: 11597583894, Size: 402, Expected Digest: sha256:12698de0ce965cc912dbdfb3219ecd8e2ee98783dadf93ac761872b118ed4d1c)
mutation-autofix	UNKNOWN STEP	2026-10-09T06:51:58.6689620Z - mutation-pins-3 (ID: 11597568839, Size: 402, Expected Digest: sha256:be69d1a76be3d4ca50eaafbd9f5f3aa2f5be5c2f54922660c5c3cf4a1dab515f)
mutation-autofix	UNKNOWN STEP	2026-10-09T06:51:59.0003701Z Redirecting to blob download url: https://productionresultssa0.blob.core.windows.net/actions-results/39b6c707-a17f-8dcf-8012-98df08475451/workflow-job-run-6b833361-2a70-5611-b5bb-a4e658246b1b/artifacts/79ff0b91c12c24621f4c2205f81bfb4f88c5a8f56b770ad6e1f227c577d24b33.zip
mutation-autofix	UNKNOWN STEP	2026-10-09T06:51:59.0004623Z Starting download of artifact to: /home/runner/work/_temp/mutation-pins-shards/mutation-pins-6
mutation-autofix	UNKNOWN STEP	2026-10-09T06:51:59.0052813Z Redirecting to blob download url: https://productionresultssa0.blob.core.windows.net/actions-results/39b6c707-a17f-8dcf-8012-98df08475451/workflow-job-run-51072525-8d1c-5872-a30e-2236d6843186/artifacts/3a644615565bda2cdd60cb2b4f1c256066f65752874fffa1cf7e5fad1745eb28.zip
mutation-autofix	UNKNOWN STEP	2026-10-09T06:51:59.0054231Z Starting download of artifact to: /home/runner/work/_temp/mutation-pins-shards/mutation-pins-2
mutation-autofix	UNKNOWN STEP	2026-10-09T06:51:59.0075024Z Redirecting to blob download url: https://productionresultssa0.blob.core.windows.net/actions-results/39b6c707-a17f-8dcf-8012-98df08475451/workflow-job-run-3ed6fc4c-e47a-502e-bd40-cec585b0d8aa/artifacts/e9a77ccb99b768259b8a0050f5f06ff4f11d7d90a4fb8f1ce99ce6fcd81e8b92.zip
mutation-autofix	UNKNOWN STEP	2026-10-09T06:51:59.0076394Z Starting download of artifact to: /home/runner/work/_temp/mutation-pins-shards/mutation-pins-3
mutation-autofix	UNKNOWN STEP	2026-10-09T06:51:59.0132135Z Redirecting to blob download url: https://productionresultssa0.blob.core.windows.net/actions-results/39b6c707-a17f-8dcf-8012-98df08475451/workflow-job-run-9903b02f-d7b7-59ed-9f94-324681c8dab3/artifacts/ff56ccbec7bc7291278ad0a7dba7881ebc0b784c2aa111025c363563c5c3f26c.zip
mutation-autofix	UNKNOWN STEP	2026-10-09T06:51:59.0133678Z Starting download of artifact to: /home/runner/work/_temp/mutation-pins-shards/mutation-pins-4
mutation-autofix	UNKNOWN STEP	2026-10-09T06:51:59.0137469Z Redirecting to blob download url: https://productionresultssa0.blob.core.windows.net/actions-results/39b6c707-a17f-8dcf-8012-98df08475451/workflow-job-run-cd1d7405-dac6-5b1b-b709-0a507086da8c/artifacts/3aa6dd7df52faabc04dd9280f0c30c54d9a4da5a060a26f48fc47d9a4df6a02e.zip
mutation-autofix	UNKNOWN STEP	2026-10-09T06:51:59.0138969Z Starting download of artifact to: /home/runner/work/_temp/mutation-pins-shards/mutation-pins-5
mutation-autofix	UNKNOWN STEP	2026-10-09T06:51:59.0245760Z Redirecting to blob download url: https://productionresultssa0.blob.core.windows.net/actions-results/39b6c707-a17f-8dcf-8012-98df08475451/workflow-job-run-5073a28a-c5f8-5639-9761-3884dea2c888/artifacts/8b962299e1bad5664391bdd60872bc72c065f1c41411aca632de582cbe3fb0f6.zip
mutation-autofix	UNKNOWN STEP	2026-10-09T06:51:59.0247070Z Starting download of artifact to: /home/runner/work/_temp/mutation-pins-shards/mutation-pins-7
mutation-autofix	UNKNOWN STEP	2026-10-09T06:51:59.0332871Z Redirecting to blob download url: https://productionresultssa0.blob.core.windows.net/actions-results/39b6c707-a17f-8dcf-8012-98df08475451/workflow-job-run-aadadcd6-c1b7-5890-a60e-9b1afe837768/artifacts/9e7d0e62f75f8a9aa28aa224ef38c6fccdd6952e75e54c500028e4511486a988.zip
mutation-autofix	UNKNOWN STEP	2026-10-09T06:51:59.0334199Z Starting download of artifact to: /home/runner/work/_temp/mutation-pins-shards/mutation-pins-8
mutation-autofix	UNKNOWN STEP	2026-10-09T06:51:59.0350127Z Redirecting to blob download url: https://productionresultssa0.blob.core.windows.net/actions-results/39b6c707-a17f-8dcf-8012-98df08475451/workflow-job-run-16cbed4e-c847-5e81-949e-e129cb3aaeea/artifacts/34e636672a52e814182086beaae1bd55fda109b2641e0c9b52d1b8a5a4a8f596.zip
mutation-autofix	UNKNOWN STEP	2026-10-09T06:51:59.0351478Z Starting download of artifact to: /home/runner/work/_temp/mutation-pins-shards/mutation-pins-9
mutation-autofix	UNKNOWN STEP	2026-10-09T06:51:59.1583968Z Redirecting to blob download url: https://productionresultssa0.blob.core.windows.net/actions-results/39b6c707-a17f-8dcf-8012-98df08475451/workflow-job-run-60b2607e-47d9-50c0-85cc-e0a9e306a180/artifacts/f88cbd0b5d53e3a3dd5c0fa6dc35a2d0cc14f62e9cec48adffa6d94456d5cf44.zip
mutation-autofix	UNKNOWN STEP	2026-10-09T06:51:59.1584824Z Starting download of artifact to: /home/runner/work/_temp/mutation-pins-shards/mutation-pins-1
mutation-autofix	UNKNOWN STEP	2026-10-09T06:51:59.1631939Z (node:2200) [DEP0005] DeprecationWarning: Buffer() is deprecated due to security and usability issues. Please use the Buffer.alloc(), Buffer.allocUnsafe(), or Buffer.from() methods instead.
mutation-autofix	UNKNOWN STEP	2026-10-09T06:51:59.1632635Z (Use `node --trace-deprecation ...` to show where the warning was created)
mutation-autofix	UNKNOWN STEP	2026-10-09T06:51:59.1680888Z SHA256 digest of downloaded artifact is 12698de0ce965cc912dbdfb3219ecd8e2ee98783dadf93ac761872b118ed4d1c
mutation-autofix	UNKNOWN STEP	2026-10-09T06:51:59.1681558Z Artifact download completed successfully.
mutation-autofix	UNKNOWN STEP	2026-10-09T06:51:59.1682206Z SHA256 digest of downloaded artifact is fd89d8b99be8c8a4f4809179286c7c78f7dd77b56fba5ed5a590af37871aa153
mutation-autofix	UNKNOWN STEP	2026-10-09T06:51:59.1682830Z Artifact download completed successfully.
mutation-autofix	UNKNOWN STEP	2026-10-09T06:51:59.1713605Z SHA256 digest of downloaded artifact is be69d1a76be3d4ca50eaafbd9f5f3aa2f5be5c2f54922660c5c3cf4a1dab515f
mutation-autofix	UNKNOWN STEP	2026-10-09T06:51:59.1714005Z Artifact download completed successfully.
mutation-autofix	UNKNOWN STEP	2026-10-09T06:51:59.1735793Z SHA256 digest of downloaded artifact is 7cfeb8d9f0e1606357eaa3badcd8e6e0871d768fb0b85745d870c4d29dcf636e
mutation-autofix	UNKNOWN STEP	2026-10-09T06:51:59.1736183Z Artifact download completed successfully.
mutation-autofix	UNKNOWN STEP	2026-10-09T06:51:59.1866031Z SHA256 digest of downloaded artifact is d49c28768b9ce6dc7499838da75027c3a336e6200084443c3e04c7772c1f32c4
mutation-autofix	UNKNOWN STEP	2026-10-09T06:51:59.1866406Z Artifact download completed successfully.
mutation-autofix	UNKNOWN STEP	2026-10-09T06:51:59.1883039Z SHA256 digest of downloaded artifact is 2d2e692463e91d5fd8bb0cfd8e7ac7c709ce259417b97d5a2f3687536a68efd8
mutation-autofix	UNKNOWN STEP	2026-10-09T06:51:59.1883430Z Artifact download completed successfully.
mutation-autofix	UNKNOWN STEP	2026-10-09T06:51:59.1924506Z SHA256 digest of downloaded artifact is ef2c753263a09984b41091d1f89ad6198b1ad4d1a0f06daf8d804c02a3bb348e
mutation-autofix	UNKNOWN STEP	2026-10-09T06:51:59.1925153Z Artifact download completed successfully.
mutation-autofix	UNKNOWN STEP	2026-10-09T06:51:59.1989438Z SHA256 digest of downloaded artifact is 213a7242340f40541946033245406d6c01ce77c92cc77e15c3696ad3482d04b1
mutation-autofix	UNKNOWN STEP	2026-10-09T06:51:59.1989953Z Artifact download completed successfully.
mutation-autofix	UNKNOWN STEP	2026-10-09T06:51:59.3174020Z SHA256 digest of downloaded artifact is 172ae38457519ed8f25e9d8d0ab95e30bf62293728d58a32480658bf49f17950
mutation-autofix	UNKNOWN STEP	2026-10-09T06:51:59.3174880Z Artifact download completed successfully.
mutation-autofix	UNKNOWN STEP	2026-10-09T06:51:59.3175393Z Total of 9 artifact(s) downloaded
mutation-autofix	UNKNOWN STEP	2026-10-09T06:51:59.3176108Z Download artifact has finished successfully
mutation-autofix	UNKNOWN STEP	2026-10-09T06:51:59.3279033Z ##[group]Run export SUBJECT=$(git log -1 --pretty=%s)
mutation-autofix	UNKNOWN STEP	2026-10-09T06:51:59.3279600Z ^[[36;1mexport SUBJECT=$(git log -1 --pretty=%s)^[[0m
mutation-autofix	UNKNOWN STEP	2026-10-09T06:51:59.3279887Z ^[[36;1mpython3 -I - <<'PY'^[[0m
mutation-autofix	UNKNOWN STEP	2026-10-09T06:51:59.3280118Z ^[[36;1mimport os, sys^[[0m
mutation-autofix	UNKNOWN STEP	2026-10-09T06:51:59.3280339Z ^[[36;1msys.path.append("tests")^[[0m
mutation-autofix	UNKNOWN STEP	2026-10-09T06:51:59.3280579Z ^[[36;1mimport closure^[[0m
mutation-autofix	UNKNOWN STEP	2026-10-09T06:51:59.3280812Z ^[[36;1mallowed = closure.autofix_allowed(^[[0m
mutation-autofix	UNKNOWN STEP	2026-10-09T06:51:59.3281213Z ^[[36;1m    event_name=os.environ["EVENT_NAME"],^[[0m
mutation-autofix	UNKNOWN STEP	2026-10-09T06:51:59.3281511Z ^[[36;1m    closures_result=os.environ["MUTATION_RESULT"],^[[0m
mutation-autofix	UNKNOWN STEP	2026-10-09T06:51:59.3281800Z ^[[36;1m    head_repo=os.environ["HEAD_REPO"],^[[0m
mutation-autofix	UNKNOWN STEP	2026-10-09T06:51:59.3282054Z ^[[36;1m    repo=os.environ["REPO"],^[[0m
mutation-autofix	UNKNOWN STEP	2026-10-09T06:51:59.3282321Z ^[[36;1m    commit_subject=os.environ["SUBJECT"],^[[0m
mutation-autofix	UNKNOWN STEP	2026-10-09T06:51:59.3282597Z ^[[36;1m    loop_subject="ci: pin killed mutants",^[[0m
mutation-autofix	UNKNOWN STEP	2026-10-09T06:51:59.3282842Z ^[[36;1m)^[[0m
mutation-autofix	UNKNOWN STEP	2026-10-09T06:51:59.3283075Z ^[[36;1mprint(f"allowed={allowed}")^[[0m
mutation-autofix	UNKNOWN STEP	2026-10-09T06:51:59.3283316Z ^[[36;1mif not allowed:^[[0m
mutation-autofix	UNKNOWN STEP	2026-10-09T06:51:59.3283540Z ^[[36;1m    status = "skip-not-allowed"^[[0m
mutation-autofix	UNKNOWN STEP	2026-10-09T06:51:59.3283775Z ^[[36;1melse:^[[0m
mutation-autofix	UNKNOWN STEP	2026-10-09T06:51:59.3283988Z ^[[36;1m    import subprocess, mutation_table^[[0m
mutation-autofix	UNKNOWN STEP	2026-10-09T06:51:59.3284317Z ^[[36;1m    head = subprocess.run(["git", "rev-parse", "HEAD"], capture_output=True,^[[0m
mutation-autofix	UNKNOWN STEP	2026-10-09T06:51:59.3284673Z ^[[36;1m                          text=True).stdout.strip()^[[0m
mutation-autofix	UNKNOWN STEP	2026-10-09T06:51:59.3284949Z ^[[36;1m    pins = os.environ["PINS"]^[[0m
mutation-autofix	UNKNOWN STEP	2026-10-09T06:51:59.3285230Z ^[[36;1m    if hasattr(mutation_table, "merge_pin_shards"):^[[0m
mutation-autofix	UNKNOWN STEP	2026-10-09T06:51:59.3285532Z ^[[36;1m        merged = mutation_table.merge_pin_shards(^[[0m
mutation-autofix	UNKNOWN STEP	2026-10-09T06:51:59.3285816Z ^[[36;1m            os.environ["SHARDS_DIR"], pins)^[[0m
mutation-autofix	UNKNOWN STEP	2026-10-09T06:51:59.3286093Z ^[[36;1m        print(f"shards merged: {merged}")^[[0m
mutation-autofix	UNKNOWN STEP	2026-10-09T06:51:59.3286339Z ^[[36;1m    else:^[[0m
mutation-autofix	UNKNOWN STEP	2026-10-09T06:51:59.3286610Z ^[[36;1m        # A base older than the shards: whole on shard 1.^[[0m
mutation-autofix	UNKNOWN STEP	2026-10-09T06:51:59.3286939Z ^[[36;1m        pins = os.environ["SHARDS_DIR"] + "/mutation-pins-1"^[[0m
mutation-autofix	UNKNOWN STEP	2026-10-09T06:51:59.3287254Z ^[[36;1m    status = mutation_table.apply_pins(pins, head)^[[0m
mutation-autofix	UNKNOWN STEP	2026-10-09T06:51:59.3287531Z ^[[36;1mprint(f"AUTOFIX: {status}")^[[0m
mutation-autofix	UNKNOWN STEP	2026-10-09T06:51:59.3287814Z ^[[36;1mwith open(os.environ["GITHUB_OUTPUT"], "a") as fh:^[[0m
mutation-autofix	UNKNOWN STEP	2026-10-09T06:51:59.3288096Z ^[[36;1m    fh.write(f"status={status}\n")^[[0m
mutation-autofix	UNKNOWN STEP	2026-10-09T06:51:59.3288345Z ^[[36;1mPY^[[0m
mutation-autofix	UNKNOWN STEP	2026-10-09T06:51:59.3385850Z shell: /usr/bin/bash -e {0}
mutation-autofix	UNKNOWN STEP	2026-10-09T06:51:59.3386085Z env:
mutation-autofix	UNKNOWN STEP	2026-10-09T06:51:59.3386325Z   pythonLocation: /opt/hostedtoolcache/Python/3.13.16/x64
mutation-autofix	UNKNOWN STEP	2026-10-09T06:51:59.3386719Z   PKG_CONFIG_PATH: /opt/hostedtoolcache/Python/3.13.16/x64/lib/pkgconfig
mutation-autofix	UNKNOWN STEP	2026-10-09T06:51:59.3387163Z   Python_ROOT_DIR: /opt/hostedtoolcache/Python/3.13.16/x64
mutation-autofix	UNKNOWN STEP	2026-10-09T06:51:59.3387475Z   Python2_ROOT_DIR: /opt/hostedtoolcache/Python/3.13.16/x64
mutation-autofix	UNKNOWN STEP	2026-10-09T06:51:59.3387792Z   Python3_ROOT_DIR: /opt/hostedtoolcache/Python/3.13.16/x64
mutation-autofix	UNKNOWN STEP	2026-10-09T06:51:59.3388104Z   LD_LIBRARY_PATH: /opt/hostedtoolcache/Python/3.13.16/x64/lib
mutation-autofix	UNKNOWN STEP	2026-10-09T06:51:59.3388515Z   EVENT_NAME: pull_request
mutation-autofix	UNKNOWN STEP	2026-10-09T06:51:59.3388734Z   MUTATION_RESULT: failure
mutation-autofix	UNKNOWN STEP	2026-10-09T06:51:59.3388956Z   HEAD_REPO: tvofi/heatpump_optimizer
mutation-autofix	UNKNOWN STEP	2026-10-09T06:51:59.3389358Z   REPO: tvofi/heatpump_optimizer
mutation-autofix	UNKNOWN STEP	2026-10-09T06:51:59.3389616Z   PINS: /home/runner/work/_temp/mutation-pins
mutation-autofix	UNKNOWN STEP	2026-10-09T06:51:59.3389914Z   SHARDS_DIR: /home/runner/work/_temp/mutation-pins-shards
mutation-autofix	UNKNOWN STEP	2026-10-09T06:51:59.3390179Z ##[endgroup]
mutation-autofix	UNKNOWN STEP	2026-10-09T06:52:01.1178000Z allowed=True
mutation-autofix	UNKNOWN STEP	2026-10-09T06:52:01.1178424Z shards merged: measured
mutation-autofix	UNKNOWN STEP	2026-10-09T06:52:01.1178765Z AUTOFIX: changed
mutation-autofix	UNKNOWN STEP	2026-10-09T06:52:01.1365972Z ##[group]Run # The checkout left no token on disk (D11-s1-03); git gets it here,
mutation-autofix	UNKNOWN STEP	2026-10-09T06:52:01.1366418Z ^[[36;1m# The checkout left no token on disk (D11-s1-03); git gets it here,^[[0m
mutation-autofix	UNKNOWN STEP	2026-10-09T06:52:01.1366778Z ^[[36;1m# for this pull and push only, the header actions/checkout would^[[0m
mutation-autofix	UNKNOWN STEP	2026-10-09T06:52:01.1367074Z ^[[36;1m# have written.^[[0m
mutation-autofix	UNKNOWN STEP	2026-10-09T06:52:01.1367359Z ^[[36;1mAUTH=$(printf 'x-access-token:%s' "$PUSH_TOKEN" | base64 -w0)^[[0m
mutation-autofix	UNKNOWN STEP	2026-10-09T06:52:01.1367644Z ^[[36;1mecho "::add-mask::$AUTH"^[[0m
mutation-autofix	UNKNOWN STEP	2026-10-09T06:52:01.1367901Z ^[[36;1mgit config user.name "github-actions[bot]"^[[0m
mutation-autofix	UNKNOWN STEP	2026-10-09T06:52:01.1368249Z ^[[36;1mgit config user.email "41898282+github-actions[bot]@users.noreply.github.com"^[[0m
mutation-autofix	UNKNOWN STEP	2026-10-09T06:52:01.1368626Z ^[[36;1mgit add tests/mutation_budgets.json tests/mutation_ledger/^[[0m
mutation-autofix	UNKNOWN STEP	2026-10-09T06:52:01.1369042Z ^[[36;1mgit diff --cached --quiet && {^[[0m
mutation-autofix	UNKNOWN STEP	2026-10-09T06:52:01.1369526Z ^[[36;1m  echo "ledger unchanged after the merge; not pushing"^[[0m
mutation-autofix	UNKNOWN STEP	2026-10-09T06:52:01.1369840Z ^[[36;1m  exit 0^[[0m
mutation-autofix	UNKNOWN STEP	2026-10-09T06:52:01.1370030Z ^[[36;1m}^[[0m
mutation-autofix	UNKNOWN STEP	2026-10-09T06:52:01.1370248Z ^[[36;1mgit commit -m "ci: pin killed mutants"^[[0m
mutation-autofix	UNKNOWN STEP	2026-10-09T06:52:01.1370611Z ^[[36;1mgit -c "http.https://github.com/.extraheader=AUTHORIZATION: basic $AUTH" \^[[0m
mutation-autofix	UNKNOWN STEP	2026-10-09T06:52:01.1381048Z ^[[36;1m  pull --rebase --autostash origin "$HEAD_REF" || true^[[0m
mutation-autofix	UNKNOWN STEP	2026-10-09T06:52:01.1381452Z ^[[36;1mgit -c "http.https://github.com/.extraheader=AUTHORIZATION: basic $AUTH" push^[[0m
mutation-autofix	UNKNOWN STEP	2026-10-09T06:52:01.1381782Z ^[[36;1mif [ "$USED_PAT" = "true" ]; then^[[0m
mutation-autofix	UNKNOWN STEP	2026-10-09T06:52:01.1382084Z ^[[36;1m  echo "PAT push retriggers pull_request; not dispatching"^[[0m
mutation-autofix	UNKNOWN STEP	2026-10-09T06:52:01.1382360Z ^[[36;1m  exit 0^[[0m
mutation-autofix	UNKNOWN STEP	2026-10-09T06:52:01.1382554Z ^[[36;1mfi^[[0m
mutation-autofix	UNKNOWN STEP	2026-10-09T06:52:01.1382807Z ^[[36;1m# The pull_request runs this GITHUB_TOKEN push leaves holding^[[0m
mutation-autofix	UNKNOWN STEP	2026-10-09T06:52:01.1383141Z ^[[36;1m# action_required are the next step's to approve (#1276); the^[[0m
mutation-autofix	UNKNOWN STEP	2026-10-09T06:52:01.1383445Z ^[[36;1m# pushed SHA is that step's poll key (#1283).^[[0m
mutation-autofix	UNKNOWN STEP	2026-10-09T06:52:01.1383728Z ^[[36;1mecho "token_push=true" >> "$GITHUB_OUTPUT"^[[0m
mutation-autofix	UNKNOWN STEP	2026-10-09T06:52:01.1384043Z ^[[36;1mecho "pushed_sha=$(git rev-parse HEAD)" >> "$GITHUB_OUTPUT"^[[0m
mutation-autofix	UNKNOWN STEP	2026-10-09T06:52:01.1384344Z ^[[36;1mgh workflow run tests.yml --ref "$HEAD_REF"^[[0m
mutation-autofix	UNKNOWN STEP	2026-10-09T06:52:01.1384630Z ^[[36;1mgh workflow run hassfest.yml --ref "$HEAD_REF"^[[0m
mutation-autofix	UNKNOWN STEP	2026-10-09T06:52:01.1384919Z ^[[36;1mgh workflow run validate.yml --ref "$HEAD_REF"^[[0m
mutation-autofix	UNKNOWN STEP	2026-10-09T06:52:01.1385230Z ^[[36;1m# Only a ref older than codeql.yml's trigger is excused; any^[[0m
mutation-autofix	UNKNOWN STEP	2026-10-09T06:52:01.1385571Z ^[[36;1m# other dispatch failure fails the step like the three above.^[[0m
mutation-autofix	UNKNOWN STEP	2026-10-09T06:52:01.1385922Z ^[[36;1mif grep -q '^  workflow_dispatch:' .github/workflows/codeql.yml; then^[[0m
mutation-autofix	UNKNOWN STEP	2026-10-09T06:52:01.1386247Z ^[[36;1m  gh workflow run codeql.yml --ref "$HEAD_REF"^[[0m
mutation-autofix	UNKNOWN STEP	2026-10-09T06:52:01.1386497Z ^[[36;1melse^[[0m
mutation-autofix	UNKNOWN STEP	2026-10-09T06:52:01.1386827Z ^[[36;1m  echo "::warning::codeql.yml on this ref has no workflow_dispatch; Analyze contexts wait for run approval"^[[0m
mutation-autofix	UNKNOWN STEP	2026-10-09T06:52:01.1387180Z ^[[36;1mfi^[[0m
mutation-autofix	UNKNOWN STEP	2026-10-09T06:52:01.1442971Z shell: /usr/bin/bash -e {0}
mutation-autofix	UNKNOWN STEP	2026-10-09T06:52:01.1443198Z env:
mutation-autofix	UNKNOWN STEP	2026-10-09T06:52:01.1443430Z   pythonLocation: /opt/hostedtoolcache/Python/3.13.16/x64
mutation-autofix	UNKNOWN STEP	2026-10-09T06:52:01.1443773Z   PKG_CONFIG_PATH: /opt/hostedtoolcache/Python/3.13.16/x64/lib/pkgconfig
mutation-autofix	UNKNOWN STEP	2026-10-09T06:52:01.1444093Z   Python_ROOT_DIR: /opt/hostedtoolcache/Python/3.13.16/x64
mutation-autofix	UNKNOWN STEP	2026-10-09T06:52:01.1444398Z   Python2_ROOT_DIR: /opt/hostedtoolcache/Python/3.13.16/x64
mutation-autofix	UNKNOWN STEP	2026-10-09T06:52:01.1444700Z   Python3_ROOT_DIR: /opt/hostedtoolcache/Python/3.13.16/x64
mutation-autofix	UNKNOWN STEP	2026-10-09T06:52:01.1445006Z   LD_LIBRARY_PATH: /opt/hostedtoolcache/Python/3.13.16/x64/lib
mutation-autofix	UNKNOWN STEP	2026-10-09T06:52:01.1446605Z   GH_TOKEN: ***
mutation-autofix	UNKNOWN STEP	2026-10-09T06:52:01.1446814Z   HEAD_REF: fix/early-cutoff-pr
mutation-autofix	UNKNOWN STEP	2026-10-09T06:52:01.1447036Z   USED_PAT: false
mutation-autofix	UNKNOWN STEP	2026-10-09T06:52:01.1448405Z   PUSH_TOKEN: ***
mutation-autofix	UNKNOWN STEP	2026-10-09T06:52:01.1448607Z ##[endgroup]
mutation-autofix	UNKNOWN STEP	2026-10-09T06:52:01.1811517Z [fix/early-cutoff-pr a9ba0b88] ci: pin killed mutants
mutation-autofix	UNKNOWN STEP	2026-10-09T06:52:01.1811988Z  4 files changed, 24 insertions(+)
mutation-autofix	UNKNOWN STEP	2026-10-09T06:52:01.1812569Z  create mode 100644 tests/mutation_ledger/killed_by/coordinator.py/_tail_freeze.GUARD_OFF.a8321916.json
mutation-autofix	UNKNOWN STEP	2026-10-09T06:52:01.1813331Z  create mode 100644 tests/mutation_ledger/killed_by/early_cutoff.py/allow_on.CMP_BOUND.71c6fd76.json
mutation-autofix	UNKNOWN STEP	2026-10-09T06:52:01.1814058Z  create mode 100644 tests/mutation_ledger/killed_by/early_cutoff.py/on_room_event.GUARD_OFF.0f2e8ba2.json
mutation-autofix	UNKNOWN STEP	2026-10-09T06:52:01.1814654Z  create mode 100644 tests/mutation_ledger/killed_by/early_cutoff.py/threshold.RETURN_DEL.64661163.json
mutation-autofix	UNKNOWN STEP	2026-10-09T06:52:01.4890030Z From https://github.com/tvofi/heatpump_optimizer
mutation-autofix	UNKNOWN STEP	2026-10-09T06:52:01.4890716Z  * branch              fix/early-cutoff-pr -> FETCH_HEAD
mutation-autofix	UNKNOWN STEP	2026-10-09T06:52:01.5040017Z Current branch fix/early-cutoff-pr is up to date.
mutation-autofix	UNKNOWN STEP	2026-10-09T06:52:02.8834451Z To https://github.com/tvofi/heatpump_optimizer
mutation-autofix	UNKNOWN STEP	2026-10-09T06:52:02.8835042Z    3ecb86ad..a9ba0b88  fix/early-cutoff-pr -> fix/early-cutoff-pr
mutation-autofix	UNKNOWN STEP	2026-10-09T06:52:04.7925178Z https://github.com/tvofi/heatpump_optimizer/actions/runs/37895798439
mutation-autofix	UNKNOWN STEP	2026-10-09T06:52:06.4470299Z https://github.com/tvofi/heatpump_optimizer/actions/runs/37895800934
mutation-autofix	UNKNOWN STEP	2026-10-09T06:52:08.0090947Z https://github.com/tvofi/heatpump_optimizer/actions/runs/37895803207
mutation-autofix	UNKNOWN STEP	2026-10-09T06:52:09.5175124Z https://github.com/tvofi/heatpump_optimizer/actions/runs/37895805427
mutation-autofix	UNKNOWN STEP	2026-10-09T06:52:09.5230123Z ##[group]Run { set +x; } 2>/dev/null  # the PEM, JWT and token are never traced
mutation-autofix	UNKNOWN STEP	2026-10-09T06:52:09.5230601Z ^[[36;1m{ set +x; } 2>/dev/null  # the PEM, JWT and token are never traced^[[0m
mutation-autofix	UNKNOWN STEP	2026-10-09T06:52:09.5230898Z ^[[36;1mif [ -z "$RUNS_PEM" ]; then^[[0m
mutation-autofix	UNKNOWN STEP	2026-10-09T06:52:09.5231257Z ^[[36;1m  echo "::notice::HPO_RUNS_PEM is not set; leaving action_required runs for a human (fail-soft)"^[[0m
mutation-autofix	UNKNOWN STEP	2026-10-09T06:52:09.5231601Z ^[[36;1m  exit 0^[[0m
mutation-autofix	UNKNOWN STEP	2026-10-09T06:52:09.5231797Z ^[[36;1mfi^[[0m
mutation-autofix	UNKNOWN STEP	2026-10-09T06:52:09.5231996Z ^[[36;1mif [ -z "$RUNS_APPID" ]; then^[[0m
mutation-autofix	UNKNOWN STEP	2026-10-09T06:52:09.5232350Z ^[[36;1m  echo "::warning::HPO_RUNS_APPID is not set; leaving action_required runs for a human (fail-soft)"^[[0m
mutation-autofix	UNKNOWN STEP	2026-10-09T06:52:09.5232691Z ^[[36;1m  exit 0^[[0m
mutation-autofix	UNKNOWN STEP	2026-10-09T06:52:09.5232882Z ^[[36;1mfi^[[0m
mutation-autofix	UNKNOWN STEP	2026-10-09T06:52:09.5233073Z ^[[36;1mumask 077^[[0m
mutation-autofix	UNKNOWN STEP	2026-10-09T06:52:09.5233327Z ^[[36;1mAPI=https://api.github.com^[[0m
mutation-autofix	UNKNOWN STEP	2026-10-09T06:52:09.5233608Z ^[[36;1mACCEPT='Accept: application/vnd.github+json'^[[0m
mutation-autofix	UNKNOWN STEP	2026-10-09T06:52:09.5233948Z ^[[36;1mkey="$RUNNER_TEMP/hpo-runs.pem"^[[0m
mutation-autofix	UNKNOWN STEP	2026-10-09T06:52:09.5234215Z ^[[36;1mjwt_h="$RUNNER_TEMP/hpo-runs-jwt.h"^[[0m
mutation-autofix	UNKNOWN STEP	2026-10-09T06:52:09.5234484Z ^[[36;1mtok_h="$RUNNER_TEMP/hpo-runs-token.h"^[[0m
mutation-autofix	UNKNOWN STEP	2026-10-09T06:52:09.5234735Z ^[[36;1mcleanup() {^[[0m
mutation-autofix	UNKNOWN STEP	2026-10-09T06:52:09.5234946Z ^[[36;1m  if [ -s "$tok_h" ]; then^[[0m
mutation-autofix	UNKNOWN STEP	2026-10-09T06:52:09.5235285Z ^[[36;1m    curl -fsS -X DELETE -H @"$tok_h" -H "$ACCEPT" "$API/installation/token" >/dev/null 2>&1 \^[[0m
mutation-autofix	UNKNOWN STEP	2026-10-09T06:52:09.5235735Z ^[[36;1m      || echo "::warning::revoking the run-approver App token failed; it expires within the hour"^[[0m
mutation-autofix	UNKNOWN STEP	2026-10-09T06:52:09.5236072Z ^[[36;1m  fi^[[0m
mutation-autofix	UNKNOWN STEP	2026-10-09T06:52:09.5236279Z ^[[36;1m  rm -f "$key" "$jwt_h" "$tok_h"^[[0m
mutation-autofix	UNKNOWN STEP	2026-10-09T06:52:09.5236520Z ^[[36;1m}^[[0m
mutation-autofix	UNKNOWN STEP	2026-10-09T06:52:09.5236716Z ^[[36;1mtrap cleanup EXIT^[[0m
mutation-autofix	UNKNOWN STEP	2026-10-09T06:52:09.5237010Z ^[[36;1m# So the EXIT trap (token revoke + file removal) also fires when the^[[0m
mutation-autofix	UNKNOWN STEP	2026-10-09T06:52:09.5237361Z ^[[36;1m# job is cancelled -- app_approve.sh's bounded-gap line.^[[0m
mutation-autofix	UNKNOWN STEP	2026-10-09T06:52:09.5237654Z ^[[36;1mtrap 'exit 130' INT TERM HUP^[[0m
mutation-autofix	UNKNOWN STEP	2026-10-09T06:52:09.5237910Z ^[[36;1mprintf '%s\n' "$RUNS_PEM" > "$key"^[[0m
mutation-autofix	UNKNOWN STEP	2026-10-09T06:52:09.5238210Z ^[[36;1mb64() { openssl base64 -A | tr '+/' '-_' | tr -d '='; }^[[0m
mutation-autofix	UNKNOWN STEP	2026-10-09T06:52:09.5238507Z ^[[36;1mnow=$(date +%s)^[[0m
mutation-autofix	UNKNOWN STEP	2026-10-09T06:52:09.5238752Z ^[[36;1mh=$(printf '{"alg":"RS256","typ":"JWT"}' | b64)^[[0m
mutation-autofix	UNKNOWN STEP	2026-10-09T06:52:09.5239103Z ^[[36;1mp=$(printf '{"iat":%d,"exp":%d,"iss":"%s"}' $((now - 60)) $((now + 540)) "$RUNS_APPID" | b64)^[[0m
mutation-autofix	UNKNOWN STEP	2026-10-09T06:52:09.5239710Z ^[[36;1ms=$(printf '%s.%s' "$h" "$p" | openssl dgst -sha256 -sign "$key" -binary | b64) && [ -n "$s" ] || {^[[0m
mutation-autofix	UNKNOWN STEP	2026-10-09T06:52:09.5240155Z ^[[36;1m  echo "::warning::signing the run-approver App JWT failed; nothing approved (fail-soft)"^[[0m
mutation-autofix	UNKNOWN STEP	2026-10-09T06:52:09.5240483Z ^[[36;1m  exit 0^[[0m
mutation-autofix	UNKNOWN STEP	2026-10-09T06:52:09.5240679Z ^[[36;1m}^[[0m
mutation-autofix	UNKNOWN STEP	2026-10-09T06:52:09.5241180Z ^[[36;1mprintf 'Authorization: ***' "$h" "$p" "$s" > "$jwt_h"^[[0m
mutation-autofix	UNKNOWN STEP	2026-10-09T06:52:09.5241542Z ^[[36;1minst=$(curl -fsS -H @"$jwt_h" -H "$ACCEPT" "$API/repos/$REPO/installation" \^[[0m
mutation-autofix	UNKNOWN STEP	2026-10-09T06:52:09.5241946Z ^[[36;1m  | python3 -I -c 'import sys,json; print(int(json.load(sys.stdin)["id"]))') || {^[[0m
mutation-autofix	UNKNOWN STEP	2026-10-09T06:52:09.5242422Z ^[[36;1m  echo "::warning::the run-approver App has no installation on $REPO, or its JWT was refused; nothing approved (fail-soft)"^[[0m
mutation-autofix	UNKNOWN STEP	2026-10-09T06:52:09.5242803Z ^[[36;1m  exit 0^[[0m
mutation-autofix	UNKNOWN STEP	2026-10-09T06:52:09.5243130Z ^[[36;1m}^[[0m
mutation-autofix	UNKNOWN STEP	2026-10-09T06:52:09.5243426Z ^[[36;1mcurl -fsS -X POST -H @"$jwt_h" -H "$ACCEPT" "$API/app/installations/$inst/access_tokens" \^[[0m
mutation-autofix	UNKNOWN STEP	2026-10-09T06:52:09.5243775Z ^[[36;1m  | python3 -I -c 'import sys,json^[[0m
mutation-autofix	UNKNOWN STEP	2026-10-09T06:52:09.5244040Z ^[[36;1mt = json.load(sys.stdin)["token"]^[[0m
mutation-autofix	UNKNOWN STEP	2026-10-09T06:52:09.5244411Z ^[[36;1mopen(sys.argv[1], "w").write("Authorization: ***" % t)' "$tok_h" && [ -s "$tok_h" ] || {^[[0m
mutation-autofix	UNKNOWN STEP	2026-10-09T06:52:09.5244871Z ^[[36;1m  echo "::warning::minting the run-approver App installation token failed; nothing approved (fail-soft)"^[[0m
mutation-autofix	UNKNOWN STEP	2026-10-09T06:52:09.5245352Z ^[[36;1m  exit 0^[[0m
mutation-autofix	UNKNOWN STEP	2026-10-09T06:52:09.5245556Z ^[[36;1m}^[[0m
mutation-autofix	UNKNOWN STEP	2026-10-09T06:52:09.5245816Z ^[[36;1m# The pushed SHA's pull_request runs are created asynchronously,^[[0m
mutation-autofix	UNKNOWN STEP	2026-10-09T06:52:09.5246166Z ^[[36;1m# so a listing fired the instant the push step ends can precede^[[0m
mutation-autofix	UNKNOWN STEP	2026-10-09T06:52:09.5246515Z ^[[36;1m# every run and approve nothing while they appear moments later^[[0m
mutation-autofix	UNKNOWN STEP	2026-10-09T06:52:09.5246869Z ^[[36;1m# (#1283). Bounded poll first: re-list every 5s for up to 60s^[[0m
mutation-autofix	UNKNOWN STEP	2026-10-09T06:52:09.5247208Z ^[[36;1m# until one action_required run sits at the pushed SHA the push^[[0m
mutation-autofix	UNKNOWN STEP	2026-10-09T06:52:09.5247552Z ^[[36;1m# step exported. An expired window stays fail-soft -- the flow^[[0m
mutation-autofix	UNKNOWN STEP	2026-10-09T06:52:09.5247902Z ^[[36;1m# below prints the after-state it always printed, plus one^[[0m
mutation-autofix	UNKNOWN STEP	2026-10-09T06:52:09.5248244Z ^[[36;1m# notice naming the timeout, because a genuinely run-less push^[[0m
mutation-autofix	UNKNOWN STEP	2026-10-09T06:52:09.5248588Z ^[[36;1m# is legitimate (nothing-staged paths exit before token_push).^[[0m
mutation-autofix	UNKNOWN STEP	2026-10-09T06:52:09.5248877Z ^[[36;1msha_held() {^[[0m
mutation-autofix	UNKNOWN STEP	2026-10-09T06:52:09.5249113Z ^[[36;1m  curl -fsS -H @"$tok_h" -H "$ACCEPT" \^[[0m
mutation-autofix	UNKNOWN STEP	2026-10-09T06:52:09.5249715Z ^[[36;1m    "$API/repos/$REPO/actions/runs?branch=$HEAD_REF&status=action_required&per_page=100" \^[[0m
mutation-autofix	UNKNOWN STEP	2026-10-09T06:52:09.5250073Z ^[[36;1m    | python3 -I -c 'import sys,json^[[0m
mutation-autofix	UNKNOWN STEP	2026-10-09T06:52:09.5250383Z ^[[36;1mfor r in json.load(sys.stdin).get("workflow_runs", []):^[[0m
mutation-autofix	UNKNOWN STEP	2026-10-09T06:52:09.5250679Z ^[[36;1m    if r["head_sha"] == sys.argv[1]:^[[0m
mutation-autofix	UNKNOWN STEP	2026-10-09T06:52:09.5250945Z ^[[36;1m        print(r["id"])' "$PUSH_SHA"^[[0m
mutation-autofix	UNKNOWN STEP	2026-10-09T06:52:09.5251186Z ^[[36;1m}^[[0m
mutation-autofix	UNKNOWN STEP	2026-10-09T06:52:09.5251372Z ^[[36;1mwaited=0^[[0m
mutation-autofix	UNKNOWN STEP	2026-10-09T06:52:09.5251578Z ^[[36;1mhits=$(sha_held)^[[0m
mutation-autofix	UNKNOWN STEP	2026-10-09T06:52:09.5251826Z ^[[36;1mwhile [ -z "$hits" ] && [ "$waited" -lt 60 ]; do^[[0m
mutation-autofix	UNKNOWN STEP	2026-10-09T06:52:09.5252088Z ^[[36;1m  sleep 5^[[0m
mutation-autofix	UNKNOWN STEP	2026-10-09T06:52:09.5252302Z ^[[36;1m  waited=$((waited + 5))^[[0m
mutation-autofix	UNKNOWN STEP	2026-10-09T06:52:09.5252537Z ^[[36;1m  hits=$(sha_held)^[[0m
mutation-autofix	UNKNOWN STEP	2026-10-09T06:52:09.5252754Z ^[[36;1mdone^[[0m
mutation-autofix	UNKNOWN STEP	2026-10-09T06:52:09.5253148Z ^[[36;1m[ -n "$hits" ] || echo "::notice::no action_required run at $PUSH_SHA appeared within ${waited}s of the push; printing the after-state (fail-soft)"^[[0m
mutation-autofix	UNKNOWN STEP	2026-10-09T06:52:09.5253572Z ^[[36;1mheld_ids() {^[[0m
mutation-autofix	UNKNOWN STEP	2026-10-09T06:52:09.5253804Z ^[[36;1m  curl -fsS -H @"$tok_h" -H "$ACCEPT" \^[[0m
mutation-autofix	UNKNOWN STEP	2026-10-09T06:52:09.5254175Z ^[[36;1m    "$API/repos/$REPO/actions/runs?branch=$HEAD_REF&status=action_required&per_page=100" \^[[0m
mutation-autofix	UNKNOWN STEP	2026-10-09T06:52:09.5254529Z ^[[36;1m    | python3 -I -c 'import sys,json^[[0m
mutation-autofix	UNKNOWN STEP	2026-10-09T06:52:09.5254834Z ^[[36;1mfor r in json.load(sys.stdin).get("workflow_runs", []):^[[0m
mutation-autofix	UNKNOWN STEP	2026-10-09T06:52:09.5255124Z ^[[36;1m    print(r["id"], r["name"])'^[[0m
mutation-autofix	UNKNOWN STEP	2026-10-09T06:52:09.5255362Z ^[[36;1m}^[[0m
mutation-autofix	UNKNOWN STEP	2026-10-09T06:52:09.5255559Z ^[[36;1mheld=$(held_ids) || {^[[0m
mutation-autofix	UNKNOWN STEP	2026-10-09T06:52:09.5255908Z ^[[36;1m  echo "::warning::listing action_required runs on $HEAD_REF failed; nothing approved (fail-soft)"^[[0m
mutation-autofix	UNKNOWN STEP	2026-10-09T06:52:09.5256254Z ^[[36;1m  exit 0^[[0m
mutation-autofix	UNKNOWN STEP	2026-10-09T06:52:09.5256452Z ^[[36;1m}^[[0m
mutation-autofix	UNKNOWN STEP	2026-10-09T06:52:09.5256643Z ^[[36;1mapproved=0^[[0m
mutation-autofix	UNKNOWN STEP	2026-10-09T06:52:09.5256864Z ^[[36;1mwhile read -r id name; do^[[0m
mutation-autofix	UNKNOWN STEP	2026-10-09T06:52:09.5257112Z ^[[36;1m  [ -n "$id" ] || continue^[[0m
mutation-autofix	UNKNOWN STEP	2026-10-09T06:52:09.5257462Z ^[[36;1m  if curl -fsS -X POST -H @"$tok_h" -H "$ACCEPT" "$API/repos/$REPO/actions/runs/$id/approve"; then^[[0m
mutation-autofix	UNKNOWN STEP	2026-10-09T06:52:09.5257816Z ^[[36;1m    echo "approved run $id ($name)"^[[0m
mutation-autofix	UNKNOWN STEP	2026-10-09T06:52:09.5258185Z ^[[36;1m    approved=$((approved + 1))^[[0m
mutation-autofix	UNKNOWN STEP	2026-10-09T06:52:09.5258423Z ^[[36;1m  else^[[0m
mutation-autofix	UNKNOWN STEP	2026-10-09T06:52:09.5258735Z ^[[36;1m    echo "::warning::approving run $id ($name) was refused; it stays action_required (fail-soft)"^[[0m
mutation-autofix	UNKNOWN STEP	2026-10-09T06:52:09.5259068Z ^[[36;1m  fi^[[0m
mutation-autofix	UNKNOWN STEP	2026-10-09T06:52:09.5259465Z ^[[36;1mdone <<< "$held"^[[0m
mutation-autofix	UNKNOWN STEP	2026-10-09T06:52:09.5259676Z ^[[36;1m{^[[0m
mutation-autofix	UNKNOWN STEP	2026-10-09T06:52:09.5259903Z ^[[36;1m  echo "### mutation-autofix: approve held runs"^[[0m
mutation-autofix	UNKNOWN STEP	2026-10-09T06:52:09.5260166Z ^[[36;1m  echo^[[0m
mutation-autofix	UNKNOWN STEP	2026-10-09T06:52:09.5260365Z ^[[36;1m  echo '```'^[[0m
mutation-autofix	UNKNOWN STEP	2026-10-09T06:52:09.5260753Z ^[[36;1m  echo "$approved run(s) on $HEAD_REF approved by the Actions-only App"^[[0m
mutation-autofix	UNKNOWN STEP	2026-10-09T06:52:09.5261144Z ^[[36;1m  echo "after-state: $(held_ids | wc -l | tr -d ' ') run(s) still action_required"^[[0m
mutation-autofix	UNKNOWN STEP	2026-10-09T06:52:09.5261476Z ^[[36;1m  held_ids | sed 's/^/  still held: /'^[[0m
mutation-autofix	UNKNOWN STEP	2026-10-09T06:52:09.5261728Z ^[[36;1m  echo '```'^[[0m
mutation-autofix	UNKNOWN STEP	2026-10-09T06:52:09.5261946Z ^[[36;1m} >> "$GITHUB_STEP_SUMMARY"^[[0m
mutation-autofix	UNKNOWN STEP	2026-10-09T06:52:09.5315981Z shell: /usr/bin/bash -e {0}
mutation-autofix	UNKNOWN STEP	2026-10-09T06:52:09.5316208Z env:
mutation-autofix	UNKNOWN STEP	2026-10-09T06:52:09.5316454Z   pythonLocation: /opt/hostedtoolcache/Python/3.13.16/x64
mutation-autofix	UNKNOWN STEP	2026-10-09T06:52:09.5316806Z   PKG_CONFIG_PATH: /opt/hostedtoolcache/Python/3.13.16/x64/lib/pkgconfig
mutation-autofix	UNKNOWN STEP	2026-10-09T06:52:09.5317140Z   Python_ROOT_DIR: /opt/hostedtoolcache/Python/3.13.16/x64
mutation-autofix	UNKNOWN STEP	2026-10-09T06:52:09.5317456Z   Python2_ROOT_DIR: /opt/hostedtoolcache/Python/3.13.16/x64
mutation-autofix	UNKNOWN STEP	2026-10-09T06:52:09.5317772Z   Python3_ROOT_DIR: /opt/hostedtoolcache/Python/3.13.16/x64
mutation-autofix	UNKNOWN STEP	2026-10-09T06:52:09.5318095Z   LD_LIBRARY_PATH: /opt/hostedtoolcache/Python/3.13.16/x64/lib
mutation-autofix	UNKNOWN STEP	2026-10-09T06:52:09.5318383Z   REPO: tvofi/heatpump_optimizer
mutation-autofix	UNKNOWN STEP	2026-10-09T06:52:09.5318627Z   HEAD_REF: fix/early-cutoff-pr
mutation-autofix	UNKNOWN STEP	2026-10-09T06:52:09.5318884Z   PUSH_SHA: a9ba0b8874092db8780f93fa290b282b5ce200b5
mutation-autofix	UNKNOWN STEP	2026-10-09T06:52:09.5322947Z   RUNS_PEM: ***
mutation-autofix	UNKNOWN STEP	2026-10-09T06:52:09.5323159Z   RUNS_APPID: ***
mutation-autofix	UNKNOWN STEP	2026-10-09T06:52:09.5323368Z ##[endgroup]
mutation-autofix	UNKNOWN STEP	2026-10-09T06:53:13.8777766Z ##[notice]no action_required run at a9ba0b8874092db8780f93fa290b282b5ce200b5 appeared within 60s of the push; printing the after-state (fail-soft)
mutation-autofix	UNKNOWN STEP	2026-10-09T06:53:15.0070628Z ##[group]Run python3 -I "$RUNNER_TEMP/pinned/closure.py" autofix-report --job mutation-autofix \
mutation-autofix	UNKNOWN STEP	2026-10-09T06:53:15.0071113Z ^[[36;1mpython3 -I "$RUNNER_TEMP/pinned/closure.py" autofix-report --job mutation-autofix \^[[0m
mutation-autofix	UNKNOWN STEP	2026-10-09T06:53:15.0071442Z ^[[36;1m  --status "changed"^[[0m
mutation-autofix	UNKNOWN STEP	2026-10-09T06:53:15.0125126Z shell: /usr/bin/bash -e {0}
mutation-autofix	UNKNOWN STEP	2026-10-09T06:53:15.0125345Z env:
mutation-autofix	UNKNOWN STEP	2026-10-09T06:53:15.0125579Z   pythonLocation: /opt/hostedtoolcache/Python/3.13.16/x64
mutation-autofix	UNKNOWN STEP	2026-10-09T06:53:15.0125919Z   PKG_CONFIG_PATH: /opt/hostedtoolcache/Python/3.13.16/x64/lib/pkgconfig
mutation-autofix	UNKNOWN STEP	2026-10-09T06:53:15.0126251Z   Python_ROOT_DIR: /opt/hostedtoolcache/Python/3.13.16/x64
mutation-autofix	UNKNOWN STEP	2026-10-09T06:53:15.0126557Z   Python2_ROOT_DIR: /opt/hostedtoolcache/Python/3.13.16/x64
mutation-autofix	UNKNOWN STEP	2026-10-09T06:53:15.0126864Z   Python3_ROOT_DIR: /opt/hostedtoolcache/Python/3.13.16/x64
mutation-autofix	UNKNOWN STEP	2026-10-09T06:53:15.0127188Z   LD_LIBRARY_PATH: /opt/hostedtoolcache/Python/3.13.16/x64/lib
mutation-autofix	UNKNOWN STEP	2026-10-09T06:53:15.0127457Z ##[endgroup]
mutation-autofix	UNKNOWN STEP	2026-10-09T06:53:15.0677112Z mutation-autofix: changed -- nothing owed to a human.
mutation-autofix	UNKNOWN STEP	2026-10-09T06:53:15.0825394Z Post job cleanup.
mutation-autofix	UNKNOWN STEP	2026-10-09T06:53:15.2065290Z Post job cleanup.
mutation-autofix	UNKNOWN STEP	2026-10-09T06:53:15.2930479Z [command]/usr/bin/git version
mutation-autofix	UNKNOWN STEP	2026-10-09T06:53:15.2956545Z git version 2.55.0
mutation-autofix	UNKNOWN STEP	2026-10-09T06:53:15.2986035Z Temporarily overriding HOME='/home/runner/work/_temp/1cfaa5ca-71a0-4044-8158-afbbe02fdaa2' before making global git config changes
mutation-autofix	UNKNOWN STEP	2026-10-09T06:53:15.2986918Z Adding repository directory to the temporary git global config as a safe directory
mutation-autofix	UNKNOWN STEP	2026-10-09T06:53:15.3010110Z [command]/usr/bin/git config --global --add safe.directory /home/runner/work/heatpump_optimizer/heatpump_optimizer
mutation-autofix	UNKNOWN STEP	2026-10-09T06:53:15.3080520Z [command]/usr/bin/git config --local --name-only --get-regexp core\.sshCommand
mutation-autofix	UNKNOWN STEP	2026-10-09T06:53:15.3112333Z [command]/usr/bin/git submodule foreach --recursive sh -c "git config --local --name-only --get-regexp 'core\.sshCommand' && git config --local --unset-all 'core.sshCommand' || :"
mutation-autofix	UNKNOWN STEP	2026-10-09T06:53:15.3346248Z [command]/usr/bin/git config --local --name-only --get-regexp http\.https\:\/\/github\.com\/\.extraheader
mutation-autofix	UNKNOWN STEP	2026-10-09T06:53:15.3393343Z [command]/usr/bin/git submodule foreach --recursive sh -c "git config --local --name-only --get-regexp 'http\.https\:\/\/github\.com\/\.extraheader' && git config --local --unset-all 'http.https://github.com/.extraheader' || :"
mutation-autofix	UNKNOWN STEP	2026-10-09T06:53:15.3594855Z [command]/usr/bin/git config --local --name-only --get-regexp ^includeIf\.gitdir:
mutation-autofix	UNKNOWN STEP	2026-10-09T06:53:15.3633760Z [command]/usr/bin/git submodule foreach --recursive git config --local --show-origin --name-only --get-regexp remote.origin.url
mutation-autofix	UNKNOWN STEP	2026-10-09T06:53:15.3969705Z Cleaning up orphan processes
